ISO-10303-21;
HEADER;
/* Generated by software containing ST-Developer
 * from STEP Tools, Inc. (www.steptools.com) 
 */

FILE_DESCRIPTION(
/* description */ ('',
'CAx-IF Rec.Pracs.---Representation and Presentation of Product Manufa
cturing Information (PMI)---4.0---2014-10-13'),
/* implementation_level */ '2;1');

FILE_NAME(
/* name */ 'top case.step',
/* time_stamp */ '2024-12-29T17:18:40-05:00',
/* author */ (''),
/* organization */ (''),
/* preprocessor_version */ 'ST-DEVELOPER v20',
/* originating_system */ 'Autodesk Translation Framework v13.20.0.188',

/* authorisation */ '');

FILE_SCHEMA (('AP242_MANAGED_MODEL_BASED_3D_ENGINEERING_MIM_LF { 1 0 10303 442 1 1 4 }'));
ENDSEC;

DATA;
#10=MECHANICAL_DESIGN_GEOMETRIC_PRESENTATION_REPRESENTATION('',(#13),#5271);
#11=SHAPE_REPRESENTATION_RELATIONSHIP('SRR','None',#5277,#12);
#12=ADVANCED_BREP_SHAPE_REPRESENTATION('',(#14),#5270);
#13=STYLED_ITEM('',(#5287),#14);
#14=MANIFOLD_SOLID_BREP('top case',#3016);
#15=FACE_BOUND('',#494,.T.);
#16=FACE_BOUND('',#495,.T.);
#17=FACE_BOUND('',#496,.T.);
#18=FACE_BOUND('',#497,.T.);
#19=FACE_BOUND('',#498,.T.);
#20=FACE_BOUND('',#499,.T.);
#21=FACE_BOUND('',#500,.T.);
#22=FACE_BOUND('',#501,.T.);
#23=FACE_BOUND('',#502,.T.);
#24=FACE_BOUND('',#503,.T.);
#25=FACE_BOUND('',#504,.T.);
#26=FACE_BOUND('',#505,.T.);
#27=FACE_BOUND('',#506,.T.);
#28=FACE_BOUND('',#507,.T.);
#29=FACE_BOUND('',#508,.T.);
#30=FACE_BOUND('',#509,.T.);
#31=FACE_BOUND('',#510,.T.);
#32=FACE_BOUND('',#511,.T.);
#33=FACE_BOUND('',#512,.T.);
#34=FACE_BOUND('',#513,.T.);
#35=FACE_BOUND('',#514,.T.);
#36=FACE_BOUND('',#517,.T.);
#37=FACE_BOUND('',#518,.T.);
#38=FACE_BOUND('',#519,.T.);
#39=FACE_BOUND('',#520,.T.);
#40=FACE_BOUND('',#521,.T.);
#41=CONICAL_SURFACE('',#3034,2.7,0.785398163397457);
#42=CONICAL_SURFACE('',#3037,2.7,0.785398163397445);
#43=CONICAL_SURFACE('',#3040,2.7,0.785398163397455);
#44=CONICAL_SURFACE('',#3044,2.7,0.785398163397456);
#45=CONICAL_SURFACE('',#3095,8.8,0.785398163397448);
#46=CONICAL_SURFACE('',#3131,1.8,0.785398163397445);
#47=CONICAL_SURFACE('',#3134,1.8,0.785398163397448);
#48=CONICAL_SURFACE('',#3137,0.450000000000001,0.785398163397447);
#49=CONICAL_SURFACE('',#3140,0.450000000000001,0.785398163397447);
#50=CONICAL_SURFACE('',#3143,1.8,0.785398163397447);
#51=CONICAL_SURFACE('',#3146,1.80000000000001,0.785398163397467);
#52=CONICAL_SURFACE('',#3149,1.8,0.785398163397444);
#53=CONICAL_SURFACE('',#3152,0.450000000000002,0.785398163397445);
#54=CONICAL_SURFACE('',#3155,1.8,0.785398163397446);
#55=CONICAL_SURFACE('',#3158,0.450000000000002,0.785398163397445);
#56=CONICAL_SURFACE('',#3161,1.8,0.785398163397445);
#57=CONICAL_SURFACE('',#3164,1.8,0.78539816339745);
#58=CONICAL_SURFACE('',#3167,0.449999999999999,0.785398163397449);
#59=CONICAL_SURFACE('',#3170,1.8,0.785398163397449);
#60=CONICAL_SURFACE('',#3187,0.449999999999998,0.785398163397451);
#61=CONICAL_SURFACE('',#3190,1.8,0.78539816339745);
#62=CONICAL_SURFACE('',#3193,1.8,0.785398163397445);
#63=CONICAL_SURFACE('',#3196,0.450000000000003,0.785398163397442);
#64=CONICAL_SURFACE('',#3199,1.8,0.785398163397447);
#65=CONICAL_SURFACE('',#3202,0.450000000000002,0.785398163397445);
#66=CONICAL_SURFACE('',#3205,1.8,0.785398163397444);
#67=CONICAL_SURFACE('',#3208,1.8,0.785398163397451);
#68=CONICAL_SURFACE('',#3211,1.8,0.785398163397448);
#69=CONICAL_SURFACE('',#3214,0.450000000000004,0.785398163397441);
#70=CONICAL_SURFACE('',#3217,0.449999999999998,0.785398163397452);
#71=CONICAL_SURFACE('',#3220,1.8,0.785398163397448);
#72=CONICAL_SURFACE('',#3223,1.8,0.785398163397445);
#73=CONICAL_SURFACE('',#3226,1.8,0.785398163397449);
#74=CIRCLE('',#3028,3.);
#75=CIRCLE('',#3031,3.);
#76=CIRCLE('',#3035,2.39999999999999);
#77=CIRCLE('',#3038,2.4);
#78=CIRCLE('',#3041,3.);
#79=CIRCLE('',#3042,2.39999999999999);
#80=CIRCLE('',#3045,3.);
#81=CIRCLE('',#3046,2.39999999999999);
#82=CIRCLE('',#3048,1.5);
#83=CIRCLE('',#3049,1.5);
#84=CIRCLE('',#3050,0.75);
#85=CIRCLE('',#3051,0.75);
#86=CIRCLE('',#3052,1.5);
#87=CIRCLE('',#3053,1.5);
#88=CIRCLE('',#3054,1.5);
#89=CIRCLE('',#3055,0.75);
#90=CIRCLE('',#3056,1.5);
#91=CIRCLE('',#3057,0.75);
#92=CIRCLE('',#3058,1.5);
#93=CIRCLE('',#3059,1.5);
#94=CIRCLE('',#3060,0.75);
#95=CIRCLE('',#3061,1.5);
#96=CIRCLE('',#3062,1.5);
#97=CIRCLE('',#3063,1.5);
#98=CIRCLE('',#3064,8.5);
#99=CIRCLE('',#3065,0.75);
#100=CIRCLE('',#3066,1.5);
#101=CIRCLE('',#3067,1.5);
#102=CIRCLE('',#3068,1.5);
#103=CIRCLE('',#3069,0.75);
#104=CIRCLE('',#3070,1.5);
#105=CIRCLE('',#3071,1.5);
#106=CIRCLE('',#3072,0.75);
#107=CIRCLE('',#3073,1.5);
#108=CIRCLE('',#3074,0.75);
#109=CIRCLE('',#3075,1.5);
#110=CIRCLE('',#3076,1.5);
#111=CIRCLE('',#3077,1.5);
#112=CIRCLE('',#3078,0.75);
#113=CIRCLE('',#3079,0.8115);
#114=CIRCLE('',#3080,0.8115);
#115=CIRCLE('',#3081,0.8115);
#116=CIRCLE('',#3082,0.8115);
#117=CIRCLE('',#3083,0.8115);
#118=CIRCLE('',#3084,0.8115);
#119=CIRCLE('',#3085,0.8115);
#120=CIRCLE('',#3086,0.8115);
#121=CIRCLE('',#3087,0.8115);
#122=CIRCLE('',#3088,0.8115);
#123=CIRCLE('',#3089,0.8115);
#124=CIRCLE('',#3090,0.8115);
#125=CIRCLE('',#3091,0.8115);
#126=CIRCLE('',#3092,0.8115);
#127=CIRCLE('',#3093,0.8115);
#128=CIRCLE('',#3094,0.8115);
#129=CIRCLE('',#3096,9.1);
#130=CIRCLE('',#3097,8.5);
#131=CIRCLE('',#3099,2.1);
#132=CIRCLE('',#3100,2.1);
#133=CIRCLE('',#3101,0.150000000000001);
#134=CIRCLE('',#3102,0.150000000000001);
#135=CIRCLE('',#3103,2.1);
#136=CIRCLE('',#3104,2.10000000000002);
#137=CIRCLE('',#3105,2.1);
#138=CIRCLE('',#3106,0.150000000000003);
#139=CIRCLE('',#3107,2.1);
#140=CIRCLE('',#3108,0.150000000000004);
#141=CIRCLE('',#3109,2.1);
#142=CIRCLE('',#3110,2.1);
#143=CIRCLE('',#3111,0.149999999999998);
#144=CIRCLE('',#3112,2.1);
#145=CIRCLE('',#3113,1.5);
#146=CIRCLE('',#3114,1.5);
#147=CIRCLE('',#3115,0.149999999999996);
#148=CIRCLE('',#3116,2.1);
#149=CIRCLE('',#3117,2.1);
#150=CIRCLE('',#3118,0.150000000000007);
#151=CIRCLE('',#3119,2.1);
#152=CIRCLE('',#3120,0.150000000000003);
#153=CIRCLE('',#3121,2.1);
#154=CIRCLE('',#3122,2.1);
#155=CIRCLE('',#3123,2.1);
#156=CIRCLE('',#3124,0.150000000000008);
#157=CIRCLE('',#3125,0.149999999999995);
#158=CIRCLE('',#3126,2.1);
#159=CIRCLE('',#3127,2.1);
#160=CIRCLE('',#3128,2.1);
#161=CIRCLE('',#3132,1.5);
#162=CIRCLE('',#3135,1.5);
#163=CIRCLE('',#3138,0.75);
#164=CIRCLE('',#3141,0.75);
#165=CIRCLE('',#3144,1.5);
#166=CIRCLE('',#3147,1.5);
#167=CIRCLE('',#3150,1.5);
#168=CIRCLE('',#3153,0.75);
#169=CIRCLE('',#3156,1.5);
#170=CIRCLE('',#3159,0.75);
#171=CIRCLE('',#3162,1.5);
#172=CIRCLE('',#3165,1.5);
#173=CIRCLE('',#3168,0.75);
#174=CIRCLE('',#3171,1.5);
#175=CIRCLE('',#3188,0.75);
#176=CIRCLE('',#3191,1.5);
#177=CIRCLE('',#3194,1.5);
#178=CIRCLE('',#3197,0.75);
#179=CIRCLE('',#3200,1.5);
#180=CIRCLE('',#3203,0.75);
#181=CIRCLE('',#3206,1.5);
#182=CIRCLE('',#3209,1.5);
#183=CIRCLE('',#3212,1.5);
#184=CIRCLE('',#3215,0.75);
#185=CIRCLE('',#3218,0.75);
#186=CIRCLE('',#3221,1.5);
#187=CIRCLE('',#3224,1.5);
#188=CIRCLE('',#3227,1.5);
#189=CIRCLE('',#3265,0.8115);
#190=CIRCLE('',#3268,0.8115);
#191=CIRCLE('',#3271,0.8115);
#192=CIRCLE('',#3274,0.8115);
#193=CIRCLE('',#3277,0.8115);
#194=CIRCLE('',#3280,0.8115);
#195=CIRCLE('',#3283,0.8115);
#196=CIRCLE('',#3286,0.8115);
#197=CIRCLE('',#3289,0.8115);
#198=CIRCLE('',#3292,0.8115);
#199=CIRCLE('',#3295,0.8115);
#200=CIRCLE('',#3298,0.8115);
#201=CIRCLE('',#3301,0.8115);
#202=CIRCLE('',#3304,0.8115);
#203=CIRCLE('',#3307,0.8115);
#204=CIRCLE('',#3310,0.8115);
#205=CYLINDRICAL_SURFACE('',#3027,3.);
#206=CYLINDRICAL_SURFACE('',#3030,3.);
#207=CYLINDRICAL_SURFACE('',#3129,8.5);
#208=CYLINDRICAL_SURFACE('',#3172,1.5);
#209=CYLINDRICAL_SURFACE('',#3174,1.5);
#210=CYLINDRICAL_SURFACE('',#3176,1.5);
#211=CYLINDRICAL_SURFACE('',#3178,0.75);
#212=CYLINDRICAL_SURFACE('',#3180,0.75);
#213=CYLINDRICAL_SURFACE('',#3182,1.5);
#214=CYLINDRICAL_SURFACE('',#3184,1.5);
#215=CYLINDRICAL_SURFACE('',#3228,1.5);
#216=CYLINDRICAL_SURFACE('',#3230,0.75);
#217=CYLINDRICAL_SURFACE('',#3232,1.5);
#218=CYLINDRICAL_SURFACE('',#3234,0.75);
#219=CYLINDRICAL_SURFACE('',#3236,1.5);
#220=CYLINDRICAL_SURFACE('',#3238,1.5);
#221=CYLINDRICAL_SURFACE('',#3240,0.75);
#222=CYLINDRICAL_SURFACE('',#3243,1.5);
#223=CYLINDRICAL_SURFACE('',#3245,1.5);
#224=CYLINDRICAL_SURFACE('',#3247,1.5);
#225=CYLINDRICAL_SURFACE('',#3249,1.5);
#226=CYLINDRICAL_SURFACE('',#3251,1.5);
#227=CYLINDRICAL_SURFACE('',#3253,1.5);
#228=CYLINDRICAL_SURFACE('',#3256,1.5);
#229=CYLINDRICAL_SURFACE('',#3257,1.5);
#230=CYLINDRICAL_SURFACE('',#3259,1.5);
#231=CYLINDRICAL_SURFACE('',#3260,3.);
#232=CYLINDRICAL_SURFACE('',#3261,3.);
#233=CYLINDRICAL_SURFACE('',#3264,0.8115);
#234=CYLINDRICAL_SURFACE('',#3267,0.8115);
#235=CYLINDRICAL_SURFACE('',#3270,0.8115);
#236=CYLINDRICAL_SURFACE('',#3273,0.8115);
#237=CYLINDRICAL_SURFACE('',#3276,0.8115);
#238=CYLINDRICAL_SURFACE('',#3279,0.8115);
#239=CYLINDRICAL_SURFACE('',#3282,0.8115);
#240=CYLINDRICAL_SURFACE('',#3285,0.8115);
#241=CYLINDRICAL_SURFACE('',#3288,0.8115);
#242=CYLINDRICAL_SURFACE('',#3291,0.8115);
#243=CYLINDRICAL_SURFACE('',#3294,0.8115);
#244=CYLINDRICAL_SURFACE('',#3297,0.8115);
#245=CYLINDRICAL_SURFACE('',#3300,0.8115);
#246=CYLINDRICAL_SURFACE('',#3303,0.8115);
#247=CYLINDRICAL_SURFACE('',#3306,0.8115);
#248=CYLINDRICAL_SURFACE('',#3309,0.8115);
#249=CYLINDRICAL_SURFACE('',#3312,0.75);
#250=CYLINDRICAL_SURFACE('',#3314,0.75);
#251=CYLINDRICAL_SURFACE('',#3315,0.75);
#252=CYLINDRICAL_SURFACE('',#3317,0.75);
#253=CYLINDRICAL_SURFACE('',#3319,0.75);
#254=CYLINDRICAL_SURFACE('',#3321,1.5);
#255=CYLINDRICAL_SURFACE('',#3322,1.5);
#256=B_SPLINE_CURVE_WITH_KNOTS('',3,(#4261,#4262,#4263,#4264,#4265),
 .UNSPECIFIED.,.F.,.F.,(4,1,4),(-1.53019518021436,-0.655797934377584,-7.40592772351219E-16),
 .UNSPECIFIED.);
#257=B_SPLINE_CURVE_WITH_KNOTS('',3,(#4268,#4269,#4270,#4271,#4272),
 .UNSPECIFIED.,.F.,.F.,(4,1,4),(7.40592772351219E-16,0.655797934377584,
1.53019518021436),.UNSPECIFIED.);
#258=B_SPLINE_CURVE_WITH_KNOTS('',3,(#4302,#4303,#4304,#4305,#4306),
 .UNSPECIFIED.,.F.,.F.,(4,1,4),(-1.53019518021436,-0.874397245836777,2.67050029751228E-15),
 .UNSPECIFIED.);
#259=B_SPLINE_CURVE_WITH_KNOTS('',3,(#4307,#4308,#4309,#4310,#4311),
 .UNSPECIFIED.,.F.,.F.,(4,1,4),(-2.67050029751228E-15,0.874397245836777,
1.53019518021436),.UNSPECIFIED.);
#260=B_SPLINE_CURVE_WITH_KNOTS('',3,(#4328,#4329,#4330,#4331),
 .UNSPECIFIED.,.F.,.F.,(4,4),(1.53019518021453,1.5707963267949),
 .UNSPECIFIED.);
#261=B_SPLINE_CURVE_WITH_KNOTS('',3,(#4332,#4333,#4334,#4335),
 .UNSPECIFIED.,.F.,.F.,(4,4),(-1.5707963267949,-1.53019518021453),
 .UNSPECIFIED.);
#262=B_SPLINE_CURVE_WITH_KNOTS('',3,(#4373,#4374,#4375,#4376),
 .UNSPECIFIED.,.F.,.F.,(4,4),(-1.5707963267949,-1.53019518021453),
 .UNSPECIFIED.);
#263=B_SPLINE_CURVE_WITH_KNOTS('',3,(#4377,#4378,#4379,#4380),
 .UNSPECIFIED.,.F.,.F.,(4,4),(1.53019518021453,1.5707963267949),
 .UNSPECIFIED.);
#264=B_SPLINE_CURVE_WITH_KNOTS('',3,(#4405,#4406,#4407,#4408,#4409),
 .UNSPECIFIED.,.F.,.F.,(4,1,4),(-1.53019518021437,-0.874397245836784,-6.14936567620853E-15),
 .UNSPECIFIED.);
#265=B_SPLINE_CURVE_WITH_KNOTS('',3,(#4412,#4413,#4414,#4415,#4416),
 .UNSPECIFIED.,.F.,.F.,(4,1,4),(6.14936567620853E-15,0.874397245836784,
1.53019518021437),.UNSPECIFIED.);
#266=B_SPLINE_CURVE_WITH_KNOTS('',3,(#4446,#4447,#4448,#4449,#4450),
 .UNSPECIFIED.,.F.,.F.,(4,1,4),(-1.53019518021436,-0.874397245836781,-3.5527136788005E-15),
 .UNSPECIFIED.);
#267=B_SPLINE_CURVE_WITH_KNOTS('',3,(#4451,#4452,#4453,#4454,#4455),
 .UNSPECIFIED.,.F.,.F.,(4,1,4),(3.5527136788005E-15,0.874397245836781,1.53019518021436),
 .UNSPECIFIED.);
#268=B_SPLINE_CURVE_WITH_KNOTS('',3,(#4472,#4473,#4474,#4475),
 .UNSPECIFIED.,.F.,.F.,(4,4),(1.53019518021453,1.57079632679489),
 .UNSPECIFIED.);
#269=B_SPLINE_CURVE_WITH_KNOTS('',3,(#4476,#4477,#4478,#4479),
 .UNSPECIFIED.,.F.,.F.,(4,4),(-1.57079632679489,-1.53019518021453),
 .UNSPECIFIED.);
#270=B_SPLINE_CURVE_WITH_KNOTS('',3,(#4496,#4497,#4498,#4499),
 .UNSPECIFIED.,.F.,.F.,(4,4),(-1.5707963267949,-1.53019518021454),
 .UNSPECIFIED.);
#271=B_SPLINE_CURVE_WITH_KNOTS('',3,(#4500,#4501,#4502,#4503),
 .UNSPECIFIED.,.F.,.F.,(4,4),(1.53019518021454,1.5707963267949),
 .UNSPECIFIED.);
#272=B_SPLINE_SURFACE_WITH_KNOTS('',3,3,((#4237,#4238,#4239,#4240,#4241),
(#4242,#4243,#4244,#4245,#4246),(#4247,#4248,#4249,#4250,#4251),(#4252,
#4253,#4254,#4255,#4256)),.UNSPECIFIED.,.F.,.F.,.F.,(4,4),(4,1,4),(0.,1.),
(7.40592772351219E-16,0.655797934377584,1.53019518021436),.UNSPECIFIED.);
#273=B_SPLINE_SURFACE_WITH_KNOTS('',3,3,((#4279,#4280,#4281,#4282,#4283),
(#4284,#4285,#4286,#4287,#4288),(#4289,#4290,#4291,#4292,#4293),(#4294,
#4295,#4296,#4297,#4298)),.UNSPECIFIED.,.F.,.F.,.F.,(4,4),(4,1,4),(0.,1.),
(-1.53019518021436,-0.874397245836777,2.67050029751228E-15),
 .UNSPECIFIED.);
#274=B_SPLINE_SURFACE_WITH_KNOTS('',3,3,((#4312,#4313,#4314,#4315),(#4316,
#4317,#4318,#4319),(#4320,#4321,#4322,#4323),(#4324,#4325,#4326,#4327)),
 .UNSPECIFIED.,.F.,.F.,.F.,(4,4),(4,4),(0.,1.),(-1.5707963267949,-1.53019518021453),
 .UNSPECIFIED.);
#275=B_SPLINE_SURFACE_WITH_KNOTS('',3,3,((#4357,#4358,#4359,#4360),(#4361,
#4362,#4363,#4364),(#4365,#4366,#4367,#4368),(#4369,#4370,#4371,#4372)),
 .UNSPECIFIED.,.F.,.F.,.F.,(4,4),(4,4),(0.,1.),(1.53019518021453,1.5707963267949),
 .UNSPECIFIED.);
#276=B_SPLINE_SURFACE_WITH_KNOTS('',3,3,((#4381,#4382,#4383,#4384,#4385),
(#4386,#4387,#4388,#4389,#4390),(#4391,#4392,#4393,#4394,#4395),(#4396,
#4397,#4398,#4399,#4400)),.UNSPECIFIED.,.F.,.F.,.F.,(4,4),(4,1,4),(0.,1.),
(6.14936567620853E-15,0.874397245836784,1.53019518021437),.UNSPECIFIED.);
#277=B_SPLINE_SURFACE_WITH_KNOTS('',3,3,((#4423,#4424,#4425,#4426,#4427),
(#4428,#4429,#4430,#4431,#4432),(#4433,#4434,#4435,#4436,#4437),(#4438,
#4439,#4440,#4441,#4442)),.UNSPECIFIED.,.F.,.F.,.F.,(4,4),(4,1,4),(0.,1.),
(-1.53019518021436,-0.874397245836781,-3.5527136788005E-15),
 .UNSPECIFIED.);
#278=B_SPLINE_SURFACE_WITH_KNOTS('',3,3,((#4456,#4457,#4458,#4459),(#4460,
#4461,#4462,#4463),(#4464,#4465,#4466,#4467),(#4468,#4469,#4470,#4471)),
 .UNSPECIFIED.,.F.,.F.,.F.,(4,4),(4,4),(0.,1.),(-1.57079632679489,-1.53019518021453),
 .UNSPECIFIED.);
#279=B_SPLINE_SURFACE_WITH_KNOTS('',3,3,((#4480,#4481,#4482,#4483),(#4484,
#4485,#4486,#4487),(#4488,#4489,#4490,#4491),(#4492,#4493,#4494,#4495)),
 .UNSPECIFIED.,.F.,.F.,.F.,(4,4),(4,4),(0.,1.),(1.53019518021454,1.5707963267949),
 .UNSPECIFIED.);
#280=FACE_OUTER_BOUND('',#464,.T.);
#281=FACE_OUTER_BOUND('',#465,.T.);
#282=FACE_OUTER_BOUND('',#466,.T.);
#283=FACE_OUTER_BOUND('',#467,.T.);
#284=FACE_OUTER_BOUND('',#468,.T.);
#285=FACE_OUTER_BOUND('',#469,.T.);
#286=FACE_OUTER_BOUND('',#470,.T.);
#287=FACE_OUTER_BOUND('',#471,.T.);
#288=FACE_OUTER_BOUND('',#472,.T.);
#289=FACE_OUTER_BOUND('',#473,.T.);
#290=FACE_OUTER_BOUND('',#474,.T.);
#291=FACE_OUTER_BOUND('',#475,.T.);
#292=FACE_OUTER_BOUND('',#476,.T.);
#293=FACE_OUTER_BOUND('',#477,.T.);
#294=FACE_OUTER_BOUND('',#478,.T.);
#295=FACE_OUTER_BOUND('',#479,.T.);
#296=FACE_OUTER_BOUND('',#480,.T.);
#297=FACE_OUTER_BOUND('',#481,.T.);
#298=FACE_OUTER_BOUND('',#482,.T.);
#299=FACE_OUTER_BOUND('',#483,.T.);
#300=FACE_OUTER_BOUND('',#484,.T.);
#301=FACE_OUTER_BOUND('',#485,.T.);
#302=FACE_OUTER_BOUND('',#486,.T.);
#303=FACE_OUTER_BOUND('',#487,.T.);
#304=FACE_OUTER_BOUND('',#488,.T.);
#305=FACE_OUTER_BOUND('',#489,.T.);
#306=FACE_OUTER_BOUND('',#490,.T.);
#307=FACE_OUTER_BOUND('',#491,.T.);
#308=FACE_OUTER_BOUND('',#492,.T.);
#309=FACE_OUTER_BOUND('',#493,.T.);
#310=FACE_OUTER_BOUND('',#515,.T.);
#311=FACE_OUTER_BOUND('',#516,.T.);
#312=FACE_OUTER_BOUND('',#522,.T.);
#313=FACE_OUTER_BOUND('',#523,.T.);
#314=FACE_OUTER_BOUND('',#524,.T.);
#315=FACE_OUTER_BOUND('',#525,.T.);
#316=FACE_OUTER_BOUND('',#526,.T.);
#317=FACE_OUTER_BOUND('',#527,.T.);
#318=FACE_OUTER_BOUND('',#528,.T.);
#319=FACE_OUTER_BOUND('',#529,.T.);
#320=FACE_OUTER_BOUND('',#530,.T.);
#321=FACE_OUTER_BOUND('',#531,.T.);
#322=FACE_OUTER_BOUND('',#532,.T.);
#323=FACE_OUTER_BOUND('',#533,.T.);
#324=FACE_OUTER_BOUND('',#534,.T.);
#325=FACE_OUTER_BOUND('',#535,.T.);
#326=FACE_OUTER_BOUND('',#536,.T.);
#327=FACE_OUTER_BOUND('',#537,.T.);
#328=FACE_OUTER_BOUND('',#538,.T.);
#329=FACE_OUTER_BOUND('',#539,.T.);
#330=FACE_OUTER_BOUND('',#540,.T.);
#331=FACE_OUTER_BOUND('',#541,.T.);
#332=FACE_OUTER_BOUND('',#542,.T.);
#333=FACE_OUTER_BOUND('',#543,.T.);
#334=FACE_OUTER_BOUND('',#544,.T.);
#335=FACE_OUTER_BOUND('',#545,.T.);
#336=FACE_OUTER_BOUND('',#546,.T.);
#337=FACE_OUTER_BOUND('',#547,.T.);
#338=FACE_OUTER_BOUND('',#548,.T.);
#339=FACE_OUTER_BOUND('',#549,.T.);
#340=FACE_OUTER_BOUND('',#550,.T.);
#341=FACE_OUTER_BOUND('',#551,.T.);
#342=FACE_OUTER_BOUND('',#552,.T.);
#343=FACE_OUTER_BOUND('',#553,.T.);
#344=FACE_OUTER_BOUND('',#554,.T.);
#345=FACE_OUTER_BOUND('',#555,.T.);
#346=FACE_OUTER_BOUND('',#556,.T.);
#347=FACE_OUTER_BOUND('',#557,.T.);
#348=FACE_OUTER_BOUND('',#558,.T.);
#349=FACE_OUTER_BOUND('',#559,.T.);
#350=FACE_OUTER_BOUND('',#560,.T.);
#351=FACE_OUTER_BOUND('',#561,.T.);
#352=FACE_OUTER_BOUND('',#562,.T.);
#353=FACE_OUTER_BOUND('',#563,.T.);
#354=FACE_OUTER_BOUND('',#564,.T.);
#355=FACE_OUTER_BOUND('',#565,.T.);
#356=FACE_OUTER_BOUND('',#566,.T.);
#357=FACE_OUTER_BOUND('',#567,.T.);
#358=FACE_OUTER_BOUND('',#568,.T.);
#359=FACE_OUTER_BOUND('',#569,.T.);
#360=FACE_OUTER_BOUND('',#570,.T.);
#361=FACE_OUTER_BOUND('',#571,.T.);
#362=FACE_OUTER_BOUND('',#572,.T.);
#363=FACE_OUTER_BOUND('',#573,.T.);
#364=FACE_OUTER_BOUND('',#574,.T.);
#365=FACE_OUTER_BOUND('',#575,.T.);
#366=FACE_OUTER_BOUND('',#576,.T.);
#367=FACE_OUTER_BOUND('',#577,.T.);
#368=FACE_OUTER_BOUND('',#578,.T.);
#369=FACE_OUTER_BOUND('',#579,.T.);
#370=FACE_OUTER_BOUND('',#580,.T.);
#371=FACE_OUTER_BOUND('',#581,.T.);
#372=FACE_OUTER_BOUND('',#582,.T.);
#373=FACE_OUTER_BOUND('',#583,.T.);
#374=FACE_OUTER_BOUND('',#584,.T.);
#375=FACE_OUTER_BOUND('',#585,.T.);
#376=FACE_OUTER_BOUND('',#586,.T.);
#377=FACE_OUTER_BOUND('',#587,.T.);
#378=FACE_OUTER_BOUND('',#588,.T.);
#379=FACE_OUTER_BOUND('',#589,.T.);
#380=FACE_OUTER_BOUND('',#590,.T.);
#381=FACE_OUTER_BOUND('',#591,.T.);
#382=FACE_OUTER_BOUND('',#592,.T.);
#383=FACE_OUTER_BOUND('',#593,.T.);
#384=FACE_OUTER_BOUND('',#594,.T.);
#385=FACE_OUTER_BOUND('',#595,.T.);
#386=FACE_OUTER_BOUND('',#596,.T.);
#387=FACE_OUTER_BOUND('',#597,.T.);
#388=FACE_OUTER_BOUND('',#598,.T.);
#389=FACE_OUTER_BOUND('',#599,.T.);
#390=FACE_OUTER_BOUND('',#600,.T.);
#391=FACE_OUTER_BOUND('',#601,.T.);
#392=FACE_OUTER_BOUND('',#602,.T.);
#393=FACE_OUTER_BOUND('',#603,.T.);
#394=FACE_OUTER_BOUND('',#604,.T.);
#395=FACE_OUTER_BOUND('',#605,.T.);
#396=FACE_OUTER_BOUND('',#606,.T.);
#397=FACE_OUTER_BOUND('',#607,.T.);
#398=FACE_OUTER_BOUND('',#608,.T.);
#399=FACE_OUTER_BOUND('',#609,.T.);
#400=FACE_OUTER_BOUND('',#610,.T.);
#401=FACE_OUTER_BOUND('',#611,.T.);
#402=FACE_OUTER_BOUND('',#612,.T.);
#403=FACE_OUTER_BOUND('',#613,.T.);
#404=FACE_OUTER_BOUND('',#614,.T.);
#405=FACE_OUTER_BOUND('',#615,.T.);
#406=FACE_OUTER_BOUND('',#616,.T.);
#407=FACE_OUTER_BOUND('',#617,.T.);
#408=FACE_OUTER_BOUND('',#618,.T.);
#409=FACE_OUTER_BOUND('',#619,.T.);
#410=FACE_OUTER_BOUND('',#620,.T.);
#411=FACE_OUTER_BOUND('',#621,.T.);
#412=FACE_OUTER_BOUND('',#622,.T.);
#413=FACE_OUTER_BOUND('',#623,.T.);
#414=FACE_OUTER_BOUND('',#624,.T.);
#415=FACE_OUTER_BOUND('',#625,.T.);
#416=FACE_OUTER_BOUND('',#626,.T.);
#417=FACE_OUTER_BOUND('',#627,.T.);
#418=FACE_OUTER_BOUND('',#628,.T.);
#419=FACE_OUTER_BOUND('',#629,.T.);
#420=FACE_OUTER_BOUND('',#630,.T.);
#421=FACE_OUTER_BOUND('',#631,.T.);
#422=FACE_OUTER_BOUND('',#632,.T.);
#423=FACE_OUTER_BOUND('',#633,.T.);
#424=FACE_OUTER_BOUND('',#634,.T.);
#425=FACE_OUTER_BOUND('',#635,.T.);
#426=FACE_OUTER_BOUND('',#636,.T.);
#427=FACE_OUTER_BOUND('',#637,.T.);
#428=FACE_OUTER_BOUND('',#638,.T.);
#429=FACE_OUTER_BOUND('',#639,.T.);
#430=FACE_OUTER_BOUND('',#640,.T.);
#431=FACE_OUTER_BOUND('',#641,.T.);
#432=FACE_OUTER_BOUND('',#642,.T.);
#433=FACE_OUTER_BOUND('',#643,.T.);
#434=FACE_OUTER_BOUND('',#644,.T.);
#435=FACE_OUTER_BOUND('',#645,.T.);
#436=FACE_OUTER_BOUND('',#646,.T.);
#437=FACE_OUTER_BOUND('',#647,.T.);
#438=FACE_OUTER_BOUND('',#648,.T.);
#439=FACE_OUTER_BOUND('',#649,.T.);
#440=FACE_OUTER_BOUND('',#650,.T.);
#441=FACE_OUTER_BOUND('',#651,.T.);
#442=FACE_OUTER_BOUND('',#652,.T.);
#443=FACE_OUTER_BOUND('',#653,.T.);
#444=FACE_OUTER_BOUND('',#654,.T.);
#445=FACE_OUTER_BOUND('',#655,.T.);
#446=FACE_OUTER_BOUND('',#656,.T.);
#447=FACE_OUTER_BOUND('',#657,.T.);
#448=FACE_OUTER_BOUND('',#658,.T.);
#449=FACE_OUTER_BOUND('',#659,.T.);
#450=FACE_OUTER_BOUND('',#660,.T.);
#451=FACE_OUTER_BOUND('',#661,.T.);
#452=FACE_OUTER_BOUND('',#662,.T.);
#453=FACE_OUTER_BOUND('',#663,.T.);
#454=FACE_OUTER_BOUND('',#664,.T.);
#455=FACE_OUTER_BOUND('',#665,.T.);
#456=FACE_OUTER_BOUND('',#666,.T.);
#457=FACE_OUTER_BOUND('',#667,.T.);
#458=FACE_OUTER_BOUND('',#668,.T.);
#459=FACE_OUTER_BOUND('',#669,.T.);
#460=FACE_OUTER_BOUND('',#670,.T.);
#461=FACE_OUTER_BOUND('',#671,.T.);
#462=FACE_OUTER_BOUND('',#672,.T.);
#463=FACE_OUTER_BOUND('',#673,.T.);
#464=EDGE_LOOP('',(#1898,#1899,#1900,#1901));
#465=EDGE_LOOP('',(#1902,#1903,#1904,#1905));
#466=EDGE_LOOP('',(#1906,#1907,#1908,#1909));
#467=EDGE_LOOP('',(#1910,#1911,#1912,#1913));
#468=EDGE_LOOP('',(#1914,#1915,#1916,#1917));
#469=EDGE_LOOP('',(#1918,#1919,#1920,#1921));
#470=EDGE_LOOP('',(#1922,#1923,#1924,#1925));
#471=EDGE_LOOP('',(#1926,#1927,#1928,#1929));
#472=EDGE_LOOP('',(#1930,#1931,#1932,#1933));
#473=EDGE_LOOP('',(#1934,#1935,#1936,#1937));
#474=EDGE_LOOP('',(#1938,#1939,#1940,#1941));
#475=EDGE_LOOP('',(#1942,#1943,#1944,#1945));
#476=EDGE_LOOP('',(#1946,#1947,#1948,#1949));
#477=EDGE_LOOP('',(#1950,#1951,#1952,#1953));
#478=EDGE_LOOP('',(#1954,#1955,#1956,#1957));
#479=EDGE_LOOP('',(#1958,#1959,#1960,#1961));
#480=EDGE_LOOP('',(#1962,#1963,#1964,#1965,#1966,#1967,#1968,#1969));
#481=EDGE_LOOP('',(#1970,#1971,#1972,#1973));
#482=EDGE_LOOP('',(#1974,#1975,#1976,#1977));
#483=EDGE_LOOP('',(#1978,#1979,#1980,#1981));
#484=EDGE_LOOP('',(#1982,#1983,#1984,#1985,#1986,#1987,#1988,#1989));
#485=EDGE_LOOP('',(#1990,#1991,#1992,#1993));
#486=EDGE_LOOP('',(#1994,#1995,#1996,#1997));
#487=EDGE_LOOP('',(#1998,#1999,#2000,#2001));
#488=EDGE_LOOP('',(#2002,#2003,#2004,#2005));
#489=EDGE_LOOP('',(#2006,#2007,#2008,#2009));
#490=EDGE_LOOP('',(#2010,#2011,#2012,#2013));
#491=EDGE_LOOP('',(#2014,#2015,#2016,#2017));
#492=EDGE_LOOP('',(#2018,#2019,#2020,#2021));
#493=EDGE_LOOP('',(#2022,#2023,#2024,#2025,#2026,#2027,#2028,#2029));
#494=EDGE_LOOP('',(#2030));
#495=EDGE_LOOP('',(#2031));
#496=EDGE_LOOP('',(#2032,#2033,#2034,#2035,#2036,#2037,#2038,#2039,#2040,
#2041,#2042,#2043,#2044,#2045,#2046,#2047,#2048,#2049,#2050,#2051,#2052,
#2053,#2054,#2055,#2056,#2057,#2058,#2059));
#497=EDGE_LOOP('',(#2060));
#498=EDGE_LOOP('',(#2061,#2062,#2063,#2064,#2065,#2066,#2067,#2068,#2069,
#2070,#2071,#2072,#2073,#2074,#2075,#2076,#2077,#2078,#2079,#2080,#2081,
#2082,#2083,#2084,#2085,#2086,#2087,#2088));
#499=EDGE_LOOP('',(#2089));
#500=EDGE_LOOP('',(#2090));
#501=EDGE_LOOP('',(#2091));
#502=EDGE_LOOP('',(#2092));
#503=EDGE_LOOP('',(#2093));
#504=EDGE_LOOP('',(#2094));
#505=EDGE_LOOP('',(#2095));
#506=EDGE_LOOP('',(#2096));
#507=EDGE_LOOP('',(#2097));
#508=EDGE_LOOP('',(#2098));
#509=EDGE_LOOP('',(#2099));
#510=EDGE_LOOP('',(#2100));
#511=EDGE_LOOP('',(#2101));
#512=EDGE_LOOP('',(#2102));
#513=EDGE_LOOP('',(#2103));
#514=EDGE_LOOP('',(#2104));
#515=EDGE_LOOP('',(#2105,#2106,#2107,#2108));
#516=EDGE_LOOP('',(#2109,#2110,#2111,#2112));
#517=EDGE_LOOP('',(#2113,#2114,#2115,#2116,#2117,#2118,#2119,#2120,#2121,
#2122,#2123,#2124,#2125,#2126,#2127,#2128,#2129,#2130,#2131,#2132,#2133,
#2134,#2135,#2136,#2137,#2138,#2139,#2140));
#518=EDGE_LOOP('',(#2141));
#519=EDGE_LOOP('',(#2142));
#520=EDGE_LOOP('',(#2143,#2144,#2145,#2146,#2147,#2148,#2149,#2150,#2151,
#2152,#2153,#2154,#2155,#2156,#2157,#2158,#2159,#2160,#2161,#2162,#2163,
#2164,#2165,#2166,#2167,#2168,#2169,#2170));
#521=EDGE_LOOP('',(#2171));
#522=EDGE_LOOP('',(#2172,#2173,#2174,#2175));
#523=EDGE_LOOP('',(#2176,#2177,#2178,#2179));
#524=EDGE_LOOP('',(#2180,#2181,#2182,#2183));
#525=EDGE_LOOP('',(#2184,#2185,#2186,#2187));
#526=EDGE_LOOP('',(#2188,#2189,#2190,#2191));
#527=EDGE_LOOP('',(#2192,#2193,#2194,#2195));
#528=EDGE_LOOP('',(#2196,#2197,#2198,#2199));
#529=EDGE_LOOP('',(#2200,#2201,#2202,#2203));
#530=EDGE_LOOP('',(#2204,#2205,#2206,#2207));
#531=EDGE_LOOP('',(#2208,#2209,#2210,#2211));
#532=EDGE_LOOP('',(#2212,#2213,#2214,#2215));
#533=EDGE_LOOP('',(#2216,#2217,#2218,#2219));
#534=EDGE_LOOP('',(#2220,#2221,#2222,#2223));
#535=EDGE_LOOP('',(#2224,#2225,#2226,#2227));
#536=EDGE_LOOP('',(#2228,#2229,#2230,#2231));
#537=EDGE_LOOP('',(#2232,#2233,#2234,#2235));
#538=EDGE_LOOP('',(#2236,#2237,#2238,#2239));
#539=EDGE_LOOP('',(#2240,#2241,#2242,#2243));
#540=EDGE_LOOP('',(#2244,#2245,#2246,#2247));
#541=EDGE_LOOP('',(#2248,#2249,#2250,#2251));
#542=EDGE_LOOP('',(#2252,#2253,#2254,#2255));
#543=EDGE_LOOP('',(#2256,#2257,#2258,#2259));
#544=EDGE_LOOP('',(#2260,#2261,#2262,#2263));
#545=EDGE_LOOP('',(#2264,#2265,#2266,#2267));
#546=EDGE_LOOP('',(#2268,#2269,#2270,#2271));
#547=EDGE_LOOP('',(#2272,#2273,#2274,#2275));
#548=EDGE_LOOP('',(#2276,#2277,#2278,#2279));
#549=EDGE_LOOP('',(#2280,#2281,#2282,#2283));
#550=EDGE_LOOP('',(#2284,#2285,#2286,#2287));
#551=EDGE_LOOP('',(#2288,#2289,#2290,#2291));
#552=EDGE_LOOP('',(#2292,#2293,#2294,#2295));
#553=EDGE_LOOP('',(#2296,#2297,#2298,#2299));
#554=EDGE_LOOP('',(#2300,#2301,#2302,#2303));
#555=EDGE_LOOP('',(#2304,#2305,#2306,#2307));
#556=EDGE_LOOP('',(#2308,#2309,#2310,#2311));
#557=EDGE_LOOP('',(#2312,#2313,#2314,#2315));
#558=EDGE_LOOP('',(#2316,#2317,#2318,#2319));
#559=EDGE_LOOP('',(#2320,#2321,#2322,#2323));
#560=EDGE_LOOP('',(#2324,#2325,#2326,#2327));
#561=EDGE_LOOP('',(#2328,#2329,#2330,#2331));
#562=EDGE_LOOP('',(#2332,#2333,#2334,#2335));
#563=EDGE_LOOP('',(#2336,#2337,#2338,#2339));
#564=EDGE_LOOP('',(#2340,#2341,#2342,#2343));
#565=EDGE_LOOP('',(#2344,#2345,#2346,#2347));
#566=EDGE_LOOP('',(#2348,#2349,#2350,#2351));
#567=EDGE_LOOP('',(#2352,#2353,#2354,#2355));
#568=EDGE_LOOP('',(#2356,#2357,#2358,#2359));
#569=EDGE_LOOP('',(#2360,#2361,#2362,#2363));
#570=EDGE_LOOP('',(#2364,#2365,#2366,#2367));
#571=EDGE_LOOP('',(#2368,#2369,#2370,#2371));
#572=EDGE_LOOP('',(#2372,#2373,#2374,#2375));
#573=EDGE_LOOP('',(#2376,#2377,#2378,#2379));
#574=EDGE_LOOP('',(#2380,#2381,#2382,#2383));
#575=EDGE_LOOP('',(#2384,#2385,#2386,#2387));
#576=EDGE_LOOP('',(#2388,#2389,#2390,#2391));
#577=EDGE_LOOP('',(#2392,#2393,#2394,#2395));
#578=EDGE_LOOP('',(#2396,#2397,#2398,#2399));
#579=EDGE_LOOP('',(#2400,#2401,#2402,#2403));
#580=EDGE_LOOP('',(#2404,#2405,#2406,#2407));
#581=EDGE_LOOP('',(#2408,#2409,#2410,#2411));
#582=EDGE_LOOP('',(#2412,#2413,#2414,#2415));
#583=EDGE_LOOP('',(#2416,#2417,#2418,#2419));
#584=EDGE_LOOP('',(#2420,#2421,#2422,#2423));
#585=EDGE_LOOP('',(#2424,#2425,#2426,#2427));
#586=EDGE_LOOP('',(#2428,#2429,#2430,#2431));
#587=EDGE_LOOP('',(#2432,#2433,#2434,#2435));
#588=EDGE_LOOP('',(#2436,#2437,#2438,#2439));
#589=EDGE_LOOP('',(#2440,#2441,#2442,#2443));
#590=EDGE_LOOP('',(#2444,#2445,#2446,#2447));
#591=EDGE_LOOP('',(#2448,#2449,#2450,#2451));
#592=EDGE_LOOP('',(#2452,#2453,#2454,#2455));
#593=EDGE_LOOP('',(#2456,#2457,#2458,#2459));
#594=EDGE_LOOP('',(#2460,#2461,#2462,#2463));
#595=EDGE_LOOP('',(#2464,#2465,#2466,#2467));
#596=EDGE_LOOP('',(#2468,#2469,#2470,#2471));
#597=EDGE_LOOP('',(#2472,#2473,#2474,#2475));
#598=EDGE_LOOP('',(#2476,#2477,#2478,#2479));
#599=EDGE_LOOP('',(#2480,#2481,#2482,#2483));
#600=EDGE_LOOP('',(#2484,#2485,#2486,#2487));
#601=EDGE_LOOP('',(#2488,#2489,#2490,#2491));
#602=EDGE_LOOP('',(#2492,#2493,#2494,#2495));
#603=EDGE_LOOP('',(#2496,#2497,#2498,#2499));
#604=EDGE_LOOP('',(#2500,#2501,#2502,#2503));
#605=EDGE_LOOP('',(#2504,#2505,#2506,#2507));
#606=EDGE_LOOP('',(#2508,#2509,#2510,#2511));
#607=EDGE_LOOP('',(#2512,#2513,#2514,#2515));
#608=EDGE_LOOP('',(#2516,#2517,#2518,#2519));
#609=EDGE_LOOP('',(#2520,#2521,#2522,#2523));
#610=EDGE_LOOP('',(#2524,#2525,#2526,#2527));
#611=EDGE_LOOP('',(#2528,#2529,#2530,#2531));
#612=EDGE_LOOP('',(#2532,#2533,#2534,#2535));
#613=EDGE_LOOP('',(#2536,#2537,#2538,#2539));
#614=EDGE_LOOP('',(#2540,#2541,#2542,#2543));
#615=EDGE_LOOP('',(#2544,#2545,#2546,#2547));
#616=EDGE_LOOP('',(#2548,#2549,#2550,#2551));
#617=EDGE_LOOP('',(#2552,#2553,#2554,#2555));
#618=EDGE_LOOP('',(#2556,#2557,#2558,#2559));
#619=EDGE_LOOP('',(#2560,#2561,#2562,#2563));
#620=EDGE_LOOP('',(#2564,#2565,#2566,#2567));
#621=EDGE_LOOP('',(#2568,#2569,#2570,#2571));
#622=EDGE_LOOP('',(#2572,#2573,#2574,#2575));
#623=EDGE_LOOP('',(#2576,#2577,#2578,#2579));
#624=EDGE_LOOP('',(#2580,#2581,#2582,#2583));
#625=EDGE_LOOP('',(#2584,#2585,#2586,#2587));
#626=EDGE_LOOP('',(#2588,#2589,#2590,#2591));
#627=EDGE_LOOP('',(#2592,#2593,#2594,#2595,#2596,#2597,#2598,#2599));
#628=EDGE_LOOP('',(#2600,#2601,#2602,#2603,#2604,#2605,#2606,#2607));
#629=EDGE_LOOP('',(#2608,#2609,#2610,#2611));
#630=EDGE_LOOP('',(#2612));
#631=EDGE_LOOP('',(#2613,#2614,#2615,#2616));
#632=EDGE_LOOP('',(#2617));
#633=EDGE_LOOP('',(#2618,#2619,#2620,#2621));
#634=EDGE_LOOP('',(#2622));
#635=EDGE_LOOP('',(#2623,#2624,#2625,#2626));
#636=EDGE_LOOP('',(#2627));
#637=EDGE_LOOP('',(#2628,#2629,#2630,#2631));
#638=EDGE_LOOP('',(#2632));
#639=EDGE_LOOP('',(#2633,#2634,#2635,#2636));
#640=EDGE_LOOP('',(#2637));
#641=EDGE_LOOP('',(#2638,#2639,#2640,#2641));
#642=EDGE_LOOP('',(#2642));
#643=EDGE_LOOP('',(#2643,#2644,#2645,#2646));
#644=EDGE_LOOP('',(#2647));
#645=EDGE_LOOP('',(#2648,#2649,#2650,#2651));
#646=EDGE_LOOP('',(#2652));
#647=EDGE_LOOP('',(#2653,#2654,#2655,#2656));
#648=EDGE_LOOP('',(#2657));
#649=EDGE_LOOP('',(#2658,#2659,#2660,#2661));
#650=EDGE_LOOP('',(#2662));
#651=EDGE_LOOP('',(#2663,#2664,#2665,#2666));
#652=EDGE_LOOP('',(#2667));
#653=EDGE_LOOP('',(#2668,#2669,#2670,#2671));
#654=EDGE_LOOP('',(#2672));
#655=EDGE_LOOP('',(#2673,#2674,#2675,#2676));
#656=EDGE_LOOP('',(#2677));
#657=EDGE_LOOP('',(#2678,#2679,#2680,#2681));
#658=EDGE_LOOP('',(#2682));
#659=EDGE_LOOP('',(#2683,#2684,#2685,#2686));
#660=EDGE_LOOP('',(#2687));
#661=EDGE_LOOP('',(#2688,#2689,#2690,#2691));
#662=EDGE_LOOP('',(#2692,#2693,#2694,#2695));
#663=EDGE_LOOP('',(#2696,#2697,#2698,#2699));
#664=EDGE_LOOP('',(#2700,#2701,#2702,#2703));
#665=EDGE_LOOP('',(#2704,#2705,#2706,#2707));
#666=EDGE_LOOP('',(#2708,#2709,#2710,#2711));
#667=EDGE_LOOP('',(#2712,#2713,#2714,#2715));
#668=EDGE_LOOP('',(#2716,#2717,#2718,#2719));
#669=EDGE_LOOP('',(#2720,#2721,#2722,#2723));
#670=EDGE_LOOP('',(#2724,#2725,#2726,#2727));
#671=EDGE_LOOP('',(#2728,#2729,#2730,#2731));
#672=EDGE_LOOP('',(#2732,#2733,#2734,#2735));
#673=EDGE_LOOP('',(#2736,#2737,#2738,#2739));
#674=LINE('',#4219,#948);
#675=LINE('',#4221,#949);
#676=LINE('',#4223,#950);
#677=LINE('',#4224,#951);
#678=LINE('',#4227,#952);
#679=LINE('',#4229,#953);
#680=LINE('',#4230,#954);
#681=LINE('',#4233,#955);
#682=LINE('',#4235,#956);
#683=LINE('',#4236,#957);
#684=LINE('',#4259,#958);
#685=LINE('',#4267,#959);
#686=LINE('',#4276,#960);
#687=LINE('',#4277,#961);
#688=LINE('',#4278,#962);
#689=LINE('',#4301,#963);
#690=LINE('',#4339,#964);
#691=LINE('',#4341,#965);
#692=LINE('',#4343,#966);
#693=LINE('',#4344,#967);
#694=LINE('',#4347,#968);
#695=LINE('',#4349,#969);
#696=LINE('',#4350,#970);
#697=LINE('',#4353,#971);
#698=LINE('',#4355,#972);
#699=LINE('',#4356,#973);
#700=LINE('',#4403,#974);
#701=LINE('',#4411,#975);
#702=LINE('',#4419,#976);
#703=LINE('',#4421,#977);
#704=LINE('',#4422,#978);
#705=LINE('',#4445,#979);
#706=LINE('',#4506,#980);
#707=LINE('',#4508,#981);
#708=LINE('',#4509,#982);
#709=LINE('',#4512,#983);
#710=LINE('',#4516,#984);
#711=LINE('',#4517,#985);
#712=LINE('',#4520,#986);
#713=LINE('',#4523,#987);
#714=LINE('',#4526,#988);
#715=LINE('',#4528,#989);
#716=LINE('',#4529,#990);
#717=LINE('',#4532,#991);
#718=LINE('',#4536,#992);
#719=LINE('',#4537,#993);
#720=LINE('',#4540,#994);
#721=LINE('',#4544,#995);
#722=LINE('',#4546,#996);
#723=LINE('',#4547,#997);
#724=LINE('',#4552,#998);
#725=LINE('',#4556,#999);
#726=LINE('',#4558,#1000);
#727=LINE('',#4559,#1001);
#728=LINE('',#4572,#1002);
#729=LINE('',#4576,#1003);
#730=LINE('',#4580,#1004);
#731=LINE('',#4584,#1005);
#732=LINE('',#4588,#1006);
#733=LINE('',#4592,#1007);
#734=LINE('',#4596,#1008);
#735=LINE('',#4600,#1009);
#736=LINE('',#4604,#1010);
#737=LINE('',#4608,#1011);
#738=LINE('',#4612,#1012);
#739=LINE('',#4616,#1013);
#740=LINE('',#4620,#1014);
#741=LINE('',#4623,#1015);
#742=LINE('',#4630,#1016);
#743=LINE('',#4634,#1017);
#744=LINE('',#4638,#1018);
#745=LINE('',#4642,#1019);
#746=LINE('',#4646,#1020);
#747=LINE('',#4650,#1021);
#748=LINE('',#4654,#1022);
#749=LINE('',#4658,#1023);
#750=LINE('',#4662,#1024);
#751=LINE('',#4666,#1025);
#752=LINE('',#4670,#1026);
#753=LINE('',#4674,#1027);
#754=LINE('',#4678,#1028);
#755=LINE('',#4681,#1029);
#756=LINE('',#4718,#1030);
#757=LINE('',#4721,#1031);
#758=LINE('',#4724,#1032);
#759=LINE('',#4728,#1033);
#760=LINE('',#4732,#1034);
#761=LINE('',#4736,#1035);
#762=LINE('',#4740,#1036);
#763=LINE('',#4744,#1037);
#764=LINE('',#4748,#1038);
#765=LINE('',#4752,#1039);
#766=LINE('',#4756,#1040);
#767=LINE('',#4760,#1041);
#768=LINE('',#4764,#1042);
#769=LINE('',#4768,#1043);
#770=LINE('',#4772,#1044);
#771=LINE('',#4776,#1045);
#772=LINE('',#4784,#1046);
#773=LINE('',#4788,#1047);
#774=LINE('',#4792,#1048);
#775=LINE('',#4796,#1049);
#776=LINE('',#4800,#1050);
#777=LINE('',#4804,#1051);
#778=LINE('',#4808,#1052);
#779=LINE('',#4812,#1053);
#780=LINE('',#4816,#1054);
#781=LINE('',#4820,#1055);
#782=LINE('',#4824,#1056);
#783=LINE('',#4828,#1057);
#784=LINE('',#4832,#1058);
#785=LINE('',#4836,#1059);
#786=LINE('',#4839,#1060);
#787=LINE('',#4842,#1061);
#788=LINE('',#4844,#1062);
#789=LINE('',#4845,#1063);
#790=LINE('',#4849,#1064);
#791=LINE('',#4852,#1065);
#792=LINE('',#4853,#1066);
#793=LINE('',#4857,#1067);
#794=LINE('',#4860,#1068);
#795=LINE('',#4861,#1069);
#796=LINE('',#4865,#1070);
#797=LINE('',#4868,#1071);
#798=LINE('',#4869,#1072);
#799=LINE('',#4873,#1073);
#800=LINE('',#4876,#1074);
#801=LINE('',#4877,#1075);
#802=LINE('',#4881,#1076);
#803=LINE('',#4884,#1077);
#804=LINE('',#4885,#1078);
#805=LINE('',#4889,#1079);
#806=LINE('',#4892,#1080);
#807=LINE('',#4893,#1081);
#808=LINE('',#4897,#1082);
#809=LINE('',#4900,#1083);
#810=LINE('',#4901,#1084);
#811=LINE('',#4905,#1085);
#812=LINE('',#4908,#1086);
#813=LINE('',#4909,#1087);
#814=LINE('',#4913,#1088);
#815=LINE('',#4916,#1089);
#816=LINE('',#4917,#1090);
#817=LINE('',#4921,#1091);
#818=LINE('',#4924,#1092);
#819=LINE('',#4925,#1093);
#820=LINE('',#4929,#1094);
#821=LINE('',#4932,#1095);
#822=LINE('',#4933,#1096);
#823=LINE('',#4937,#1097);
#824=LINE('',#4940,#1098);
#825=LINE('',#4941,#1099);
#826=LINE('',#4945,#1100);
#827=LINE('',#4948,#1101);
#828=LINE('',#4949,#1102);
#829=LINE('',#4953,#1103);
#830=LINE('',#4954,#1104);
#831=LINE('',#4956,#1105);
#832=LINE('',#4958,#1106);
#833=LINE('',#4960,#1107);
#834=LINE('',#4962,#1108);
#835=LINE('',#4964,#1109);
#836=LINE('',#4966,#1110);
#837=LINE('',#4968,#1111);
#838=LINE('',#4970,#1112);
#839=LINE('',#4972,#1113);
#840=LINE('',#4974,#1114);
#841=LINE('',#4976,#1115);
#842=LINE('',#4978,#1116);
#843=LINE('',#4980,#1117);
#844=LINE('',#4983,#1118);
#845=LINE('',#4985,#1119);
#846=LINE('',#4986,#1120);
#847=LINE('',#4990,#1121);
#848=LINE('',#4993,#1122);
#849=LINE('',#4994,#1123);
#850=LINE('',#4998,#1124);
#851=LINE('',#5001,#1125);
#852=LINE('',#5002,#1126);
#853=LINE('',#5006,#1127);
#854=LINE('',#5009,#1128);
#855=LINE('',#5010,#1129);
#856=LINE('',#5014,#1130);
#857=LINE('',#5017,#1131);
#858=LINE('',#5018,#1132);
#859=LINE('',#5022,#1133);
#860=LINE('',#5025,#1134);
#861=LINE('',#5026,#1135);
#862=LINE('',#5030,#1136);
#863=LINE('',#5033,#1137);
#864=LINE('',#5034,#1138);
#865=LINE('',#5038,#1139);
#866=LINE('',#5041,#1140);
#867=LINE('',#5042,#1141);
#868=LINE('',#5046,#1142);
#869=LINE('',#5049,#1143);
#870=LINE('',#5050,#1144);
#871=LINE('',#5054,#1145);
#872=LINE('',#5057,#1146);
#873=LINE('',#5058,#1147);
#874=LINE('',#5062,#1148);
#875=LINE('',#5065,#1149);
#876=LINE('',#5066,#1150);
#877=LINE('',#5070,#1151);
#878=LINE('',#5073,#1152);
#879=LINE('',#5074,#1153);
#880=LINE('',#5078,#1154);
#881=LINE('',#5081,#1155);
#882=LINE('',#5082,#1156);
#883=LINE('',#5086,#1157);
#884=LINE('',#5089,#1158);
#885=LINE('',#5090,#1159);
#886=LINE('',#5094,#1160);
#887=LINE('',#5095,#1161);
#888=LINE('',#5097,#1162);
#889=LINE('',#5099,#1163);
#890=LINE('',#5101,#1164);
#891=LINE('',#5103,#1165);
#892=LINE('',#5105,#1166);
#893=LINE('',#5107,#1167);
#894=LINE('',#5109,#1168);
#895=LINE('',#5111,#1169);
#896=LINE('',#5113,#1170);
#897=LINE('',#5115,#1171);
#898=LINE('',#5117,#1172);
#899=LINE('',#5119,#1173);
#900=LINE('',#5121,#1174);
#901=LINE('',#5123,#1175);
#902=LINE('',#5125,#1176);
#903=LINE('',#5126,#1177);
#904=LINE('',#5128,#1178);
#905=LINE('',#5130,#1179);
#906=LINE('',#5131,#1180);
#907=LINE('',#5133,#1181);
#908=LINE('',#5135,#1182);
#909=LINE('',#5137,#1183);
#910=LINE('',#5139,#1184);
#911=LINE('',#5140,#1185);
#912=LINE('',#5142,#1186);
#913=LINE('',#5144,#1187);
#914=LINE('',#5145,#1188);
#915=LINE('',#5147,#1189);
#916=LINE('',#5149,#1190);
#917=LINE('',#5150,#1191);
#918=LINE('',#5154,#1192);
#919=LINE('',#5156,#1193);
#920=LINE('',#5159,#1194);
#921=LINE('',#5161,#1195);
#922=LINE('',#5163,#1196);
#923=LINE('',#5164,#1197);
#924=LINE('',#5169,#1198);
#925=LINE('',#5174,#1199);
#926=LINE('',#5179,#1200);
#927=LINE('',#5184,#1201);
#928=LINE('',#5189,#1202);
#929=LINE('',#5194,#1203);
#930=LINE('',#5199,#1204);
#931=LINE('',#5204,#1205);
#932=LINE('',#5209,#1206);
#933=LINE('',#5214,#1207);
#934=LINE('',#5219,#1208);
#935=LINE('',#5224,#1209);
#936=LINE('',#5229,#1210);
#937=LINE('',#5234,#1211);
#938=LINE('',#5239,#1212);
#939=LINE('',#5244,#1213);
#940=LINE('',#5248,#1214);
#941=LINE('',#5249,#1215);
#942=LINE('',#5251,#1216);
#943=LINE('',#5254,#1217);
#944=LINE('',#5257,#1218);
#945=LINE('',#5260,#1219);
#946=LINE('',#5263,#1220);
#947=LINE('',#5265,#1221);
#948=VECTOR('',#3329,10.);
#949=VECTOR('',#3330,10.);
#950=VECTOR('',#3331,10.);
#951=VECTOR('',#3332,10.);
#952=VECTOR('',#3335,10.);
#953=VECTOR('',#3336,10.);
#954=VECTOR('',#3337,10.);
#955=VECTOR('',#3340,10.);
#956=VECTOR('',#3341,10.);
#957=VECTOR('',#3342,10.);
#958=VECTOR('',#3343,10.);
#959=VECTOR('',#3344,10.);
#960=VECTOR('',#3347,10.);
#961=VECTOR('',#3348,10.);
#962=VECTOR('',#3349,10.);
#963=VECTOR('',#3350,10.);
#964=VECTOR('',#3353,10.);
#965=VECTOR('',#3354,10.);
#966=VECTOR('',#3355,10.);
#967=VECTOR('',#3356,10.);
#968=VECTOR('',#3359,10.);
#969=VECTOR('',#3360,10.);
#970=VECTOR('',#3361,10.);
#971=VECTOR('',#3364,10.);
#972=VECTOR('',#3365,10.);
#973=VECTOR('',#3366,10.);
#974=VECTOR('',#3367,10.);
#975=VECTOR('',#3368,10.);
#976=VECTOR('',#3371,10.);
#977=VECTOR('',#3372,10.);
#978=VECTOR('',#3373,10.);
#979=VECTOR('',#3374,10.);
#980=VECTOR('',#3377,10.);
#981=VECTOR('',#3378,10.);
#982=VECTOR('',#3379,10.);
#983=VECTOR('',#3382,10.);
#984=VECTOR('',#3387,10.);
#985=VECTOR('',#3388,10.);
#986=VECTOR('',#3391,10.);
#987=VECTOR('',#3396,10.);
#988=VECTOR('',#3399,10.);
#989=VECTOR('',#3400,10.);
#990=VECTOR('',#3401,10.);
#991=VECTOR('',#3404,10.);
#992=VECTOR('',#3409,10.);
#993=VECTOR('',#3410,10.);
#994=VECTOR('',#3413,10.);
#995=VECTOR('',#3418,10.);
#996=VECTOR('',#3419,10.);
#997=VECTOR('',#3420,10.);
#998=VECTOR('',#3425,10.);
#999=VECTOR('',#3430,10.);
#1000=VECTOR('',#3431,10.);
#1001=VECTOR('',#3432,10.);
#1002=VECTOR('',#3447,10.);
#1003=VECTOR('',#3450,10.);
#1004=VECTOR('',#3453,10.);
#1005=VECTOR('',#3456,10.);
#1006=VECTOR('',#3459,10.);
#1007=VECTOR('',#3462,10.);
#1008=VECTOR('',#3465,10.);
#1009=VECTOR('',#3468,10.);
#1010=VECTOR('',#3471,10.);
#1011=VECTOR('',#3474,10.);
#1012=VECTOR('',#3477,10.);
#1013=VECTOR('',#3480,10.);
#1014=VECTOR('',#3483,10.);
#1015=VECTOR('',#3486,10.);
#1016=VECTOR('',#3491,10.);
#1017=VECTOR('',#3494,10.);
#1018=VECTOR('',#3497,10.);
#1019=VECTOR('',#3500,10.);
#1020=VECTOR('',#3503,10.);
#1021=VECTOR('',#3506,10.);
#1022=VECTOR('',#3509,10.);
#1023=VECTOR('',#3512,10.);
#1024=VECTOR('',#3515,10.);
#1025=VECTOR('',#3518,10.);
#1026=VECTOR('',#3521,10.);
#1027=VECTOR('',#3524,10.);
#1028=VECTOR('',#3527,10.);
#1029=VECTOR('',#3530,10.);
#1030=VECTOR('',#3567,8.8);
#1031=VECTOR('',#3572,10.);
#1032=VECTOR('',#3573,10.);
#1033=VECTOR('',#3576,10.);
#1034=VECTOR('',#3579,10.);
#1035=VECTOR('',#3582,10.);
#1036=VECTOR('',#3585,10.);
#1037=VECTOR('',#3588,10.);
#1038=VECTOR('',#3591,10.);
#1039=VECTOR('',#3594,10.);
#1040=VECTOR('',#3597,10.);
#1041=VECTOR('',#3600,10.);
#1042=VECTOR('',#3603,10.);
#1043=VECTOR('',#3606,10.);
#1044=VECTOR('',#3609,10.);
#1045=VECTOR('',#3612,10.);
#1046=VECTOR('',#3619,10.);
#1047=VECTOR('',#3622,10.);
#1048=VECTOR('',#3625,10.);
#1049=VECTOR('',#3628,10.);
#1050=VECTOR('',#3631,10.);
#1051=VECTOR('',#3634,10.);
#1052=VECTOR('',#3637,10.);
#1053=VECTOR('',#3640,10.);
#1054=VECTOR('',#3643,10.);
#1055=VECTOR('',#3646,10.);
#1056=VECTOR('',#3649,10.);
#1057=VECTOR('',#3652,10.);
#1058=VECTOR('',#3655,10.);
#1059=VECTOR('',#3658,10.);
#1060=VECTOR('',#3663,8.5);
#1061=VECTOR('',#3666,10.);
#1062=VECTOR('',#3667,10.);
#1063=VECTOR('',#3668,10.);
#1064=VECTOR('',#3673,10.);
#1065=VECTOR('',#3676,10.);
#1066=VECTOR('',#3677,10.);
#1067=VECTOR('',#3682,10.);
#1068=VECTOR('',#3685,10.);
#1069=VECTOR('',#3686,10.);
#1070=VECTOR('',#3691,10.);
#1071=VECTOR('',#3694,10.);
#1072=VECTOR('',#3695,10.);
#1073=VECTOR('',#3700,10.);
#1074=VECTOR('',#3703,10.);
#1075=VECTOR('',#3704,10.);
#1076=VECTOR('',#3709,10.);
#1077=VECTOR('',#3712,10.);
#1078=VECTOR('',#3713,10.);
#1079=VECTOR('',#3718,10.);
#1080=VECTOR('',#3721,10.);
#1081=VECTOR('',#3722,10.);
#1082=VECTOR('',#3727,10.);
#1083=VECTOR('',#3730,10.);
#1084=VECTOR('',#3731,10.);
#1085=VECTOR('',#3736,10.);
#1086=VECTOR('',#3739,10.);
#1087=VECTOR('',#3740,10.);
#1088=VECTOR('',#3745,10.);
#1089=VECTOR('',#3748,10.);
#1090=VECTOR('',#3749,10.);
#1091=VECTOR('',#3754,10.);
#1092=VECTOR('',#3757,10.);
#1093=VECTOR('',#3758,10.);
#1094=VECTOR('',#3763,10.);
#1095=VECTOR('',#3766,10.);
#1096=VECTOR('',#3767,10.);
#1097=VECTOR('',#3772,10.);
#1098=VECTOR('',#3775,10.);
#1099=VECTOR('',#3776,10.);
#1100=VECTOR('',#3781,10.);
#1101=VECTOR('',#3784,10.);
#1102=VECTOR('',#3785,10.);
#1103=VECTOR('',#3792,10.);
#1104=VECTOR('',#3793,10.);
#1105=VECTOR('',#3796,10.);
#1106=VECTOR('',#3799,10.);
#1107=VECTOR('',#3802,10.);
#1108=VECTOR('',#3805,10.);
#1109=VECTOR('',#3808,10.);
#1110=VECTOR('',#3811,10.);
#1111=VECTOR('',#3814,10.);
#1112=VECTOR('',#3817,10.);
#1113=VECTOR('',#3820,10.);
#1114=VECTOR('',#3823,10.);
#1115=VECTOR('',#3826,10.);
#1116=VECTOR('',#3829,10.);
#1117=VECTOR('',#3832,10.);
#1118=VECTOR('',#3835,10.);
#1119=VECTOR('',#3836,10.);
#1120=VECTOR('',#3837,10.);
#1121=VECTOR('',#3842,10.);
#1122=VECTOR('',#3845,10.);
#1123=VECTOR('',#3846,10.);
#1124=VECTOR('',#3851,10.);
#1125=VECTOR('',#3854,10.);
#1126=VECTOR('',#3855,10.);
#1127=VECTOR('',#3860,10.);
#1128=VECTOR('',#3863,10.);
#1129=VECTOR('',#3864,10.);
#1130=VECTOR('',#3869,10.);
#1131=VECTOR('',#3872,10.);
#1132=VECTOR('',#3873,10.);
#1133=VECTOR('',#3878,10.);
#1134=VECTOR('',#3881,10.);
#1135=VECTOR('',#3882,10.);
#1136=VECTOR('',#3887,10.);
#1137=VECTOR('',#3890,10.);
#1138=VECTOR('',#3891,10.);
#1139=VECTOR('',#3896,10.);
#1140=VECTOR('',#3899,10.);
#1141=VECTOR('',#3900,10.);
#1142=VECTOR('',#3905,10.);
#1143=VECTOR('',#3908,10.);
#1144=VECTOR('',#3909,10.);
#1145=VECTOR('',#3914,10.);
#1146=VECTOR('',#3917,10.);
#1147=VECTOR('',#3918,10.);
#1148=VECTOR('',#3923,10.);
#1149=VECTOR('',#3926,10.);
#1150=VECTOR('',#3927,10.);
#1151=VECTOR('',#3932,10.);
#1152=VECTOR('',#3935,10.);
#1153=VECTOR('',#3936,10.);
#1154=VECTOR('',#3941,10.);
#1155=VECTOR('',#3944,10.);
#1156=VECTOR('',#3945,10.);
#1157=VECTOR('',#3950,10.);
#1158=VECTOR('',#3953,10.);
#1159=VECTOR('',#3954,10.);
#1160=VECTOR('',#3961,10.);
#1161=VECTOR('',#3962,10.);
#1162=VECTOR('',#3965,10.);
#1163=VECTOR('',#3968,10.);
#1164=VECTOR('',#3971,10.);
#1165=VECTOR('',#3974,10.);
#1166=VECTOR('',#3977,10.);
#1167=VECTOR('',#3980,10.);
#1168=VECTOR('',#3983,10.);
#1169=VECTOR('',#3986,10.);
#1170=VECTOR('',#3989,10.);
#1171=VECTOR('',#3992,10.);
#1172=VECTOR('',#3995,10.);
#1173=VECTOR('',#3998,10.);
#1174=VECTOR('',#4001,10.);
#1175=VECTOR('',#4004,10.);
#1176=VECTOR('',#4007,10.);
#1177=VECTOR('',#4008,10.);
#1178=VECTOR('',#4011,10.);
#1179=VECTOR('',#4014,10.);
#1180=VECTOR('',#4015,10.);
#1181=VECTOR('',#4018,10.);
#1182=VECTOR('',#4021,10.);
#1183=VECTOR('',#4024,10.);
#1184=VECTOR('',#4027,10.);
#1185=VECTOR('',#4028,10.);
#1186=VECTOR('',#4031,10.);
#1187=VECTOR('',#4034,10.);
#1188=VECTOR('',#4035,10.);
#1189=VECTOR('',#4038,10.);
#1190=VECTOR('',#4041,10.);
#1191=VECTOR('',#4042,10.);
#1192=VECTOR('',#4049,10.);
#1193=VECTOR('',#4052,10.);
#1194=VECTOR('',#4057,10.);
#1195=VECTOR('',#4060,10.);
#1196=VECTOR('',#4063,10.);
#1197=VECTOR('',#4064,10.);
#1198=VECTOR('',#4071,0.8);
#1199=VECTOR('',#4078,0.8);
#1200=VECTOR('',#4085,0.8);
#1201=VECTOR('',#4092,0.8);
#1202=VECTOR('',#4099,0.8);
#1203=VECTOR('',#4106,0.8);
#1204=VECTOR('',#4113,0.8);
#1205=VECTOR('',#4120,0.8);
#1206=VECTOR('',#4127,0.8);
#1207=VECTOR('',#4134,0.8);
#1208=VECTOR('',#4141,0.8);
#1209=VECTOR('',#4148,0.8);
#1210=VECTOR('',#4155,0.8);
#1211=VECTOR('',#4162,0.8);
#1212=VECTOR('',#4169,0.8);
#1213=VECTOR('',#4176,0.8);
#1214=VECTOR('',#4183,10.);
#1215=VECTOR('',#4184,10.);
#1216=VECTOR('',#4187,10.);
#1217=VECTOR('',#4192,10.);
#1218=VECTOR('',#4197,10.);
#1219=VECTOR('',#4202,10.);
#1220=VECTOR('',#4207,1.5);
#1221=VECTOR('',#4210,1.5);
#1222=VERTEX_POINT('',#4217);
#1223=VERTEX_POINT('',#4218);
#1224=VERTEX_POINT('',#4220);
#1225=VERTEX_POINT('',#4222);
#1226=VERTEX_POINT('',#4226);
#1227=VERTEX_POINT('',#4228);
#1228=VERTEX_POINT('',#4232);
#1229=VERTEX_POINT('',#4234);
#1230=VERTEX_POINT('',#4257);
#1231=VERTEX_POINT('',#4258);
#1232=VERTEX_POINT('',#4260);
#1233=VERTEX_POINT('',#4266);
#1234=VERTEX_POINT('',#4274);
#1235=VERTEX_POINT('',#4275);
#1236=VERTEX_POINT('',#4299);
#1237=VERTEX_POINT('',#4300);
#1238=VERTEX_POINT('',#4337);
#1239=VERTEX_POINT('',#4338);
#1240=VERTEX_POINT('',#4340);
#1241=VERTEX_POINT('',#4342);
#1242=VERTEX_POINT('',#4346);
#1243=VERTEX_POINT('',#4348);
#1244=VERTEX_POINT('',#4352);
#1245=VERTEX_POINT('',#4354);
#1246=VERTEX_POINT('',#4401);
#1247=VERTEX_POINT('',#4402);
#1248=VERTEX_POINT('',#4404);
#1249=VERTEX_POINT('',#4410);
#1250=VERTEX_POINT('',#4418);
#1251=VERTEX_POINT('',#4420);
#1252=VERTEX_POINT('',#4443);
#1253=VERTEX_POINT('',#4444);
#1254=VERTEX_POINT('',#4505);
#1255=VERTEX_POINT('',#4507);
#1256=VERTEX_POINT('',#4511);
#1257=VERTEX_POINT('',#4515);
#1258=VERTEX_POINT('',#4519);
#1259=VERTEX_POINT('',#4525);
#1260=VERTEX_POINT('',#4527);
#1261=VERTEX_POINT('',#4531);
#1262=VERTEX_POINT('',#4535);
#1263=VERTEX_POINT('',#4539);
#1264=VERTEX_POINT('',#4543);
#1265=VERTEX_POINT('',#4545);
#1266=VERTEX_POINT('',#4549);
#1267=VERTEX_POINT('',#4551);
#1268=VERTEX_POINT('',#4555);
#1269=VERTEX_POINT('',#4557);
#1270=VERTEX_POINT('',#4564);
#1271=VERTEX_POINT('',#4566);
#1272=VERTEX_POINT('',#4568);
#1273=VERTEX_POINT('',#4569);
#1274=VERTEX_POINT('',#4571);
#1275=VERTEX_POINT('',#4573);
#1276=VERTEX_POINT('',#4575);
#1277=VERTEX_POINT('',#4577);
#1278=VERTEX_POINT('',#4579);
#1279=VERTEX_POINT('',#4581);
#1280=VERTEX_POINT('',#4583);
#1281=VERTEX_POINT('',#4585);
#1282=VERTEX_POINT('',#4587);
#1283=VERTEX_POINT('',#4589);
#1284=VERTEX_POINT('',#4591);
#1285=VERTEX_POINT('',#4593);
#1286=VERTEX_POINT('',#4595);
#1287=VERTEX_POINT('',#4597);
#1288=VERTEX_POINT('',#4599);
#1289=VERTEX_POINT('',#4601);
#1290=VERTEX_POINT('',#4603);
#1291=VERTEX_POINT('',#4605);
#1292=VERTEX_POINT('',#4607);
#1293=VERTEX_POINT('',#4609);
#1294=VERTEX_POINT('',#4611);
#1295=VERTEX_POINT('',#4613);
#1296=VERTEX_POINT('',#4615);
#1297=VERTEX_POINT('',#4617);
#1298=VERTEX_POINT('',#4619);
#1299=VERTEX_POINT('',#4621);
#1300=VERTEX_POINT('',#4624);
#1301=VERTEX_POINT('',#4626);
#1302=VERTEX_POINT('',#4627);
#1303=VERTEX_POINT('',#4629);
#1304=VERTEX_POINT('',#4631);
#1305=VERTEX_POINT('',#4633);
#1306=VERTEX_POINT('',#4635);
#1307=VERTEX_POINT('',#4637);
#1308=VERTEX_POINT('',#4639);
#1309=VERTEX_POINT('',#4641);
#1310=VERTEX_POINT('',#4643);
#1311=VERTEX_POINT('',#4645);
#1312=VERTEX_POINT('',#4647);
#1313=VERTEX_POINT('',#4649);
#1314=VERTEX_POINT('',#4651);
#1315=VERTEX_POINT('',#4653);
#1316=VERTEX_POINT('',#4655);
#1317=VERTEX_POINT('',#4657);
#1318=VERTEX_POINT('',#4659);
#1319=VERTEX_POINT('',#4661);
#1320=VERTEX_POINT('',#4663);
#1321=VERTEX_POINT('',#4665);
#1322=VERTEX_POINT('',#4667);
#1323=VERTEX_POINT('',#4669);
#1324=VERTEX_POINT('',#4671);
#1325=VERTEX_POINT('',#4673);
#1326=VERTEX_POINT('',#4675);
#1327=VERTEX_POINT('',#4677);
#1328=VERTEX_POINT('',#4679);
#1329=VERTEX_POINT('',#4682);
#1330=VERTEX_POINT('',#4684);
#1331=VERTEX_POINT('',#4686);
#1332=VERTEX_POINT('',#4688);
#1333=VERTEX_POINT('',#4690);
#1334=VERTEX_POINT('',#4692);
#1335=VERTEX_POINT('',#4694);
#1336=VERTEX_POINT('',#4696);
#1337=VERTEX_POINT('',#4698);
#1338=VERTEX_POINT('',#4700);
#1339=VERTEX_POINT('',#4702);
#1340=VERTEX_POINT('',#4704);
#1341=VERTEX_POINT('',#4706);
#1342=VERTEX_POINT('',#4708);
#1343=VERTEX_POINT('',#4710);
#1344=VERTEX_POINT('',#4712);
#1345=VERTEX_POINT('',#4715);
#1346=VERTEX_POINT('',#4717);
#1347=VERTEX_POINT('',#4722);
#1348=VERTEX_POINT('',#4723);
#1349=VERTEX_POINT('',#4725);
#1350=VERTEX_POINT('',#4727);
#1351=VERTEX_POINT('',#4729);
#1352=VERTEX_POINT('',#4731);
#1353=VERTEX_POINT('',#4733);
#1354=VERTEX_POINT('',#4735);
#1355=VERTEX_POINT('',#4737);
#1356=VERTEX_POINT('',#4739);
#1357=VERTEX_POINT('',#4741);
#1358=VERTEX_POINT('',#4743);
#1359=VERTEX_POINT('',#4745);
#1360=VERTEX_POINT('',#4747);
#1361=VERTEX_POINT('',#4749);
#1362=VERTEX_POINT('',#4751);
#1363=VERTEX_POINT('',#4753);
#1364=VERTEX_POINT('',#4755);
#1365=VERTEX_POINT('',#4757);
#1366=VERTEX_POINT('',#4759);
#1367=VERTEX_POINT('',#4761);
#1368=VERTEX_POINT('',#4763);
#1369=VERTEX_POINT('',#4765);
#1370=VERTEX_POINT('',#4767);
#1371=VERTEX_POINT('',#4769);
#1372=VERTEX_POINT('',#4771);
#1373=VERTEX_POINT('',#4773);
#1374=VERTEX_POINT('',#4775);
#1375=VERTEX_POINT('',#4778);
#1376=VERTEX_POINT('',#4780);
#1377=VERTEX_POINT('',#4782);
#1378=VERTEX_POINT('',#4783);
#1379=VERTEX_POINT('',#4785);
#1380=VERTEX_POINT('',#4787);
#1381=VERTEX_POINT('',#4789);
#1382=VERTEX_POINT('',#4791);
#1383=VERTEX_POINT('',#4793);
#1384=VERTEX_POINT('',#4795);
#1385=VERTEX_POINT('',#4797);
#1386=VERTEX_POINT('',#4799);
#1387=VERTEX_POINT('',#4801);
#1388=VERTEX_POINT('',#4803);
#1389=VERTEX_POINT('',#4805);
#1390=VERTEX_POINT('',#4807);
#1391=VERTEX_POINT('',#4809);
#1392=VERTEX_POINT('',#4811);
#1393=VERTEX_POINT('',#4813);
#1394=VERTEX_POINT('',#4815);
#1395=VERTEX_POINT('',#4817);
#1396=VERTEX_POINT('',#4819);
#1397=VERTEX_POINT('',#4821);
#1398=VERTEX_POINT('',#4823);
#1399=VERTEX_POINT('',#4825);
#1400=VERTEX_POINT('',#4827);
#1401=VERTEX_POINT('',#4829);
#1402=VERTEX_POINT('',#4831);
#1403=VERTEX_POINT('',#4833);
#1404=VERTEX_POINT('',#4835);
#1405=VERTEX_POINT('',#4841);
#1406=VERTEX_POINT('',#4843);
#1407=VERTEX_POINT('',#4847);
#1408=VERTEX_POINT('',#4851);
#1409=VERTEX_POINT('',#4855);
#1410=VERTEX_POINT('',#4859);
#1411=VERTEX_POINT('',#4863);
#1412=VERTEX_POINT('',#4867);
#1413=VERTEX_POINT('',#4871);
#1414=VERTEX_POINT('',#4875);
#1415=VERTEX_POINT('',#4879);
#1416=VERTEX_POINT('',#4883);
#1417=VERTEX_POINT('',#4887);
#1418=VERTEX_POINT('',#4891);
#1419=VERTEX_POINT('',#4895);
#1420=VERTEX_POINT('',#4899);
#1421=VERTEX_POINT('',#4903);
#1422=VERTEX_POINT('',#4907);
#1423=VERTEX_POINT('',#4911);
#1424=VERTEX_POINT('',#4915);
#1425=VERTEX_POINT('',#4919);
#1426=VERTEX_POINT('',#4923);
#1427=VERTEX_POINT('',#4927);
#1428=VERTEX_POINT('',#4931);
#1429=VERTEX_POINT('',#4935);
#1430=VERTEX_POINT('',#4939);
#1431=VERTEX_POINT('',#4943);
#1432=VERTEX_POINT('',#4947);
#1433=VERTEX_POINT('',#4982);
#1434=VERTEX_POINT('',#4984);
#1435=VERTEX_POINT('',#4988);
#1436=VERTEX_POINT('',#4992);
#1437=VERTEX_POINT('',#4996);
#1438=VERTEX_POINT('',#5000);
#1439=VERTEX_POINT('',#5004);
#1440=VERTEX_POINT('',#5008);
#1441=VERTEX_POINT('',#5012);
#1442=VERTEX_POINT('',#5016);
#1443=VERTEX_POINT('',#5020);
#1444=VERTEX_POINT('',#5024);
#1445=VERTEX_POINT('',#5028);
#1446=VERTEX_POINT('',#5032);
#1447=VERTEX_POINT('',#5036);
#1448=VERTEX_POINT('',#5040);
#1449=VERTEX_POINT('',#5044);
#1450=VERTEX_POINT('',#5048);
#1451=VERTEX_POINT('',#5052);
#1452=VERTEX_POINT('',#5056);
#1453=VERTEX_POINT('',#5060);
#1454=VERTEX_POINT('',#5064);
#1455=VERTEX_POINT('',#5068);
#1456=VERTEX_POINT('',#5072);
#1457=VERTEX_POINT('',#5076);
#1458=VERTEX_POINT('',#5080);
#1459=VERTEX_POINT('',#5084);
#1460=VERTEX_POINT('',#5088);
#1461=VERTEX_POINT('',#5168);
#1462=VERTEX_POINT('',#5173);
#1463=VERTEX_POINT('',#5178);
#1464=VERTEX_POINT('',#5183);
#1465=VERTEX_POINT('',#5188);
#1466=VERTEX_POINT('',#5193);
#1467=VERTEX_POINT('',#5198);
#1468=VERTEX_POINT('',#5203);
#1469=VERTEX_POINT('',#5208);
#1470=VERTEX_POINT('',#5213);
#1471=VERTEX_POINT('',#5218);
#1472=VERTEX_POINT('',#5223);
#1473=VERTEX_POINT('',#5228);
#1474=VERTEX_POINT('',#5233);
#1475=VERTEX_POINT('',#5238);
#1476=VERTEX_POINT('',#5243);
#1477=EDGE_CURVE('',#1222,#1223,#674,.T.);
#1478=EDGE_CURVE('',#1223,#1224,#675,.T.);
#1479=EDGE_CURVE('',#1224,#1225,#676,.T.);
#1480=EDGE_CURVE('',#1225,#1222,#677,.T.);
#1481=EDGE_CURVE('',#1225,#1226,#678,.T.);
#1482=EDGE_CURVE('',#1226,#1227,#679,.T.);
#1483=EDGE_CURVE('',#1227,#1222,#680,.T.);
#1484=EDGE_CURVE('',#1226,#1228,#681,.T.);
#1485=EDGE_CURVE('',#1228,#1229,#682,.T.);
#1486=EDGE_CURVE('',#1229,#1227,#683,.T.);
#1487=EDGE_CURVE('',#1230,#1231,#684,.T.);
#1488=EDGE_CURVE('',#1231,#1232,#256,.T.);
#1489=EDGE_CURVE('',#1232,#1233,#685,.T.);
#1490=EDGE_CURVE('',#1233,#1230,#257,.T.);
#1491=EDGE_CURVE('',#1234,#1235,#686,.T.);
#1492=EDGE_CURVE('',#1235,#1233,#687,.T.);
#1493=EDGE_CURVE('',#1232,#1234,#688,.T.);
#1494=EDGE_CURVE('',#1236,#1237,#689,.T.);
#1495=EDGE_CURVE('',#1237,#1235,#258,.T.);
#1496=EDGE_CURVE('',#1234,#1236,#259,.T.);
#1497=EDGE_CURVE('',#1230,#1229,#260,.T.);
#1498=EDGE_CURVE('',#1228,#1231,#261,.T.);
#1499=EDGE_CURVE('',#1238,#1239,#690,.T.);
#1500=EDGE_CURVE('',#1239,#1240,#691,.T.);
#1501=EDGE_CURVE('',#1240,#1241,#692,.T.);
#1502=EDGE_CURVE('',#1241,#1238,#693,.T.);
#1503=EDGE_CURVE('',#1242,#1238,#694,.T.);
#1504=EDGE_CURVE('',#1241,#1243,#695,.T.);
#1505=EDGE_CURVE('',#1243,#1242,#696,.T.);
#1506=EDGE_CURVE('',#1243,#1244,#697,.T.);
#1507=EDGE_CURVE('',#1244,#1245,#698,.T.);
#1508=EDGE_CURVE('',#1245,#1242,#699,.T.);
#1509=EDGE_CURVE('',#1239,#1237,#262,.T.);
#1510=EDGE_CURVE('',#1236,#1240,#263,.T.);
#1511=EDGE_CURVE('',#1246,#1247,#700,.T.);
#1512=EDGE_CURVE('',#1247,#1248,#264,.T.);
#1513=EDGE_CURVE('',#1248,#1249,#701,.T.);
#1514=EDGE_CURVE('',#1249,#1246,#265,.T.);
#1515=EDGE_CURVE('',#1248,#1250,#702,.T.);
#1516=EDGE_CURVE('',#1250,#1251,#703,.T.);
#1517=EDGE_CURVE('',#1251,#1249,#704,.T.);
#1518=EDGE_CURVE('',#1252,#1253,#705,.T.);
#1519=EDGE_CURVE('',#1253,#1251,#266,.T.);
#1520=EDGE_CURVE('',#1250,#1252,#267,.T.);
#1521=EDGE_CURVE('',#1246,#1245,#268,.T.);
#1522=EDGE_CURVE('',#1244,#1247,#269,.T.);
#1523=EDGE_CURVE('',#1223,#1253,#270,.T.);
#1524=EDGE_CURVE('',#1252,#1224,#271,.T.);
#1525=EDGE_CURVE('',#1254,#1252,#706,.T.);
#1526=EDGE_CURVE('',#1255,#1254,#707,.T.);
#1527=EDGE_CURVE('',#1231,#1255,#708,.T.);
#1528=EDGE_CURVE('',#1250,#1256,#709,.T.);
#1529=EDGE_CURVE('',#1254,#1256,#74,.T.);
#1530=EDGE_CURVE('',#1257,#1248,#710,.T.);
#1531=EDGE_CURVE('',#1256,#1257,#711,.T.);
#1532=EDGE_CURVE('',#1247,#1258,#712,.T.);
#1533=EDGE_CURVE('',#1257,#1258,#75,.T.);
#1534=EDGE_CURVE('',#1227,#1238,#713,.T.);
#1535=EDGE_CURVE('',#1254,#1259,#714,.T.);
#1536=EDGE_CURVE('',#1259,#1260,#715,.T.);
#1537=EDGE_CURVE('',#1260,#1255,#716,.T.);
#1538=EDGE_CURVE('',#1256,#1261,#717,.T.);
#1539=EDGE_CURVE('',#1261,#1259,#76,.T.);
#1540=EDGE_CURVE('',#1257,#1262,#718,.T.);
#1541=EDGE_CURVE('',#1262,#1261,#719,.T.);
#1542=EDGE_CURVE('',#1258,#1263,#720,.T.);
#1543=EDGE_CURVE('',#1263,#1262,#77,.T.);
#1544=EDGE_CURVE('',#1258,#1264,#721,.T.);
#1545=EDGE_CURVE('',#1264,#1265,#722,.T.);
#1546=EDGE_CURVE('',#1265,#1263,#723,.T.);
#1547=EDGE_CURVE('',#1264,#1266,#78,.T.);
#1548=EDGE_CURVE('',#1266,#1267,#724,.T.);
#1549=EDGE_CURVE('',#1267,#1265,#79,.T.);
#1550=EDGE_CURVE('',#1266,#1268,#725,.T.);
#1551=EDGE_CURVE('',#1268,#1269,#726,.T.);
#1552=EDGE_CURVE('',#1269,#1267,#727,.T.);
#1553=EDGE_CURVE('',#1268,#1255,#80,.T.);
#1554=EDGE_CURVE('',#1260,#1269,#81,.T.);
#1555=EDGE_CURVE('',#1270,#1270,#82,.T.);
#1556=EDGE_CURVE('',#1271,#1271,#83,.T.);
#1557=EDGE_CURVE('',#1272,#1273,#84,.T.);
#1558=EDGE_CURVE('',#1274,#1272,#728,.T.);
#1559=EDGE_CURVE('',#1275,#1274,#85,.T.);
#1560=EDGE_CURVE('',#1276,#1275,#729,.T.);
#1561=EDGE_CURVE('',#1277,#1276,#86,.T.);
#1562=EDGE_CURVE('',#1278,#1277,#730,.T.);
#1563=EDGE_CURVE('',#1279,#1278,#87,.T.);
#1564=EDGE_CURVE('',#1280,#1279,#731,.T.);
#1565=EDGE_CURVE('',#1281,#1280,#88,.T.);
#1566=EDGE_CURVE('',#1282,#1281,#732,.T.);
#1567=EDGE_CURVE('',#1283,#1282,#89,.T.);
#1568=EDGE_CURVE('',#1284,#1283,#733,.T.);
#1569=EDGE_CURVE('',#1285,#1284,#90,.T.);
#1570=EDGE_CURVE('',#1286,#1285,#734,.T.);
#1571=EDGE_CURVE('',#1287,#1286,#91,.T.);
#1572=EDGE_CURVE('',#1288,#1287,#735,.T.);
#1573=EDGE_CURVE('',#1289,#1288,#92,.T.);
#1574=EDGE_CURVE('',#1290,#1289,#736,.T.);
#1575=EDGE_CURVE('',#1291,#1290,#93,.T.);
#1576=EDGE_CURVE('',#1292,#1291,#737,.T.);
#1577=EDGE_CURVE('',#1293,#1292,#94,.T.);
#1578=EDGE_CURVE('',#1294,#1293,#738,.T.);
#1579=EDGE_CURVE('',#1295,#1294,#95,.T.);
#1580=EDGE_CURVE('',#1296,#1295,#739,.T.);
#1581=EDGE_CURVE('',#1297,#1296,#96,.T.);
#1582=EDGE_CURVE('',#1298,#1297,#740,.T.);
#1583=EDGE_CURVE('',#1299,#1298,#97,.T.);
#1584=EDGE_CURVE('',#1273,#1299,#741,.T.);
#1585=EDGE_CURVE('',#1300,#1300,#98,.T.);
#1586=EDGE_CURVE('',#1301,#1302,#99,.T.);
#1587=EDGE_CURVE('',#1303,#1301,#742,.T.);
#1588=EDGE_CURVE('',#1304,#1303,#100,.T.);
#1589=EDGE_CURVE('',#1305,#1304,#743,.T.);
#1590=EDGE_CURVE('',#1306,#1305,#101,.T.);
#1591=EDGE_CURVE('',#1307,#1306,#744,.T.);
#1592=EDGE_CURVE('',#1308,#1307,#102,.T.);
#1593=EDGE_CURVE('',#1309,#1308,#745,.T.);
#1594=EDGE_CURVE('',#1310,#1309,#103,.T.);
#1595=EDGE_CURVE('',#1311,#1310,#746,.T.);
#1596=EDGE_CURVE('',#1312,#1311,#104,.T.);
#1597=EDGE_CURVE('',#1313,#1312,#747,.T.);
#1598=EDGE_CURVE('',#1314,#1313,#105,.T.);
#1599=EDGE_CURVE('',#1315,#1314,#748,.T.);
#1600=EDGE_CURVE('',#1316,#1315,#106,.T.);
#1601=EDGE_CURVE('',#1317,#1316,#749,.T.);
#1602=EDGE_CURVE('',#1318,#1317,#107,.T.);
#1603=EDGE_CURVE('',#1319,#1318,#750,.T.);
#1604=EDGE_CURVE('',#1320,#1319,#108,.T.);
#1605=EDGE_CURVE('',#1321,#1320,#751,.T.);
#1606=EDGE_CURVE('',#1322,#1321,#109,.T.);
#1607=EDGE_CURVE('',#1323,#1322,#752,.T.);
#1608=EDGE_CURVE('',#1324,#1323,#110,.T.);
#1609=EDGE_CURVE('',#1325,#1324,#753,.T.);
#1610=EDGE_CURVE('',#1326,#1325,#111,.T.);
#1611=EDGE_CURVE('',#1327,#1326,#754,.T.);
#1612=EDGE_CURVE('',#1328,#1327,#112,.T.);
#1613=EDGE_CURVE('',#1302,#1328,#755,.T.);
#1614=EDGE_CURVE('',#1329,#1329,#113,.F.);
#1615=EDGE_CURVE('',#1330,#1330,#114,.F.);
#1616=EDGE_CURVE('',#1331,#1331,#115,.F.);
#1617=EDGE_CURVE('',#1332,#1332,#116,.F.);
#1618=EDGE_CURVE('',#1333,#1333,#117,.F.);
#1619=EDGE_CURVE('',#1334,#1334,#118,.F.);
#1620=EDGE_CURVE('',#1335,#1335,#119,.F.);
#1621=EDGE_CURVE('',#1336,#1336,#120,.F.);
#1622=EDGE_CURVE('',#1337,#1337,#121,.F.);
#1623=EDGE_CURVE('',#1338,#1338,#122,.F.);
#1624=EDGE_CURVE('',#1339,#1339,#123,.F.);
#1625=EDGE_CURVE('',#1340,#1340,#124,.F.);
#1626=EDGE_CURVE('',#1341,#1341,#125,.F.);
#1627=EDGE_CURVE('',#1342,#1342,#126,.F.);
#1628=EDGE_CURVE('',#1343,#1343,#127,.F.);
#1629=EDGE_CURVE('',#1344,#1344,#128,.F.);
#1630=EDGE_CURVE('',#1345,#1345,#129,.T.);
#1631=EDGE_CURVE('',#1345,#1346,#756,.T.);
#1632=EDGE_CURVE('',#1346,#1346,#130,.T.);
#1633=EDGE_CURVE('',#1242,#1222,#757,.T.);
#1634=EDGE_CURVE('',#1347,#1348,#758,.T.);
#1635=EDGE_CURVE('',#1349,#1347,#131,.T.);
#1636=EDGE_CURVE('',#1350,#1349,#759,.T.);
#1637=EDGE_CURVE('',#1351,#1350,#132,.T.);
#1638=EDGE_CURVE('',#1352,#1351,#760,.T.);
#1639=EDGE_CURVE('',#1353,#1352,#133,.T.);
#1640=EDGE_CURVE('',#1354,#1353,#761,.T.);
#1641=EDGE_CURVE('',#1355,#1354,#134,.T.);
#1642=EDGE_CURVE('',#1356,#1355,#762,.T.);
#1643=EDGE_CURVE('',#1357,#1356,#135,.T.);
#1644=EDGE_CURVE('',#1358,#1357,#763,.T.);
#1645=EDGE_CURVE('',#1359,#1358,#136,.T.);
#1646=EDGE_CURVE('',#1360,#1359,#764,.T.);
#1647=EDGE_CURVE('',#1361,#1360,#137,.T.);
#1648=EDGE_CURVE('',#1362,#1361,#765,.T.);
#1649=EDGE_CURVE('',#1363,#1362,#138,.T.);
#1650=EDGE_CURVE('',#1364,#1363,#766,.T.);
#1651=EDGE_CURVE('',#1365,#1364,#139,.T.);
#1652=EDGE_CURVE('',#1366,#1365,#767,.T.);
#1653=EDGE_CURVE('',#1367,#1366,#140,.T.);
#1654=EDGE_CURVE('',#1368,#1367,#768,.T.);
#1655=EDGE_CURVE('',#1369,#1368,#141,.T.);
#1656=EDGE_CURVE('',#1370,#1369,#769,.T.);
#1657=EDGE_CURVE('',#1371,#1370,#142,.T.);
#1658=EDGE_CURVE('',#1372,#1371,#770,.T.);
#1659=EDGE_CURVE('',#1373,#1372,#143,.T.);
#1660=EDGE_CURVE('',#1374,#1373,#771,.T.);
#1661=EDGE_CURVE('',#1348,#1374,#144,.T.);
#1662=EDGE_CURVE('',#1375,#1375,#145,.T.);
#1663=EDGE_CURVE('',#1376,#1376,#146,.T.);
#1664=EDGE_CURVE('',#1377,#1378,#772,.T.);
#1665=EDGE_CURVE('',#1379,#1377,#147,.T.);
#1666=EDGE_CURVE('',#1380,#1379,#773,.T.);
#1667=EDGE_CURVE('',#1381,#1380,#148,.T.);
#1668=EDGE_CURVE('',#1382,#1381,#774,.T.);
#1669=EDGE_CURVE('',#1383,#1382,#149,.T.);
#1670=EDGE_CURVE('',#1384,#1383,#775,.T.);
#1671=EDGE_CURVE('',#1385,#1384,#150,.T.);
#1672=EDGE_CURVE('',#1386,#1385,#776,.T.);
#1673=EDGE_CURVE('',#1387,#1386,#151,.T.);
#1674=EDGE_CURVE('',#1388,#1387,#777,.T.);
#1675=EDGE_CURVE('',#1389,#1388,#152,.T.);
#1676=EDGE_CURVE('',#1390,#1389,#778,.T.);
#1677=EDGE_CURVE('',#1391,#1390,#153,.T.);
#1678=EDGE_CURVE('',#1392,#1391,#779,.T.);
#1679=EDGE_CURVE('',#1393,#1392,#154,.T.);
#1680=EDGE_CURVE('',#1394,#1393,#780,.T.);
#1681=EDGE_CURVE('',#1395,#1394,#155,.T.);
#1682=EDGE_CURVE('',#1396,#1395,#781,.T.);
#1683=EDGE_CURVE('',#1397,#1396,#156,.T.);
#1684=EDGE_CURVE('',#1398,#1397,#782,.T.);
#1685=EDGE_CURVE('',#1399,#1398,#157,.T.);
#1686=EDGE_CURVE('',#1400,#1399,#783,.T.);
#1687=EDGE_CURVE('',#1401,#1400,#158,.T.);
#1688=EDGE_CURVE('',#1402,#1401,#784,.T.);
#1689=EDGE_CURVE('',#1403,#1402,#159,.T.);
#1690=EDGE_CURVE('',#1404,#1403,#785,.T.);
#1691=EDGE_CURVE('',#1378,#1404,#160,.T.);
#1692=EDGE_CURVE('',#1346,#1300,#786,.T.);
#1693=EDGE_CURVE('',#1405,#1347,#787,.T.);
#1694=EDGE_CURVE('',#1348,#1406,#788,.T.);
#1695=EDGE_CURVE('',#1406,#1405,#789,.T.);
#1696=EDGE_CURVE('',#1405,#1407,#161,.T.);
#1697=EDGE_CURVE('',#1407,#1349,#790,.T.);
#1698=EDGE_CURVE('',#1408,#1350,#791,.T.);
#1699=EDGE_CURVE('',#1407,#1408,#792,.T.);
#1700=EDGE_CURVE('',#1408,#1409,#162,.T.);
#1701=EDGE_CURVE('',#1409,#1351,#793,.T.);
#1702=EDGE_CURVE('',#1410,#1352,#794,.T.);
#1703=EDGE_CURVE('',#1409,#1410,#795,.T.);
#1704=EDGE_CURVE('',#1410,#1411,#163,.T.);
#1705=EDGE_CURVE('',#1411,#1353,#796,.T.);
#1706=EDGE_CURVE('',#1412,#1354,#797,.T.);
#1707=EDGE_CURVE('',#1411,#1412,#798,.T.);
#1708=EDGE_CURVE('',#1412,#1413,#164,.T.);
#1709=EDGE_CURVE('',#1413,#1355,#799,.T.);
#1710=EDGE_CURVE('',#1414,#1356,#800,.T.);
#1711=EDGE_CURVE('',#1413,#1414,#801,.T.);
#1712=EDGE_CURVE('',#1414,#1415,#165,.T.);
#1713=EDGE_CURVE('',#1415,#1357,#802,.T.);
#1714=EDGE_CURVE('',#1416,#1358,#803,.T.);
#1715=EDGE_CURVE('',#1415,#1416,#804,.T.);
#1716=EDGE_CURVE('',#1416,#1417,#166,.T.);
#1717=EDGE_CURVE('',#1417,#1359,#805,.T.);
#1718=EDGE_CURVE('',#1418,#1360,#806,.T.);
#1719=EDGE_CURVE('',#1417,#1418,#807,.T.);
#1720=EDGE_CURVE('',#1418,#1419,#167,.T.);
#1721=EDGE_CURVE('',#1419,#1361,#808,.T.);
#1722=EDGE_CURVE('',#1420,#1362,#809,.T.);
#1723=EDGE_CURVE('',#1419,#1420,#810,.T.);
#1724=EDGE_CURVE('',#1420,#1421,#168,.T.);
#1725=EDGE_CURVE('',#1421,#1363,#811,.T.);
#1726=EDGE_CURVE('',#1422,#1364,#812,.T.);
#1727=EDGE_CURVE('',#1421,#1422,#813,.T.);
#1728=EDGE_CURVE('',#1422,#1423,#169,.T.);
#1729=EDGE_CURVE('',#1423,#1365,#814,.T.);
#1730=EDGE_CURVE('',#1424,#1366,#815,.T.);
#1731=EDGE_CURVE('',#1423,#1424,#816,.T.);
#1732=EDGE_CURVE('',#1424,#1425,#170,.T.);
#1733=EDGE_CURVE('',#1425,#1367,#817,.T.);
#1734=EDGE_CURVE('',#1426,#1368,#818,.T.);
#1735=EDGE_CURVE('',#1425,#1426,#819,.T.);
#1736=EDGE_CURVE('',#1426,#1427,#171,.T.);
#1737=EDGE_CURVE('',#1427,#1369,#820,.T.);
#1738=EDGE_CURVE('',#1428,#1370,#821,.T.);
#1739=EDGE_CURVE('',#1427,#1428,#822,.T.);
#1740=EDGE_CURVE('',#1428,#1429,#172,.T.);
#1741=EDGE_CURVE('',#1429,#1371,#823,.T.);
#1742=EDGE_CURVE('',#1430,#1372,#824,.T.);
#1743=EDGE_CURVE('',#1429,#1430,#825,.T.);
#1744=EDGE_CURVE('',#1430,#1431,#173,.T.);
#1745=EDGE_CURVE('',#1431,#1373,#826,.T.);
#1746=EDGE_CURVE('',#1432,#1374,#827,.T.);
#1747=EDGE_CURVE('',#1431,#1432,#828,.T.);
#1748=EDGE_CURVE('',#1432,#1406,#174,.T.);
#1749=EDGE_CURVE('',#1418,#1322,#829,.T.);
#1750=EDGE_CURVE('',#1321,#1419,#830,.T.);
#1751=EDGE_CURVE('',#1323,#1417,#831,.T.);
#1752=EDGE_CURVE('',#1416,#1324,#832,.T.);
#1753=EDGE_CURVE('',#1325,#1415,#833,.T.);
#1754=EDGE_CURVE('',#1414,#1326,#834,.T.);
#1755=EDGE_CURVE('',#1327,#1413,#835,.T.);
#1756=EDGE_CURVE('',#1412,#1328,#836,.T.);
#1757=EDGE_CURVE('',#1302,#1411,#837,.T.);
#1758=EDGE_CURVE('',#1410,#1301,#838,.T.);
#1759=EDGE_CURVE('',#1303,#1409,#839,.T.);
#1760=EDGE_CURVE('',#1408,#1304,#840,.T.);
#1761=EDGE_CURVE('',#1305,#1407,#841,.T.);
#1762=EDGE_CURVE('',#1405,#1306,#842,.T.);
#1763=EDGE_CURVE('',#1307,#1406,#843,.T.);
#1764=EDGE_CURVE('',#1433,#1377,#844,.T.);
#1765=EDGE_CURVE('',#1378,#1434,#845,.T.);
#1766=EDGE_CURVE('',#1434,#1433,#846,.T.);
#1767=EDGE_CURVE('',#1433,#1435,#175,.T.);
#1768=EDGE_CURVE('',#1435,#1379,#847,.T.);
#1769=EDGE_CURVE('',#1436,#1380,#848,.T.);
#1770=EDGE_CURVE('',#1435,#1436,#849,.T.);
#1771=EDGE_CURVE('',#1436,#1437,#176,.T.);
#1772=EDGE_CURVE('',#1437,#1381,#850,.T.);
#1773=EDGE_CURVE('',#1438,#1382,#851,.T.);
#1774=EDGE_CURVE('',#1437,#1438,#852,.T.);
#1775=EDGE_CURVE('',#1438,#1439,#177,.T.);
#1776=EDGE_CURVE('',#1439,#1383,#853,.T.);
#1777=EDGE_CURVE('',#1440,#1384,#854,.T.);
#1778=EDGE_CURVE('',#1439,#1440,#855,.T.);
#1779=EDGE_CURVE('',#1440,#1441,#178,.T.);
#1780=EDGE_CURVE('',#1441,#1385,#856,.T.);
#1781=EDGE_CURVE('',#1442,#1386,#857,.T.);
#1782=EDGE_CURVE('',#1441,#1442,#858,.T.);
#1783=EDGE_CURVE('',#1442,#1443,#179,.T.);
#1784=EDGE_CURVE('',#1443,#1387,#859,.T.);
#1785=EDGE_CURVE('',#1444,#1388,#860,.T.);
#1786=EDGE_CURVE('',#1443,#1444,#861,.T.);
#1787=EDGE_CURVE('',#1444,#1445,#180,.T.);
#1788=EDGE_CURVE('',#1445,#1389,#862,.T.);
#1789=EDGE_CURVE('',#1446,#1390,#863,.T.);
#1790=EDGE_CURVE('',#1445,#1446,#864,.T.);
#1791=EDGE_CURVE('',#1446,#1447,#181,.T.);
#1792=EDGE_CURVE('',#1447,#1391,#865,.T.);
#1793=EDGE_CURVE('',#1448,#1392,#866,.T.);
#1794=EDGE_CURVE('',#1447,#1448,#867,.T.);
#1795=EDGE_CURVE('',#1448,#1449,#182,.T.);
#1796=EDGE_CURVE('',#1449,#1393,#868,.T.);
#1797=EDGE_CURVE('',#1450,#1394,#869,.T.);
#1798=EDGE_CURVE('',#1449,#1450,#870,.T.);
#1799=EDGE_CURVE('',#1450,#1451,#183,.T.);
#1800=EDGE_CURVE('',#1451,#1395,#871,.T.);
#1801=EDGE_CURVE('',#1452,#1396,#872,.T.);
#1802=EDGE_CURVE('',#1451,#1452,#873,.T.);
#1803=EDGE_CURVE('',#1452,#1453,#184,.T.);
#1804=EDGE_CURVE('',#1453,#1397,#874,.T.);
#1805=EDGE_CURVE('',#1454,#1398,#875,.T.);
#1806=EDGE_CURVE('',#1453,#1454,#876,.T.);
#1807=EDGE_CURVE('',#1454,#1455,#185,.T.);
#1808=EDGE_CURVE('',#1455,#1399,#877,.T.);
#1809=EDGE_CURVE('',#1456,#1400,#878,.T.);
#1810=EDGE_CURVE('',#1455,#1456,#879,.T.);
#1811=EDGE_CURVE('',#1456,#1457,#186,.T.);
#1812=EDGE_CURVE('',#1457,#1401,#880,.T.);
#1813=EDGE_CURVE('',#1458,#1402,#881,.T.);
#1814=EDGE_CURVE('',#1457,#1458,#882,.T.);
#1815=EDGE_CURVE('',#1458,#1459,#187,.T.);
#1816=EDGE_CURVE('',#1459,#1403,#883,.T.);
#1817=EDGE_CURVE('',#1460,#1404,#884,.T.);
#1818=EDGE_CURVE('',#1459,#1460,#885,.T.);
#1819=EDGE_CURVE('',#1460,#1434,#188,.T.);
#1820=EDGE_CURVE('',#1446,#1281,#886,.T.);
#1821=EDGE_CURVE('',#1280,#1447,#887,.T.);
#1822=EDGE_CURVE('',#1282,#1445,#888,.T.);
#1823=EDGE_CURVE('',#1444,#1283,#889,.T.);
#1824=EDGE_CURVE('',#1284,#1443,#890,.T.);
#1825=EDGE_CURVE('',#1442,#1285,#891,.T.);
#1826=EDGE_CURVE('',#1286,#1441,#892,.T.);
#1827=EDGE_CURVE('',#1440,#1287,#893,.T.);
#1828=EDGE_CURVE('',#1288,#1439,#894,.T.);
#1829=EDGE_CURVE('',#1438,#1289,#895,.T.);
#1830=EDGE_CURVE('',#1290,#1437,#896,.T.);
#1831=EDGE_CURVE('',#1436,#1291,#897,.T.);
#1832=EDGE_CURVE('',#1292,#1435,#898,.T.);
#1833=EDGE_CURVE('',#1433,#1293,#899,.T.);
#1834=EDGE_CURVE('',#1294,#1434,#900,.T.);
#1835=EDGE_CURVE('',#1420,#1320,#901,.T.);
#1836=EDGE_CURVE('',#1422,#1318,#902,.T.);
#1837=EDGE_CURVE('',#1317,#1423,#903,.T.);
#1838=EDGE_CURVE('',#1424,#1316,#904,.T.);
#1839=EDGE_CURVE('',#1426,#1314,#905,.T.);
#1840=EDGE_CURVE('',#1313,#1427,#906,.T.);
#1841=EDGE_CURVE('',#1428,#1312,#907,.T.);
#1842=EDGE_CURVE('',#1311,#1429,#908,.T.);
#1843=EDGE_CURVE('',#1430,#1310,#909,.T.);
#1844=EDGE_CURVE('',#1456,#1299,#910,.T.);
#1845=EDGE_CURVE('',#1298,#1457,#911,.T.);
#1846=EDGE_CURVE('',#1458,#1297,#912,.T.);
#1847=EDGE_CURVE('',#1450,#1277,#913,.T.);
#1848=EDGE_CURVE('',#1276,#1451,#914,.T.);
#1849=EDGE_CURVE('',#1452,#1275,#915,.T.);
#1850=EDGE_CURVE('',#1448,#1279,#916,.T.);
#1851=EDGE_CURVE('',#1278,#1449,#917,.T.);
#1852=EDGE_CURVE('',#1460,#1295,#918,.T.);
#1853=EDGE_CURVE('',#1296,#1459,#919,.T.);
#1854=EDGE_CURVE('',#1432,#1308,#920,.T.);
#1855=EDGE_CURVE('',#1268,#1232,#921,.T.);
#1856=EDGE_CURVE('',#1234,#1266,#922,.T.);
#1857=EDGE_CURVE('',#1264,#1236,#923,.T.);
#1858=EDGE_CURVE('',#1344,#1461,#924,.T.);
#1859=EDGE_CURVE('',#1461,#1461,#189,.F.);
#1860=EDGE_CURVE('',#1343,#1462,#925,.T.);
#1861=EDGE_CURVE('',#1462,#1462,#190,.F.);
#1862=EDGE_CURVE('',#1342,#1463,#926,.T.);
#1863=EDGE_CURVE('',#1463,#1463,#191,.F.);
#1864=EDGE_CURVE('',#1341,#1464,#927,.T.);
#1865=EDGE_CURVE('',#1464,#1464,#192,.F.);
#1866=EDGE_CURVE('',#1340,#1465,#928,.T.);
#1867=EDGE_CURVE('',#1465,#1465,#193,.F.);
#1868=EDGE_CURVE('',#1339,#1466,#929,.T.);
#1869=EDGE_CURVE('',#1466,#1466,#194,.F.);
#1870=EDGE_CURVE('',#1338,#1467,#930,.T.);
#1871=EDGE_CURVE('',#1467,#1467,#195,.F.);
#1872=EDGE_CURVE('',#1337,#1468,#931,.T.);
#1873=EDGE_CURVE('',#1468,#1468,#196,.F.);
#1874=EDGE_CURVE('',#1336,#1469,#932,.T.);
#1875=EDGE_CURVE('',#1469,#1469,#197,.F.);
#1876=EDGE_CURVE('',#1335,#1470,#933,.T.);
#1877=EDGE_CURVE('',#1470,#1470,#198,.F.);
#1878=EDGE_CURVE('',#1334,#1471,#934,.T.);
#1879=EDGE_CURVE('',#1471,#1471,#199,.F.);
#1880=EDGE_CURVE('',#1333,#1472,#935,.T.);
#1881=EDGE_CURVE('',#1472,#1472,#200,.F.);
#1882=EDGE_CURVE('',#1332,#1473,#936,.T.);
#1883=EDGE_CURVE('',#1473,#1473,#201,.F.);
#1884=EDGE_CURVE('',#1331,#1474,#937,.T.);
#1885=EDGE_CURVE('',#1474,#1474,#202,.F.);
#1886=EDGE_CURVE('',#1330,#1475,#938,.T.);
#1887=EDGE_CURVE('',#1475,#1475,#203,.F.);
#1888=EDGE_CURVE('',#1329,#1476,#939,.T.);
#1889=EDGE_CURVE('',#1476,#1476,#204,.F.);
#1890=EDGE_CURVE('',#1454,#1272,#940,.T.);
#1891=EDGE_CURVE('',#1273,#1455,#941,.T.);
#1892=EDGE_CURVE('',#1274,#1453,#942,.T.);
#1893=EDGE_CURVE('',#1319,#1421,#943,.T.);
#1894=EDGE_CURVE('',#1315,#1425,#944,.T.);
#1895=EDGE_CURVE('',#1309,#1431,#945,.T.);
#1896=EDGE_CURVE('',#1375,#1270,#946,.T.);
#1897=EDGE_CURVE('',#1376,#1271,#947,.T.);
#1898=ORIENTED_EDGE('',*,*,#1477,.T.);
#1899=ORIENTED_EDGE('',*,*,#1478,.T.);
#1900=ORIENTED_EDGE('',*,*,#1479,.T.);
#1901=ORIENTED_EDGE('',*,*,#1480,.T.);
#1902=ORIENTED_EDGE('',*,*,#1481,.T.);
#1903=ORIENTED_EDGE('',*,*,#1482,.T.);
#1904=ORIENTED_EDGE('',*,*,#1483,.T.);
#1905=ORIENTED_EDGE('',*,*,#1480,.F.);
#1906=ORIENTED_EDGE('',*,*,#1484,.T.);
#1907=ORIENTED_EDGE('',*,*,#1485,.T.);
#1908=ORIENTED_EDGE('',*,*,#1486,.T.);
#1909=ORIENTED_EDGE('',*,*,#1482,.F.);
#1910=ORIENTED_EDGE('',*,*,#1487,.T.);
#1911=ORIENTED_EDGE('',*,*,#1488,.T.);
#1912=ORIENTED_EDGE('',*,*,#1489,.T.);
#1913=ORIENTED_EDGE('',*,*,#1490,.T.);
#1914=ORIENTED_EDGE('',*,*,#1491,.T.);
#1915=ORIENTED_EDGE('',*,*,#1492,.T.);
#1916=ORIENTED_EDGE('',*,*,#1489,.F.);
#1917=ORIENTED_EDGE('',*,*,#1493,.T.);
#1918=ORIENTED_EDGE('',*,*,#1494,.T.);
#1919=ORIENTED_EDGE('',*,*,#1495,.T.);
#1920=ORIENTED_EDGE('',*,*,#1491,.F.);
#1921=ORIENTED_EDGE('',*,*,#1496,.T.);
#1922=ORIENTED_EDGE('',*,*,#1487,.F.);
#1923=ORIENTED_EDGE('',*,*,#1497,.T.);
#1924=ORIENTED_EDGE('',*,*,#1485,.F.);
#1925=ORIENTED_EDGE('',*,*,#1498,.T.);
#1926=ORIENTED_EDGE('',*,*,#1499,.T.);
#1927=ORIENTED_EDGE('',*,*,#1500,.T.);
#1928=ORIENTED_EDGE('',*,*,#1501,.T.);
#1929=ORIENTED_EDGE('',*,*,#1502,.T.);
#1930=ORIENTED_EDGE('',*,*,#1503,.T.);
#1931=ORIENTED_EDGE('',*,*,#1502,.F.);
#1932=ORIENTED_EDGE('',*,*,#1504,.T.);
#1933=ORIENTED_EDGE('',*,*,#1505,.T.);
#1934=ORIENTED_EDGE('',*,*,#1506,.T.);
#1935=ORIENTED_EDGE('',*,*,#1507,.T.);
#1936=ORIENTED_EDGE('',*,*,#1508,.T.);
#1937=ORIENTED_EDGE('',*,*,#1505,.F.);
#1938=ORIENTED_EDGE('',*,*,#1500,.F.);
#1939=ORIENTED_EDGE('',*,*,#1509,.T.);
#1940=ORIENTED_EDGE('',*,*,#1494,.F.);
#1941=ORIENTED_EDGE('',*,*,#1510,.T.);
#1942=ORIENTED_EDGE('',*,*,#1511,.T.);
#1943=ORIENTED_EDGE('',*,*,#1512,.T.);
#1944=ORIENTED_EDGE('',*,*,#1513,.T.);
#1945=ORIENTED_EDGE('',*,*,#1514,.T.);
#1946=ORIENTED_EDGE('',*,*,#1513,.F.);
#1947=ORIENTED_EDGE('',*,*,#1515,.T.);
#1948=ORIENTED_EDGE('',*,*,#1516,.T.);
#1949=ORIENTED_EDGE('',*,*,#1517,.T.);
#1950=ORIENTED_EDGE('',*,*,#1518,.T.);
#1951=ORIENTED_EDGE('',*,*,#1519,.T.);
#1952=ORIENTED_EDGE('',*,*,#1516,.F.);
#1953=ORIENTED_EDGE('',*,*,#1520,.T.);
#1954=ORIENTED_EDGE('',*,*,#1511,.F.);
#1955=ORIENTED_EDGE('',*,*,#1521,.T.);
#1956=ORIENTED_EDGE('',*,*,#1507,.F.);
#1957=ORIENTED_EDGE('',*,*,#1522,.T.);
#1958=ORIENTED_EDGE('',*,*,#1478,.F.);
#1959=ORIENTED_EDGE('',*,*,#1523,.T.);
#1960=ORIENTED_EDGE('',*,*,#1518,.F.);
#1961=ORIENTED_EDGE('',*,*,#1524,.T.);
#1962=ORIENTED_EDGE('',*,*,#1498,.F.);
#1963=ORIENTED_EDGE('',*,*,#1484,.F.);
#1964=ORIENTED_EDGE('',*,*,#1481,.F.);
#1965=ORIENTED_EDGE('',*,*,#1479,.F.);
#1966=ORIENTED_EDGE('',*,*,#1524,.F.);
#1967=ORIENTED_EDGE('',*,*,#1525,.F.);
#1968=ORIENTED_EDGE('',*,*,#1526,.F.);
#1969=ORIENTED_EDGE('',*,*,#1527,.F.);
#1970=ORIENTED_EDGE('',*,*,#1520,.F.);
#1971=ORIENTED_EDGE('',*,*,#1528,.T.);
#1972=ORIENTED_EDGE('',*,*,#1529,.F.);
#1973=ORIENTED_EDGE('',*,*,#1525,.T.);
#1974=ORIENTED_EDGE('',*,*,#1515,.F.);
#1975=ORIENTED_EDGE('',*,*,#1530,.F.);
#1976=ORIENTED_EDGE('',*,*,#1531,.F.);
#1977=ORIENTED_EDGE('',*,*,#1528,.F.);
#1978=ORIENTED_EDGE('',*,*,#1512,.F.);
#1979=ORIENTED_EDGE('',*,*,#1532,.T.);
#1980=ORIENTED_EDGE('',*,*,#1533,.F.);
#1981=ORIENTED_EDGE('',*,*,#1530,.T.);
#1982=ORIENTED_EDGE('',*,*,#1486,.F.);
#1983=ORIENTED_EDGE('',*,*,#1497,.F.);
#1984=ORIENTED_EDGE('',*,*,#1490,.F.);
#1985=ORIENTED_EDGE('',*,*,#1492,.F.);
#1986=ORIENTED_EDGE('',*,*,#1495,.F.);
#1987=ORIENTED_EDGE('',*,*,#1509,.F.);
#1988=ORIENTED_EDGE('',*,*,#1499,.F.);
#1989=ORIENTED_EDGE('',*,*,#1534,.F.);
#1990=ORIENTED_EDGE('',*,*,#1535,.T.);
#1991=ORIENTED_EDGE('',*,*,#1536,.T.);
#1992=ORIENTED_EDGE('',*,*,#1537,.T.);
#1993=ORIENTED_EDGE('',*,*,#1526,.T.);
#1994=ORIENTED_EDGE('',*,*,#1535,.F.);
#1995=ORIENTED_EDGE('',*,*,#1529,.T.);
#1996=ORIENTED_EDGE('',*,*,#1538,.T.);
#1997=ORIENTED_EDGE('',*,*,#1539,.T.);
#1998=ORIENTED_EDGE('',*,*,#1540,.T.);
#1999=ORIENTED_EDGE('',*,*,#1541,.T.);
#2000=ORIENTED_EDGE('',*,*,#1538,.F.);
#2001=ORIENTED_EDGE('',*,*,#1531,.T.);
#2002=ORIENTED_EDGE('',*,*,#1540,.F.);
#2003=ORIENTED_EDGE('',*,*,#1533,.T.);
#2004=ORIENTED_EDGE('',*,*,#1542,.T.);
#2005=ORIENTED_EDGE('',*,*,#1543,.T.);
#2006=ORIENTED_EDGE('',*,*,#1542,.F.);
#2007=ORIENTED_EDGE('',*,*,#1544,.T.);
#2008=ORIENTED_EDGE('',*,*,#1545,.T.);
#2009=ORIENTED_EDGE('',*,*,#1546,.T.);
#2010=ORIENTED_EDGE('',*,*,#1545,.F.);
#2011=ORIENTED_EDGE('',*,*,#1547,.T.);
#2012=ORIENTED_EDGE('',*,*,#1548,.T.);
#2013=ORIENTED_EDGE('',*,*,#1549,.T.);
#2014=ORIENTED_EDGE('',*,*,#1548,.F.);
#2015=ORIENTED_EDGE('',*,*,#1550,.T.);
#2016=ORIENTED_EDGE('',*,*,#1551,.T.);
#2017=ORIENTED_EDGE('',*,*,#1552,.T.);
#2018=ORIENTED_EDGE('',*,*,#1551,.F.);
#2019=ORIENTED_EDGE('',*,*,#1553,.T.);
#2020=ORIENTED_EDGE('',*,*,#1537,.F.);
#2021=ORIENTED_EDGE('',*,*,#1554,.T.);
#2022=ORIENTED_EDGE('',*,*,#1536,.F.);
#2023=ORIENTED_EDGE('',*,*,#1539,.F.);
#2024=ORIENTED_EDGE('',*,*,#1541,.F.);
#2025=ORIENTED_EDGE('',*,*,#1543,.F.);
#2026=ORIENTED_EDGE('',*,*,#1546,.F.);
#2027=ORIENTED_EDGE('',*,*,#1549,.F.);
#2028=ORIENTED_EDGE('',*,*,#1552,.F.);
#2029=ORIENTED_EDGE('',*,*,#1554,.F.);
#2030=ORIENTED_EDGE('',*,*,#1555,.F.);
#2031=ORIENTED_EDGE('',*,*,#1556,.F.);
#2032=ORIENTED_EDGE('',*,*,#1557,.F.);
#2033=ORIENTED_EDGE('',*,*,#1558,.F.);
#2034=ORIENTED_EDGE('',*,*,#1559,.F.);
#2035=ORIENTED_EDGE('',*,*,#1560,.F.);
#2036=ORIENTED_EDGE('',*,*,#1561,.F.);
#2037=ORIENTED_EDGE('',*,*,#1562,.F.);
#2038=ORIENTED_EDGE('',*,*,#1563,.F.);
#2039=ORIENTED_EDGE('',*,*,#1564,.F.);
#2040=ORIENTED_EDGE('',*,*,#1565,.F.);
#2041=ORIENTED_EDGE('',*,*,#1566,.F.);
#2042=ORIENTED_EDGE('',*,*,#1567,.F.);
#2043=ORIENTED_EDGE('',*,*,#1568,.F.);
#2044=ORIENTED_EDGE('',*,*,#1569,.F.);
#2045=ORIENTED_EDGE('',*,*,#1570,.F.);
#2046=ORIENTED_EDGE('',*,*,#1571,.F.);
#2047=ORIENTED_EDGE('',*,*,#1572,.F.);
#2048=ORIENTED_EDGE('',*,*,#1573,.F.);
#2049=ORIENTED_EDGE('',*,*,#1574,.F.);
#2050=ORIENTED_EDGE('',*,*,#1575,.F.);
#2051=ORIENTED_EDGE('',*,*,#1576,.F.);
#2052=ORIENTED_EDGE('',*,*,#1577,.F.);
#2053=ORIENTED_EDGE('',*,*,#1578,.F.);
#2054=ORIENTED_EDGE('',*,*,#1579,.F.);
#2055=ORIENTED_EDGE('',*,*,#1580,.F.);
#2056=ORIENTED_EDGE('',*,*,#1581,.F.);
#2057=ORIENTED_EDGE('',*,*,#1582,.F.);
#2058=ORIENTED_EDGE('',*,*,#1583,.F.);
#2059=ORIENTED_EDGE('',*,*,#1584,.F.);
#2060=ORIENTED_EDGE('',*,*,#1585,.F.);
#2061=ORIENTED_EDGE('',*,*,#1586,.F.);
#2062=ORIENTED_EDGE('',*,*,#1587,.F.);
#2063=ORIENTED_EDGE('',*,*,#1588,.F.);
#2064=ORIENTED_EDGE('',*,*,#1589,.F.);
#2065=ORIENTED_EDGE('',*,*,#1590,.F.);
#2066=ORIENTED_EDGE('',*,*,#1591,.F.);
#2067=ORIENTED_EDGE('',*,*,#1592,.F.);
#2068=ORIENTED_EDGE('',*,*,#1593,.F.);
#2069=ORIENTED_EDGE('',*,*,#1594,.F.);
#2070=ORIENTED_EDGE('',*,*,#1595,.F.);
#2071=ORIENTED_EDGE('',*,*,#1596,.F.);
#2072=ORIENTED_EDGE('',*,*,#1597,.F.);
#2073=ORIENTED_EDGE('',*,*,#1598,.F.);
#2074=ORIENTED_EDGE('',*,*,#1599,.F.);
#2075=ORIENTED_EDGE('',*,*,#1600,.F.);
#2076=ORIENTED_EDGE('',*,*,#1601,.F.);
#2077=ORIENTED_EDGE('',*,*,#1602,.F.);
#2078=ORIENTED_EDGE('',*,*,#1603,.F.);
#2079=ORIENTED_EDGE('',*,*,#1604,.F.);
#2080=ORIENTED_EDGE('',*,*,#1605,.F.);
#2081=ORIENTED_EDGE('',*,*,#1606,.F.);
#2082=ORIENTED_EDGE('',*,*,#1607,.F.);
#2083=ORIENTED_EDGE('',*,*,#1608,.F.);
#2084=ORIENTED_EDGE('',*,*,#1609,.F.);
#2085=ORIENTED_EDGE('',*,*,#1610,.F.);
#2086=ORIENTED_EDGE('',*,*,#1611,.F.);
#2087=ORIENTED_EDGE('',*,*,#1612,.F.);
#2088=ORIENTED_EDGE('',*,*,#1613,.F.);
#2089=ORIENTED_EDGE('',*,*,#1614,.T.);
#2090=ORIENTED_EDGE('',*,*,#1615,.T.);
#2091=ORIENTED_EDGE('',*,*,#1616,.T.);
#2092=ORIENTED_EDGE('',*,*,#1617,.T.);
#2093=ORIENTED_EDGE('',*,*,#1618,.T.);
#2094=ORIENTED_EDGE('',*,*,#1619,.T.);
#2095=ORIENTED_EDGE('',*,*,#1620,.T.);
#2096=ORIENTED_EDGE('',*,*,#1621,.T.);
#2097=ORIENTED_EDGE('',*,*,#1622,.T.);
#2098=ORIENTED_EDGE('',*,*,#1623,.T.);
#2099=ORIENTED_EDGE('',*,*,#1624,.T.);
#2100=ORIENTED_EDGE('',*,*,#1625,.T.);
#2101=ORIENTED_EDGE('',*,*,#1626,.T.);
#2102=ORIENTED_EDGE('',*,*,#1627,.T.);
#2103=ORIENTED_EDGE('',*,*,#1628,.T.);
#2104=ORIENTED_EDGE('',*,*,#1629,.T.);
#2105=ORIENTED_EDGE('',*,*,#1630,.T.);
#2106=ORIENTED_EDGE('',*,*,#1631,.T.);
#2107=ORIENTED_EDGE('',*,*,#1632,.T.);
#2108=ORIENTED_EDGE('',*,*,#1631,.F.);
#2109=ORIENTED_EDGE('',*,*,#1483,.F.);
#2110=ORIENTED_EDGE('',*,*,#1534,.T.);
#2111=ORIENTED_EDGE('',*,*,#1503,.F.);
#2112=ORIENTED_EDGE('',*,*,#1633,.T.);
#2113=ORIENTED_EDGE('',*,*,#1634,.F.);
#2114=ORIENTED_EDGE('',*,*,#1635,.F.);
#2115=ORIENTED_EDGE('',*,*,#1636,.F.);
#2116=ORIENTED_EDGE('',*,*,#1637,.F.);
#2117=ORIENTED_EDGE('',*,*,#1638,.F.);
#2118=ORIENTED_EDGE('',*,*,#1639,.F.);
#2119=ORIENTED_EDGE('',*,*,#1640,.F.);
#2120=ORIENTED_EDGE('',*,*,#1641,.F.);
#2121=ORIENTED_EDGE('',*,*,#1642,.F.);
#2122=ORIENTED_EDGE('',*,*,#1643,.F.);
#2123=ORIENTED_EDGE('',*,*,#1644,.F.);
#2124=ORIENTED_EDGE('',*,*,#1645,.F.);
#2125=ORIENTED_EDGE('',*,*,#1646,.F.);
#2126=ORIENTED_EDGE('',*,*,#1647,.F.);
#2127=ORIENTED_EDGE('',*,*,#1648,.F.);
#2128=ORIENTED_EDGE('',*,*,#1649,.F.);
#2129=ORIENTED_EDGE('',*,*,#1650,.F.);
#2130=ORIENTED_EDGE('',*,*,#1651,.F.);
#2131=ORIENTED_EDGE('',*,*,#1652,.F.);
#2132=ORIENTED_EDGE('',*,*,#1653,.F.);
#2133=ORIENTED_EDGE('',*,*,#1654,.F.);
#2134=ORIENTED_EDGE('',*,*,#1655,.F.);
#2135=ORIENTED_EDGE('',*,*,#1656,.F.);
#2136=ORIENTED_EDGE('',*,*,#1657,.F.);
#2137=ORIENTED_EDGE('',*,*,#1658,.F.);
#2138=ORIENTED_EDGE('',*,*,#1659,.F.);
#2139=ORIENTED_EDGE('',*,*,#1660,.F.);
#2140=ORIENTED_EDGE('',*,*,#1661,.F.);
#2141=ORIENTED_EDGE('',*,*,#1662,.T.);
#2142=ORIENTED_EDGE('',*,*,#1663,.T.);
#2143=ORIENTED_EDGE('',*,*,#1664,.F.);
#2144=ORIENTED_EDGE('',*,*,#1665,.F.);
#2145=ORIENTED_EDGE('',*,*,#1666,.F.);
#2146=ORIENTED_EDGE('',*,*,#1667,.F.);
#2147=ORIENTED_EDGE('',*,*,#1668,.F.);
#2148=ORIENTED_EDGE('',*,*,#1669,.F.);
#2149=ORIENTED_EDGE('',*,*,#1670,.F.);
#2150=ORIENTED_EDGE('',*,*,#1671,.F.);
#2151=ORIENTED_EDGE('',*,*,#1672,.F.);
#2152=ORIENTED_EDGE('',*,*,#1673,.F.);
#2153=ORIENTED_EDGE('',*,*,#1674,.F.);
#2154=ORIENTED_EDGE('',*,*,#1675,.F.);
#2155=ORIENTED_EDGE('',*,*,#1676,.F.);
#2156=ORIENTED_EDGE('',*,*,#1677,.F.);
#2157=ORIENTED_EDGE('',*,*,#1678,.F.);
#2158=ORIENTED_EDGE('',*,*,#1679,.F.);
#2159=ORIENTED_EDGE('',*,*,#1680,.F.);
#2160=ORIENTED_EDGE('',*,*,#1681,.F.);
#2161=ORIENTED_EDGE('',*,*,#1682,.F.);
#2162=ORIENTED_EDGE('',*,*,#1683,.F.);
#2163=ORIENTED_EDGE('',*,*,#1684,.F.);
#2164=ORIENTED_EDGE('',*,*,#1685,.F.);
#2165=ORIENTED_EDGE('',*,*,#1686,.F.);
#2166=ORIENTED_EDGE('',*,*,#1687,.F.);
#2167=ORIENTED_EDGE('',*,*,#1688,.F.);
#2168=ORIENTED_EDGE('',*,*,#1689,.F.);
#2169=ORIENTED_EDGE('',*,*,#1690,.F.);
#2170=ORIENTED_EDGE('',*,*,#1691,.F.);
#2171=ORIENTED_EDGE('',*,*,#1630,.F.);
#2172=ORIENTED_EDGE('',*,*,#1632,.F.);
#2173=ORIENTED_EDGE('',*,*,#1692,.T.);
#2174=ORIENTED_EDGE('',*,*,#1585,.T.);
#2175=ORIENTED_EDGE('',*,*,#1692,.F.);
#2176=ORIENTED_EDGE('',*,*,#1693,.T.);
#2177=ORIENTED_EDGE('',*,*,#1634,.T.);
#2178=ORIENTED_EDGE('',*,*,#1694,.T.);
#2179=ORIENTED_EDGE('',*,*,#1695,.T.);
#2180=ORIENTED_EDGE('',*,*,#1693,.F.);
#2181=ORIENTED_EDGE('',*,*,#1696,.T.);
#2182=ORIENTED_EDGE('',*,*,#1697,.T.);
#2183=ORIENTED_EDGE('',*,*,#1635,.T.);
#2184=ORIENTED_EDGE('',*,*,#1698,.T.);
#2185=ORIENTED_EDGE('',*,*,#1636,.T.);
#2186=ORIENTED_EDGE('',*,*,#1697,.F.);
#2187=ORIENTED_EDGE('',*,*,#1699,.T.);
#2188=ORIENTED_EDGE('',*,*,#1698,.F.);
#2189=ORIENTED_EDGE('',*,*,#1700,.T.);
#2190=ORIENTED_EDGE('',*,*,#1701,.T.);
#2191=ORIENTED_EDGE('',*,*,#1637,.T.);
#2192=ORIENTED_EDGE('',*,*,#1702,.T.);
#2193=ORIENTED_EDGE('',*,*,#1638,.T.);
#2194=ORIENTED_EDGE('',*,*,#1701,.F.);
#2195=ORIENTED_EDGE('',*,*,#1703,.T.);
#2196=ORIENTED_EDGE('',*,*,#1702,.F.);
#2197=ORIENTED_EDGE('',*,*,#1704,.T.);
#2198=ORIENTED_EDGE('',*,*,#1705,.T.);
#2199=ORIENTED_EDGE('',*,*,#1639,.T.);
#2200=ORIENTED_EDGE('',*,*,#1706,.T.);
#2201=ORIENTED_EDGE('',*,*,#1640,.T.);
#2202=ORIENTED_EDGE('',*,*,#1705,.F.);
#2203=ORIENTED_EDGE('',*,*,#1707,.T.);
#2204=ORIENTED_EDGE('',*,*,#1706,.F.);
#2205=ORIENTED_EDGE('',*,*,#1708,.T.);
#2206=ORIENTED_EDGE('',*,*,#1709,.T.);
#2207=ORIENTED_EDGE('',*,*,#1641,.T.);
#2208=ORIENTED_EDGE('',*,*,#1710,.T.);
#2209=ORIENTED_EDGE('',*,*,#1642,.T.);
#2210=ORIENTED_EDGE('',*,*,#1709,.F.);
#2211=ORIENTED_EDGE('',*,*,#1711,.T.);
#2212=ORIENTED_EDGE('',*,*,#1710,.F.);
#2213=ORIENTED_EDGE('',*,*,#1712,.T.);
#2214=ORIENTED_EDGE('',*,*,#1713,.T.);
#2215=ORIENTED_EDGE('',*,*,#1643,.T.);
#2216=ORIENTED_EDGE('',*,*,#1714,.T.);
#2217=ORIENTED_EDGE('',*,*,#1644,.T.);
#2218=ORIENTED_EDGE('',*,*,#1713,.F.);
#2219=ORIENTED_EDGE('',*,*,#1715,.T.);
#2220=ORIENTED_EDGE('',*,*,#1714,.F.);
#2221=ORIENTED_EDGE('',*,*,#1716,.T.);
#2222=ORIENTED_EDGE('',*,*,#1717,.T.);
#2223=ORIENTED_EDGE('',*,*,#1645,.T.);
#2224=ORIENTED_EDGE('',*,*,#1718,.T.);
#2225=ORIENTED_EDGE('',*,*,#1646,.T.);
#2226=ORIENTED_EDGE('',*,*,#1717,.F.);
#2227=ORIENTED_EDGE('',*,*,#1719,.T.);
#2228=ORIENTED_EDGE('',*,*,#1718,.F.);
#2229=ORIENTED_EDGE('',*,*,#1720,.T.);
#2230=ORIENTED_EDGE('',*,*,#1721,.T.);
#2231=ORIENTED_EDGE('',*,*,#1647,.T.);
#2232=ORIENTED_EDGE('',*,*,#1722,.T.);
#2233=ORIENTED_EDGE('',*,*,#1648,.T.);
#2234=ORIENTED_EDGE('',*,*,#1721,.F.);
#2235=ORIENTED_EDGE('',*,*,#1723,.T.);
#2236=ORIENTED_EDGE('',*,*,#1722,.F.);
#2237=ORIENTED_EDGE('',*,*,#1724,.T.);
#2238=ORIENTED_EDGE('',*,*,#1725,.T.);
#2239=ORIENTED_EDGE('',*,*,#1649,.T.);
#2240=ORIENTED_EDGE('',*,*,#1726,.T.);
#2241=ORIENTED_EDGE('',*,*,#1650,.T.);
#2242=ORIENTED_EDGE('',*,*,#1725,.F.);
#2243=ORIENTED_EDGE('',*,*,#1727,.T.);
#2244=ORIENTED_EDGE('',*,*,#1726,.F.);
#2245=ORIENTED_EDGE('',*,*,#1728,.T.);
#2246=ORIENTED_EDGE('',*,*,#1729,.T.);
#2247=ORIENTED_EDGE('',*,*,#1651,.T.);
#2248=ORIENTED_EDGE('',*,*,#1730,.T.);
#2249=ORIENTED_EDGE('',*,*,#1652,.T.);
#2250=ORIENTED_EDGE('',*,*,#1729,.F.);
#2251=ORIENTED_EDGE('',*,*,#1731,.T.);
#2252=ORIENTED_EDGE('',*,*,#1730,.F.);
#2253=ORIENTED_EDGE('',*,*,#1732,.T.);
#2254=ORIENTED_EDGE('',*,*,#1733,.T.);
#2255=ORIENTED_EDGE('',*,*,#1653,.T.);
#2256=ORIENTED_EDGE('',*,*,#1734,.T.);
#2257=ORIENTED_EDGE('',*,*,#1654,.T.);
#2258=ORIENTED_EDGE('',*,*,#1733,.F.);
#2259=ORIENTED_EDGE('',*,*,#1735,.T.);
#2260=ORIENTED_EDGE('',*,*,#1734,.F.);
#2261=ORIENTED_EDGE('',*,*,#1736,.T.);
#2262=ORIENTED_EDGE('',*,*,#1737,.T.);
#2263=ORIENTED_EDGE('',*,*,#1655,.T.);
#2264=ORIENTED_EDGE('',*,*,#1738,.T.);
#2265=ORIENTED_EDGE('',*,*,#1656,.T.);
#2266=ORIENTED_EDGE('',*,*,#1737,.F.);
#2267=ORIENTED_EDGE('',*,*,#1739,.T.);
#2268=ORIENTED_EDGE('',*,*,#1738,.F.);
#2269=ORIENTED_EDGE('',*,*,#1740,.T.);
#2270=ORIENTED_EDGE('',*,*,#1741,.T.);
#2271=ORIENTED_EDGE('',*,*,#1657,.T.);
#2272=ORIENTED_EDGE('',*,*,#1742,.T.);
#2273=ORIENTED_EDGE('',*,*,#1658,.T.);
#2274=ORIENTED_EDGE('',*,*,#1741,.F.);
#2275=ORIENTED_EDGE('',*,*,#1743,.T.);
#2276=ORIENTED_EDGE('',*,*,#1742,.F.);
#2277=ORIENTED_EDGE('',*,*,#1744,.T.);
#2278=ORIENTED_EDGE('',*,*,#1745,.T.);
#2279=ORIENTED_EDGE('',*,*,#1659,.T.);
#2280=ORIENTED_EDGE('',*,*,#1746,.T.);
#2281=ORIENTED_EDGE('',*,*,#1660,.T.);
#2282=ORIENTED_EDGE('',*,*,#1745,.F.);
#2283=ORIENTED_EDGE('',*,*,#1747,.T.);
#2284=ORIENTED_EDGE('',*,*,#1746,.F.);
#2285=ORIENTED_EDGE('',*,*,#1748,.T.);
#2286=ORIENTED_EDGE('',*,*,#1694,.F.);
#2287=ORIENTED_EDGE('',*,*,#1661,.T.);
#2288=ORIENTED_EDGE('',*,*,#1720,.F.);
#2289=ORIENTED_EDGE('',*,*,#1749,.T.);
#2290=ORIENTED_EDGE('',*,*,#1606,.T.);
#2291=ORIENTED_EDGE('',*,*,#1750,.T.);
#2292=ORIENTED_EDGE('',*,*,#1719,.F.);
#2293=ORIENTED_EDGE('',*,*,#1751,.F.);
#2294=ORIENTED_EDGE('',*,*,#1607,.T.);
#2295=ORIENTED_EDGE('',*,*,#1749,.F.);
#2296=ORIENTED_EDGE('',*,*,#1716,.F.);
#2297=ORIENTED_EDGE('',*,*,#1752,.T.);
#2298=ORIENTED_EDGE('',*,*,#1608,.T.);
#2299=ORIENTED_EDGE('',*,*,#1751,.T.);
#2300=ORIENTED_EDGE('',*,*,#1715,.F.);
#2301=ORIENTED_EDGE('',*,*,#1753,.F.);
#2302=ORIENTED_EDGE('',*,*,#1609,.T.);
#2303=ORIENTED_EDGE('',*,*,#1752,.F.);
#2304=ORIENTED_EDGE('',*,*,#1712,.F.);
#2305=ORIENTED_EDGE('',*,*,#1754,.T.);
#2306=ORIENTED_EDGE('',*,*,#1610,.T.);
#2307=ORIENTED_EDGE('',*,*,#1753,.T.);
#2308=ORIENTED_EDGE('',*,*,#1711,.F.);
#2309=ORIENTED_EDGE('',*,*,#1755,.F.);
#2310=ORIENTED_EDGE('',*,*,#1611,.T.);
#2311=ORIENTED_EDGE('',*,*,#1754,.F.);
#2312=ORIENTED_EDGE('',*,*,#1708,.F.);
#2313=ORIENTED_EDGE('',*,*,#1756,.T.);
#2314=ORIENTED_EDGE('',*,*,#1612,.T.);
#2315=ORIENTED_EDGE('',*,*,#1755,.T.);
#2316=ORIENTED_EDGE('',*,*,#1707,.F.);
#2317=ORIENTED_EDGE('',*,*,#1757,.F.);
#2318=ORIENTED_EDGE('',*,*,#1613,.T.);
#2319=ORIENTED_EDGE('',*,*,#1756,.F.);
#2320=ORIENTED_EDGE('',*,*,#1704,.F.);
#2321=ORIENTED_EDGE('',*,*,#1758,.T.);
#2322=ORIENTED_EDGE('',*,*,#1586,.T.);
#2323=ORIENTED_EDGE('',*,*,#1757,.T.);
#2324=ORIENTED_EDGE('',*,*,#1703,.F.);
#2325=ORIENTED_EDGE('',*,*,#1759,.F.);
#2326=ORIENTED_EDGE('',*,*,#1587,.T.);
#2327=ORIENTED_EDGE('',*,*,#1758,.F.);
#2328=ORIENTED_EDGE('',*,*,#1700,.F.);
#2329=ORIENTED_EDGE('',*,*,#1760,.T.);
#2330=ORIENTED_EDGE('',*,*,#1588,.T.);
#2331=ORIENTED_EDGE('',*,*,#1759,.T.);
#2332=ORIENTED_EDGE('',*,*,#1699,.F.);
#2333=ORIENTED_EDGE('',*,*,#1761,.F.);
#2334=ORIENTED_EDGE('',*,*,#1589,.T.);
#2335=ORIENTED_EDGE('',*,*,#1760,.F.);
#2336=ORIENTED_EDGE('',*,*,#1696,.F.);
#2337=ORIENTED_EDGE('',*,*,#1762,.T.);
#2338=ORIENTED_EDGE('',*,*,#1590,.T.);
#2339=ORIENTED_EDGE('',*,*,#1761,.T.);
#2340=ORIENTED_EDGE('',*,*,#1695,.F.);
#2341=ORIENTED_EDGE('',*,*,#1763,.F.);
#2342=ORIENTED_EDGE('',*,*,#1591,.T.);
#2343=ORIENTED_EDGE('',*,*,#1762,.F.);
#2344=ORIENTED_EDGE('',*,*,#1764,.T.);
#2345=ORIENTED_EDGE('',*,*,#1664,.T.);
#2346=ORIENTED_EDGE('',*,*,#1765,.T.);
#2347=ORIENTED_EDGE('',*,*,#1766,.T.);
#2348=ORIENTED_EDGE('',*,*,#1764,.F.);
#2349=ORIENTED_EDGE('',*,*,#1767,.T.);
#2350=ORIENTED_EDGE('',*,*,#1768,.T.);
#2351=ORIENTED_EDGE('',*,*,#1665,.T.);
#2352=ORIENTED_EDGE('',*,*,#1769,.T.);
#2353=ORIENTED_EDGE('',*,*,#1666,.T.);
#2354=ORIENTED_EDGE('',*,*,#1768,.F.);
#2355=ORIENTED_EDGE('',*,*,#1770,.T.);
#2356=ORIENTED_EDGE('',*,*,#1769,.F.);
#2357=ORIENTED_EDGE('',*,*,#1771,.T.);
#2358=ORIENTED_EDGE('',*,*,#1772,.T.);
#2359=ORIENTED_EDGE('',*,*,#1667,.T.);
#2360=ORIENTED_EDGE('',*,*,#1773,.T.);
#2361=ORIENTED_EDGE('',*,*,#1668,.T.);
#2362=ORIENTED_EDGE('',*,*,#1772,.F.);
#2363=ORIENTED_EDGE('',*,*,#1774,.T.);
#2364=ORIENTED_EDGE('',*,*,#1773,.F.);
#2365=ORIENTED_EDGE('',*,*,#1775,.T.);
#2366=ORIENTED_EDGE('',*,*,#1776,.T.);
#2367=ORIENTED_EDGE('',*,*,#1669,.T.);
#2368=ORIENTED_EDGE('',*,*,#1777,.T.);
#2369=ORIENTED_EDGE('',*,*,#1670,.T.);
#2370=ORIENTED_EDGE('',*,*,#1776,.F.);
#2371=ORIENTED_EDGE('',*,*,#1778,.T.);
#2372=ORIENTED_EDGE('',*,*,#1777,.F.);
#2373=ORIENTED_EDGE('',*,*,#1779,.T.);
#2374=ORIENTED_EDGE('',*,*,#1780,.T.);
#2375=ORIENTED_EDGE('',*,*,#1671,.T.);
#2376=ORIENTED_EDGE('',*,*,#1781,.T.);
#2377=ORIENTED_EDGE('',*,*,#1672,.T.);
#2378=ORIENTED_EDGE('',*,*,#1780,.F.);
#2379=ORIENTED_EDGE('',*,*,#1782,.T.);
#2380=ORIENTED_EDGE('',*,*,#1781,.F.);
#2381=ORIENTED_EDGE('',*,*,#1783,.T.);
#2382=ORIENTED_EDGE('',*,*,#1784,.T.);
#2383=ORIENTED_EDGE('',*,*,#1673,.T.);
#2384=ORIENTED_EDGE('',*,*,#1785,.T.);
#2385=ORIENTED_EDGE('',*,*,#1674,.T.);
#2386=ORIENTED_EDGE('',*,*,#1784,.F.);
#2387=ORIENTED_EDGE('',*,*,#1786,.T.);
#2388=ORIENTED_EDGE('',*,*,#1785,.F.);
#2389=ORIENTED_EDGE('',*,*,#1787,.T.);
#2390=ORIENTED_EDGE('',*,*,#1788,.T.);
#2391=ORIENTED_EDGE('',*,*,#1675,.T.);
#2392=ORIENTED_EDGE('',*,*,#1789,.T.);
#2393=ORIENTED_EDGE('',*,*,#1676,.T.);
#2394=ORIENTED_EDGE('',*,*,#1788,.F.);
#2395=ORIENTED_EDGE('',*,*,#1790,.T.);
#2396=ORIENTED_EDGE('',*,*,#1789,.F.);
#2397=ORIENTED_EDGE('',*,*,#1791,.T.);
#2398=ORIENTED_EDGE('',*,*,#1792,.T.);
#2399=ORIENTED_EDGE('',*,*,#1677,.T.);
#2400=ORIENTED_EDGE('',*,*,#1793,.T.);
#2401=ORIENTED_EDGE('',*,*,#1678,.T.);
#2402=ORIENTED_EDGE('',*,*,#1792,.F.);
#2403=ORIENTED_EDGE('',*,*,#1794,.T.);
#2404=ORIENTED_EDGE('',*,*,#1793,.F.);
#2405=ORIENTED_EDGE('',*,*,#1795,.T.);
#2406=ORIENTED_EDGE('',*,*,#1796,.T.);
#2407=ORIENTED_EDGE('',*,*,#1679,.T.);
#2408=ORIENTED_EDGE('',*,*,#1797,.T.);
#2409=ORIENTED_EDGE('',*,*,#1680,.T.);
#2410=ORIENTED_EDGE('',*,*,#1796,.F.);
#2411=ORIENTED_EDGE('',*,*,#1798,.T.);
#2412=ORIENTED_EDGE('',*,*,#1797,.F.);
#2413=ORIENTED_EDGE('',*,*,#1799,.T.);
#2414=ORIENTED_EDGE('',*,*,#1800,.T.);
#2415=ORIENTED_EDGE('',*,*,#1681,.T.);
#2416=ORIENTED_EDGE('',*,*,#1801,.T.);
#2417=ORIENTED_EDGE('',*,*,#1682,.T.);
#2418=ORIENTED_EDGE('',*,*,#1800,.F.);
#2419=ORIENTED_EDGE('',*,*,#1802,.T.);
#2420=ORIENTED_EDGE('',*,*,#1801,.F.);
#2421=ORIENTED_EDGE('',*,*,#1803,.T.);
#2422=ORIENTED_EDGE('',*,*,#1804,.T.);
#2423=ORIENTED_EDGE('',*,*,#1683,.T.);
#2424=ORIENTED_EDGE('',*,*,#1805,.T.);
#2425=ORIENTED_EDGE('',*,*,#1684,.T.);
#2426=ORIENTED_EDGE('',*,*,#1804,.F.);
#2427=ORIENTED_EDGE('',*,*,#1806,.T.);
#2428=ORIENTED_EDGE('',*,*,#1805,.F.);
#2429=ORIENTED_EDGE('',*,*,#1807,.T.);
#2430=ORIENTED_EDGE('',*,*,#1808,.T.);
#2431=ORIENTED_EDGE('',*,*,#1685,.T.);
#2432=ORIENTED_EDGE('',*,*,#1809,.T.);
#2433=ORIENTED_EDGE('',*,*,#1686,.T.);
#2434=ORIENTED_EDGE('',*,*,#1808,.F.);
#2435=ORIENTED_EDGE('',*,*,#1810,.T.);
#2436=ORIENTED_EDGE('',*,*,#1809,.F.);
#2437=ORIENTED_EDGE('',*,*,#1811,.T.);
#2438=ORIENTED_EDGE('',*,*,#1812,.T.);
#2439=ORIENTED_EDGE('',*,*,#1687,.T.);
#2440=ORIENTED_EDGE('',*,*,#1813,.T.);
#2441=ORIENTED_EDGE('',*,*,#1688,.T.);
#2442=ORIENTED_EDGE('',*,*,#1812,.F.);
#2443=ORIENTED_EDGE('',*,*,#1814,.T.);
#2444=ORIENTED_EDGE('',*,*,#1813,.F.);
#2445=ORIENTED_EDGE('',*,*,#1815,.T.);
#2446=ORIENTED_EDGE('',*,*,#1816,.T.);
#2447=ORIENTED_EDGE('',*,*,#1689,.T.);
#2448=ORIENTED_EDGE('',*,*,#1817,.T.);
#2449=ORIENTED_EDGE('',*,*,#1690,.T.);
#2450=ORIENTED_EDGE('',*,*,#1816,.F.);
#2451=ORIENTED_EDGE('',*,*,#1818,.T.);
#2452=ORIENTED_EDGE('',*,*,#1817,.F.);
#2453=ORIENTED_EDGE('',*,*,#1819,.T.);
#2454=ORIENTED_EDGE('',*,*,#1765,.F.);
#2455=ORIENTED_EDGE('',*,*,#1691,.T.);
#2456=ORIENTED_EDGE('',*,*,#1791,.F.);
#2457=ORIENTED_EDGE('',*,*,#1820,.T.);
#2458=ORIENTED_EDGE('',*,*,#1565,.T.);
#2459=ORIENTED_EDGE('',*,*,#1821,.T.);
#2460=ORIENTED_EDGE('',*,*,#1790,.F.);
#2461=ORIENTED_EDGE('',*,*,#1822,.F.);
#2462=ORIENTED_EDGE('',*,*,#1566,.T.);
#2463=ORIENTED_EDGE('',*,*,#1820,.F.);
#2464=ORIENTED_EDGE('',*,*,#1787,.F.);
#2465=ORIENTED_EDGE('',*,*,#1823,.T.);
#2466=ORIENTED_EDGE('',*,*,#1567,.T.);
#2467=ORIENTED_EDGE('',*,*,#1822,.T.);
#2468=ORIENTED_EDGE('',*,*,#1786,.F.);
#2469=ORIENTED_EDGE('',*,*,#1824,.F.);
#2470=ORIENTED_EDGE('',*,*,#1568,.T.);
#2471=ORIENTED_EDGE('',*,*,#1823,.F.);
#2472=ORIENTED_EDGE('',*,*,#1783,.F.);
#2473=ORIENTED_EDGE('',*,*,#1825,.T.);
#2474=ORIENTED_EDGE('',*,*,#1569,.T.);
#2475=ORIENTED_EDGE('',*,*,#1824,.T.);
#2476=ORIENTED_EDGE('',*,*,#1782,.F.);
#2477=ORIENTED_EDGE('',*,*,#1826,.F.);
#2478=ORIENTED_EDGE('',*,*,#1570,.T.);
#2479=ORIENTED_EDGE('',*,*,#1825,.F.);
#2480=ORIENTED_EDGE('',*,*,#1779,.F.);
#2481=ORIENTED_EDGE('',*,*,#1827,.T.);
#2482=ORIENTED_EDGE('',*,*,#1571,.T.);
#2483=ORIENTED_EDGE('',*,*,#1826,.T.);
#2484=ORIENTED_EDGE('',*,*,#1778,.F.);
#2485=ORIENTED_EDGE('',*,*,#1828,.F.);
#2486=ORIENTED_EDGE('',*,*,#1572,.T.);
#2487=ORIENTED_EDGE('',*,*,#1827,.F.);
#2488=ORIENTED_EDGE('',*,*,#1775,.F.);
#2489=ORIENTED_EDGE('',*,*,#1829,.T.);
#2490=ORIENTED_EDGE('',*,*,#1573,.T.);
#2491=ORIENTED_EDGE('',*,*,#1828,.T.);
#2492=ORIENTED_EDGE('',*,*,#1774,.F.);
#2493=ORIENTED_EDGE('',*,*,#1830,.F.);
#2494=ORIENTED_EDGE('',*,*,#1574,.T.);
#2495=ORIENTED_EDGE('',*,*,#1829,.F.);
#2496=ORIENTED_EDGE('',*,*,#1771,.F.);
#2497=ORIENTED_EDGE('',*,*,#1831,.T.);
#2498=ORIENTED_EDGE('',*,*,#1575,.T.);
#2499=ORIENTED_EDGE('',*,*,#1830,.T.);
#2500=ORIENTED_EDGE('',*,*,#1770,.F.);
#2501=ORIENTED_EDGE('',*,*,#1832,.F.);
#2502=ORIENTED_EDGE('',*,*,#1576,.T.);
#2503=ORIENTED_EDGE('',*,*,#1831,.F.);
#2504=ORIENTED_EDGE('',*,*,#1767,.F.);
#2505=ORIENTED_EDGE('',*,*,#1833,.T.);
#2506=ORIENTED_EDGE('',*,*,#1577,.T.);
#2507=ORIENTED_EDGE('',*,*,#1832,.T.);
#2508=ORIENTED_EDGE('',*,*,#1766,.F.);
#2509=ORIENTED_EDGE('',*,*,#1834,.F.);
#2510=ORIENTED_EDGE('',*,*,#1578,.T.);
#2511=ORIENTED_EDGE('',*,*,#1833,.F.);
#2512=ORIENTED_EDGE('',*,*,#1723,.F.);
#2513=ORIENTED_EDGE('',*,*,#1750,.F.);
#2514=ORIENTED_EDGE('',*,*,#1605,.T.);
#2515=ORIENTED_EDGE('',*,*,#1835,.F.);
#2516=ORIENTED_EDGE('',*,*,#1728,.F.);
#2517=ORIENTED_EDGE('',*,*,#1836,.T.);
#2518=ORIENTED_EDGE('',*,*,#1602,.T.);
#2519=ORIENTED_EDGE('',*,*,#1837,.T.);
#2520=ORIENTED_EDGE('',*,*,#1731,.F.);
#2521=ORIENTED_EDGE('',*,*,#1837,.F.);
#2522=ORIENTED_EDGE('',*,*,#1601,.T.);
#2523=ORIENTED_EDGE('',*,*,#1838,.F.);
#2524=ORIENTED_EDGE('',*,*,#1736,.F.);
#2525=ORIENTED_EDGE('',*,*,#1839,.T.);
#2526=ORIENTED_EDGE('',*,*,#1598,.T.);
#2527=ORIENTED_EDGE('',*,*,#1840,.T.);
#2528=ORIENTED_EDGE('',*,*,#1739,.F.);
#2529=ORIENTED_EDGE('',*,*,#1840,.F.);
#2530=ORIENTED_EDGE('',*,*,#1597,.T.);
#2531=ORIENTED_EDGE('',*,*,#1841,.F.);
#2532=ORIENTED_EDGE('',*,*,#1740,.F.);
#2533=ORIENTED_EDGE('',*,*,#1841,.T.);
#2534=ORIENTED_EDGE('',*,*,#1596,.T.);
#2535=ORIENTED_EDGE('',*,*,#1842,.T.);
#2536=ORIENTED_EDGE('',*,*,#1743,.F.);
#2537=ORIENTED_EDGE('',*,*,#1842,.F.);
#2538=ORIENTED_EDGE('',*,*,#1595,.T.);
#2539=ORIENTED_EDGE('',*,*,#1843,.F.);
#2540=ORIENTED_EDGE('',*,*,#1811,.F.);
#2541=ORIENTED_EDGE('',*,*,#1844,.T.);
#2542=ORIENTED_EDGE('',*,*,#1583,.T.);
#2543=ORIENTED_EDGE('',*,*,#1845,.T.);
#2544=ORIENTED_EDGE('',*,*,#1814,.F.);
#2545=ORIENTED_EDGE('',*,*,#1845,.F.);
#2546=ORIENTED_EDGE('',*,*,#1582,.T.);
#2547=ORIENTED_EDGE('',*,*,#1846,.F.);
#2548=ORIENTED_EDGE('',*,*,#1799,.F.);
#2549=ORIENTED_EDGE('',*,*,#1847,.T.);
#2550=ORIENTED_EDGE('',*,*,#1561,.T.);
#2551=ORIENTED_EDGE('',*,*,#1848,.T.);
#2552=ORIENTED_EDGE('',*,*,#1802,.F.);
#2553=ORIENTED_EDGE('',*,*,#1848,.F.);
#2554=ORIENTED_EDGE('',*,*,#1560,.T.);
#2555=ORIENTED_EDGE('',*,*,#1849,.F.);
#2556=ORIENTED_EDGE('',*,*,#1795,.F.);
#2557=ORIENTED_EDGE('',*,*,#1850,.T.);
#2558=ORIENTED_EDGE('',*,*,#1563,.T.);
#2559=ORIENTED_EDGE('',*,*,#1851,.T.);
#2560=ORIENTED_EDGE('',*,*,#1798,.F.);
#2561=ORIENTED_EDGE('',*,*,#1851,.F.);
#2562=ORIENTED_EDGE('',*,*,#1562,.T.);
#2563=ORIENTED_EDGE('',*,*,#1847,.F.);
#2564=ORIENTED_EDGE('',*,*,#1794,.F.);
#2565=ORIENTED_EDGE('',*,*,#1821,.F.);
#2566=ORIENTED_EDGE('',*,*,#1564,.T.);
#2567=ORIENTED_EDGE('',*,*,#1850,.F.);
#2568=ORIENTED_EDGE('',*,*,#1819,.F.);
#2569=ORIENTED_EDGE('',*,*,#1852,.T.);
#2570=ORIENTED_EDGE('',*,*,#1579,.T.);
#2571=ORIENTED_EDGE('',*,*,#1834,.T.);
#2572=ORIENTED_EDGE('',*,*,#1815,.F.);
#2573=ORIENTED_EDGE('',*,*,#1846,.T.);
#2574=ORIENTED_EDGE('',*,*,#1581,.T.);
#2575=ORIENTED_EDGE('',*,*,#1853,.T.);
#2576=ORIENTED_EDGE('',*,*,#1818,.F.);
#2577=ORIENTED_EDGE('',*,*,#1853,.F.);
#2578=ORIENTED_EDGE('',*,*,#1580,.T.);
#2579=ORIENTED_EDGE('',*,*,#1852,.F.);
#2580=ORIENTED_EDGE('',*,*,#1748,.F.);
#2581=ORIENTED_EDGE('',*,*,#1854,.T.);
#2582=ORIENTED_EDGE('',*,*,#1592,.T.);
#2583=ORIENTED_EDGE('',*,*,#1763,.T.);
#2584=ORIENTED_EDGE('',*,*,#1488,.F.);
#2585=ORIENTED_EDGE('',*,*,#1527,.T.);
#2586=ORIENTED_EDGE('',*,*,#1553,.F.);
#2587=ORIENTED_EDGE('',*,*,#1855,.T.);
#2588=ORIENTED_EDGE('',*,*,#1496,.F.);
#2589=ORIENTED_EDGE('',*,*,#1856,.T.);
#2590=ORIENTED_EDGE('',*,*,#1547,.F.);
#2591=ORIENTED_EDGE('',*,*,#1857,.T.);
#2592=ORIENTED_EDGE('',*,*,#1510,.F.);
#2593=ORIENTED_EDGE('',*,*,#1857,.F.);
#2594=ORIENTED_EDGE('',*,*,#1544,.F.);
#2595=ORIENTED_EDGE('',*,*,#1532,.F.);
#2596=ORIENTED_EDGE('',*,*,#1522,.F.);
#2597=ORIENTED_EDGE('',*,*,#1506,.F.);
#2598=ORIENTED_EDGE('',*,*,#1504,.F.);
#2599=ORIENTED_EDGE('',*,*,#1501,.F.);
#2600=ORIENTED_EDGE('',*,*,#1477,.F.);
#2601=ORIENTED_EDGE('',*,*,#1633,.F.);
#2602=ORIENTED_EDGE('',*,*,#1508,.F.);
#2603=ORIENTED_EDGE('',*,*,#1521,.F.);
#2604=ORIENTED_EDGE('',*,*,#1514,.F.);
#2605=ORIENTED_EDGE('',*,*,#1517,.F.);
#2606=ORIENTED_EDGE('',*,*,#1519,.F.);
#2607=ORIENTED_EDGE('',*,*,#1523,.F.);
#2608=ORIENTED_EDGE('',*,*,#1629,.F.);
#2609=ORIENTED_EDGE('',*,*,#1858,.T.);
#2610=ORIENTED_EDGE('',*,*,#1859,.T.);
#2611=ORIENTED_EDGE('',*,*,#1858,.F.);
#2612=ORIENTED_EDGE('',*,*,#1859,.F.);
#2613=ORIENTED_EDGE('',*,*,#1628,.F.);
#2614=ORIENTED_EDGE('',*,*,#1860,.T.);
#2615=ORIENTED_EDGE('',*,*,#1861,.T.);
#2616=ORIENTED_EDGE('',*,*,#1860,.F.);
#2617=ORIENTED_EDGE('',*,*,#1861,.F.);
#2618=ORIENTED_EDGE('',*,*,#1627,.F.);
#2619=ORIENTED_EDGE('',*,*,#1862,.T.);
#2620=ORIENTED_EDGE('',*,*,#1863,.T.);
#2621=ORIENTED_EDGE('',*,*,#1862,.F.);
#2622=ORIENTED_EDGE('',*,*,#1863,.F.);
#2623=ORIENTED_EDGE('',*,*,#1626,.F.);
#2624=ORIENTED_EDGE('',*,*,#1864,.T.);
#2625=ORIENTED_EDGE('',*,*,#1865,.T.);
#2626=ORIENTED_EDGE('',*,*,#1864,.F.);
#2627=ORIENTED_EDGE('',*,*,#1865,.F.);
#2628=ORIENTED_EDGE('',*,*,#1625,.F.);
#2629=ORIENTED_EDGE('',*,*,#1866,.T.);
#2630=ORIENTED_EDGE('',*,*,#1867,.T.);
#2631=ORIENTED_EDGE('',*,*,#1866,.F.);
#2632=ORIENTED_EDGE('',*,*,#1867,.F.);
#2633=ORIENTED_EDGE('',*,*,#1624,.F.);
#2634=ORIENTED_EDGE('',*,*,#1868,.T.);
#2635=ORIENTED_EDGE('',*,*,#1869,.T.);
#2636=ORIENTED_EDGE('',*,*,#1868,.F.);
#2637=ORIENTED_EDGE('',*,*,#1869,.F.);
#2638=ORIENTED_EDGE('',*,*,#1623,.F.);
#2639=ORIENTED_EDGE('',*,*,#1870,.T.);
#2640=ORIENTED_EDGE('',*,*,#1871,.T.);
#2641=ORIENTED_EDGE('',*,*,#1870,.F.);
#2642=ORIENTED_EDGE('',*,*,#1871,.F.);
#2643=ORIENTED_EDGE('',*,*,#1622,.F.);
#2644=ORIENTED_EDGE('',*,*,#1872,.T.);
#2645=ORIENTED_EDGE('',*,*,#1873,.T.);
#2646=ORIENTED_EDGE('',*,*,#1872,.F.);
#2647=ORIENTED_EDGE('',*,*,#1873,.F.);
#2648=ORIENTED_EDGE('',*,*,#1621,.F.);
#2649=ORIENTED_EDGE('',*,*,#1874,.T.);
#2650=ORIENTED_EDGE('',*,*,#1875,.T.);
#2651=ORIENTED_EDGE('',*,*,#1874,.F.);
#2652=ORIENTED_EDGE('',*,*,#1875,.F.);
#2653=ORIENTED_EDGE('',*,*,#1620,.F.);
#2654=ORIENTED_EDGE('',*,*,#1876,.T.);
#2655=ORIENTED_EDGE('',*,*,#1877,.T.);
#2656=ORIENTED_EDGE('',*,*,#1876,.F.);
#2657=ORIENTED_EDGE('',*,*,#1877,.F.);
#2658=ORIENTED_EDGE('',*,*,#1619,.F.);
#2659=ORIENTED_EDGE('',*,*,#1878,.T.);
#2660=ORIENTED_EDGE('',*,*,#1879,.T.);
#2661=ORIENTED_EDGE('',*,*,#1878,.F.);
#2662=ORIENTED_EDGE('',*,*,#1879,.F.);
#2663=ORIENTED_EDGE('',*,*,#1618,.F.);
#2664=ORIENTED_EDGE('',*,*,#1880,.T.);
#2665=ORIENTED_EDGE('',*,*,#1881,.T.);
#2666=ORIENTED_EDGE('',*,*,#1880,.F.);
#2667=ORIENTED_EDGE('',*,*,#1881,.F.);
#2668=ORIENTED_EDGE('',*,*,#1617,.F.);
#2669=ORIENTED_EDGE('',*,*,#1882,.T.);
#2670=ORIENTED_EDGE('',*,*,#1883,.T.);
#2671=ORIENTED_EDGE('',*,*,#1882,.F.);
#2672=ORIENTED_EDGE('',*,*,#1883,.F.);
#2673=ORIENTED_EDGE('',*,*,#1616,.F.);
#2674=ORIENTED_EDGE('',*,*,#1884,.T.);
#2675=ORIENTED_EDGE('',*,*,#1885,.T.);
#2676=ORIENTED_EDGE('',*,*,#1884,.F.);
#2677=ORIENTED_EDGE('',*,*,#1885,.F.);
#2678=ORIENTED_EDGE('',*,*,#1615,.F.);
#2679=ORIENTED_EDGE('',*,*,#1886,.T.);
#2680=ORIENTED_EDGE('',*,*,#1887,.T.);
#2681=ORIENTED_EDGE('',*,*,#1886,.F.);
#2682=ORIENTED_EDGE('',*,*,#1887,.F.);
#2683=ORIENTED_EDGE('',*,*,#1614,.F.);
#2684=ORIENTED_EDGE('',*,*,#1888,.T.);
#2685=ORIENTED_EDGE('',*,*,#1889,.T.);
#2686=ORIENTED_EDGE('',*,*,#1888,.F.);
#2687=ORIENTED_EDGE('',*,*,#1889,.F.);
#2688=ORIENTED_EDGE('',*,*,#1807,.F.);
#2689=ORIENTED_EDGE('',*,*,#1890,.T.);
#2690=ORIENTED_EDGE('',*,*,#1557,.T.);
#2691=ORIENTED_EDGE('',*,*,#1891,.T.);
#2692=ORIENTED_EDGE('',*,*,#1806,.F.);
#2693=ORIENTED_EDGE('',*,*,#1892,.F.);
#2694=ORIENTED_EDGE('',*,*,#1558,.T.);
#2695=ORIENTED_EDGE('',*,*,#1890,.F.);
#2696=ORIENTED_EDGE('',*,*,#1803,.F.);
#2697=ORIENTED_EDGE('',*,*,#1849,.T.);
#2698=ORIENTED_EDGE('',*,*,#1559,.T.);
#2699=ORIENTED_EDGE('',*,*,#1892,.T.);
#2700=ORIENTED_EDGE('',*,*,#1724,.F.);
#2701=ORIENTED_EDGE('',*,*,#1835,.T.);
#2702=ORIENTED_EDGE('',*,*,#1604,.T.);
#2703=ORIENTED_EDGE('',*,*,#1893,.T.);
#2704=ORIENTED_EDGE('',*,*,#1727,.F.);
#2705=ORIENTED_EDGE('',*,*,#1893,.F.);
#2706=ORIENTED_EDGE('',*,*,#1603,.T.);
#2707=ORIENTED_EDGE('',*,*,#1836,.F.);
#2708=ORIENTED_EDGE('',*,*,#1732,.F.);
#2709=ORIENTED_EDGE('',*,*,#1838,.T.);
#2710=ORIENTED_EDGE('',*,*,#1600,.T.);
#2711=ORIENTED_EDGE('',*,*,#1894,.T.);
#2712=ORIENTED_EDGE('',*,*,#1735,.F.);
#2713=ORIENTED_EDGE('',*,*,#1894,.F.);
#2714=ORIENTED_EDGE('',*,*,#1599,.T.);
#2715=ORIENTED_EDGE('',*,*,#1839,.F.);
#2716=ORIENTED_EDGE('',*,*,#1744,.F.);
#2717=ORIENTED_EDGE('',*,*,#1843,.T.);
#2718=ORIENTED_EDGE('',*,*,#1594,.T.);
#2719=ORIENTED_EDGE('',*,*,#1895,.T.);
#2720=ORIENTED_EDGE('',*,*,#1493,.F.);
#2721=ORIENTED_EDGE('',*,*,#1855,.F.);
#2722=ORIENTED_EDGE('',*,*,#1550,.F.);
#2723=ORIENTED_EDGE('',*,*,#1856,.F.);
#2724=ORIENTED_EDGE('',*,*,#1662,.F.);
#2725=ORIENTED_EDGE('',*,*,#1896,.T.);
#2726=ORIENTED_EDGE('',*,*,#1555,.T.);
#2727=ORIENTED_EDGE('',*,*,#1896,.F.);
#2728=ORIENTED_EDGE('',*,*,#1663,.F.);
#2729=ORIENTED_EDGE('',*,*,#1897,.T.);
#2730=ORIENTED_EDGE('',*,*,#1556,.T.);
#2731=ORIENTED_EDGE('',*,*,#1897,.F.);
#2732=ORIENTED_EDGE('',*,*,#1810,.F.);
#2733=ORIENTED_EDGE('',*,*,#1891,.F.);
#2734=ORIENTED_EDGE('',*,*,#1584,.T.);
#2735=ORIENTED_EDGE('',*,*,#1844,.F.);
#2736=ORIENTED_EDGE('',*,*,#1747,.F.);
#2737=ORIENTED_EDGE('',*,*,#1895,.F.);
#2738=ORIENTED_EDGE('',*,*,#1593,.T.);
#2739=ORIENTED_EDGE('',*,*,#1854,.F.);
#2740=PLANE('',#3018);
#2741=PLANE('',#3019);
#2742=PLANE('',#3020);
#2743=PLANE('',#3021);
#2744=PLANE('',#3022);
#2745=PLANE('',#3023);
#2746=PLANE('',#3024);
#2747=PLANE('',#3025);
#2748=PLANE('',#3026);
#2749=PLANE('',#3029);
#2750=PLANE('',#3032);
#2751=PLANE('',#3033);
#2752=PLANE('',#3036);
#2753=PLANE('',#3039);
#2754=PLANE('',#3043);
#2755=PLANE('',#3047);
#2756=PLANE('',#3098);
#2757=PLANE('',#3130);
#2758=PLANE('',#3133);
#2759=PLANE('',#3136);
#2760=PLANE('',#3139);
#2761=PLANE('',#3142);
#2762=PLANE('',#3145);
#2763=PLANE('',#3148);
#2764=PLANE('',#3151);
#2765=PLANE('',#3154);
#2766=PLANE('',#3157);
#2767=PLANE('',#3160);
#2768=PLANE('',#3163);
#2769=PLANE('',#3166);
#2770=PLANE('',#3169);
#2771=PLANE('',#3173);
#2772=PLANE('',#3175);
#2773=PLANE('',#3177);
#2774=PLANE('',#3179);
#2775=PLANE('',#3181);
#2776=PLANE('',#3183);
#2777=PLANE('',#3185);
#2778=PLANE('',#3186);
#2779=PLANE('',#3189);
#2780=PLANE('',#3192);
#2781=PLANE('',#3195);
#2782=PLANE('',#3198);
#2783=PLANE('',#3201);
#2784=PLANE('',#3204);
#2785=PLANE('',#3207);
#2786=PLANE('',#3210);
#2787=PLANE('',#3213);
#2788=PLANE('',#3216);
#2789=PLANE('',#3219);
#2790=PLANE('',#3222);
#2791=PLANE('',#3225);
#2792=PLANE('',#3229);
#2793=PLANE('',#3231);
#2794=PLANE('',#3233);
#2795=PLANE('',#3235);
#2796=PLANE('',#3237);
#2797=PLANE('',#3239);
#2798=PLANE('',#3241);
#2799=PLANE('',#3242);
#2800=PLANE('',#3244);
#2801=PLANE('',#3246);
#2802=PLANE('',#3248);
#2803=PLANE('',#3250);
#2804=PLANE('',#3252);
#2805=PLANE('',#3254);
#2806=PLANE('',#3255);
#2807=PLANE('',#3258);
#2808=PLANE('',#3262);
#2809=PLANE('',#3263);
#2810=PLANE('',#3266);
#2811=PLANE('',#3269);
#2812=PLANE('',#3272);
#2813=PLANE('',#3275);
#2814=PLANE('',#3278);
#2815=PLANE('',#3281);
#2816=PLANE('',#3284);
#2817=PLANE('',#3287);
#2818=PLANE('',#3290);
#2819=PLANE('',#3293);
#2820=PLANE('',#3296);
#2821=PLANE('',#3299);
#2822=PLANE('',#3302);
#2823=PLANE('',#3305);
#2824=PLANE('',#3308);
#2825=PLANE('',#3311);
#2826=PLANE('',#3313);
#2827=PLANE('',#3316);
#2828=PLANE('',#3318);
#2829=PLANE('',#3320);
#2830=PLANE('',#3323);
#2831=PLANE('',#3324);
#2832=ADVANCED_FACE('',(#280),#2740,.T.);
#2833=ADVANCED_FACE('',(#281),#2741,.T.);
#2834=ADVANCED_FACE('',(#282),#2742,.T.);
#2835=ADVANCED_FACE('',(#283),#272,.T.);
#2836=ADVANCED_FACE('',(#284),#2743,.T.);
#2837=ADVANCED_FACE('',(#285),#273,.T.);
#2838=ADVANCED_FACE('',(#286),#274,.T.);
#2839=ADVANCED_FACE('',(#287),#2744,.T.);
#2840=ADVANCED_FACE('',(#288),#2745,.T.);
#2841=ADVANCED_FACE('',(#289),#2746,.T.);
#2842=ADVANCED_FACE('',(#290),#275,.T.);
#2843=ADVANCED_FACE('',(#291),#276,.T.);
#2844=ADVANCED_FACE('',(#292),#2747,.T.);
#2845=ADVANCED_FACE('',(#293),#277,.T.);
#2846=ADVANCED_FACE('',(#294),#278,.T.);
#2847=ADVANCED_FACE('',(#295),#279,.T.);
#2848=ADVANCED_FACE('',(#296),#2748,.T.);
#2849=ADVANCED_FACE('',(#297),#205,.T.);
#2850=ADVANCED_FACE('',(#298),#2749,.T.);
#2851=ADVANCED_FACE('',(#299),#206,.T.);
#2852=ADVANCED_FACE('',(#300),#2750,.T.);
#2853=ADVANCED_FACE('',(#301),#2751,.T.);
#2854=ADVANCED_FACE('',(#302),#41,.T.);
#2855=ADVANCED_FACE('',(#303),#2752,.T.);
#2856=ADVANCED_FACE('',(#304),#42,.T.);
#2857=ADVANCED_FACE('',(#305),#2753,.T.);
#2858=ADVANCED_FACE('',(#306),#43,.T.);
#2859=ADVANCED_FACE('',(#307),#2754,.T.);
#2860=ADVANCED_FACE('',(#308),#44,.T.);
#2861=ADVANCED_FACE('',(#309,#15,#16,#17,#18,#19,#20,#21,#22,#23,#24,#25,
#26,#27,#28,#29,#30,#31,#32,#33,#34,#35),#2755,.F.);
#2862=ADVANCED_FACE('',(#310),#45,.F.);
#2863=ADVANCED_FACE('',(#311,#36,#37,#38,#39,#40),#2756,.T.);
#2864=ADVANCED_FACE('',(#312),#207,.F.);
#2865=ADVANCED_FACE('',(#313),#2757,.T.);
#2866=ADVANCED_FACE('',(#314),#46,.F.);
#2867=ADVANCED_FACE('',(#315),#2758,.T.);
#2868=ADVANCED_FACE('',(#316),#47,.F.);
#2869=ADVANCED_FACE('',(#317),#2759,.T.);
#2870=ADVANCED_FACE('',(#318),#48,.T.);
#2871=ADVANCED_FACE('',(#319),#2760,.T.);
#2872=ADVANCED_FACE('',(#320),#49,.T.);
#2873=ADVANCED_FACE('',(#321),#2761,.T.);
#2874=ADVANCED_FACE('',(#322),#50,.F.);
#2875=ADVANCED_FACE('',(#323),#2762,.T.);
#2876=ADVANCED_FACE('',(#324),#51,.F.);
#2877=ADVANCED_FACE('',(#325),#2763,.T.);
#2878=ADVANCED_FACE('',(#326),#52,.F.);
#2879=ADVANCED_FACE('',(#327),#2764,.T.);
#2880=ADVANCED_FACE('',(#328),#53,.T.);
#2881=ADVANCED_FACE('',(#329),#2765,.T.);
#2882=ADVANCED_FACE('',(#330),#54,.F.);
#2883=ADVANCED_FACE('',(#331),#2766,.T.);
#2884=ADVANCED_FACE('',(#332),#55,.T.);
#2885=ADVANCED_FACE('',(#333),#2767,.T.);
#2886=ADVANCED_FACE('',(#334),#56,.F.);
#2887=ADVANCED_FACE('',(#335),#2768,.T.);
#2888=ADVANCED_FACE('',(#336),#57,.F.);
#2889=ADVANCED_FACE('',(#337),#2769,.T.);
#2890=ADVANCED_FACE('',(#338),#58,.T.);
#2891=ADVANCED_FACE('',(#339),#2770,.T.);
#2892=ADVANCED_FACE('',(#340),#59,.F.);
#2893=ADVANCED_FACE('',(#341),#208,.F.);
#2894=ADVANCED_FACE('',(#342),#2771,.T.);
#2895=ADVANCED_FACE('',(#343),#209,.F.);
#2896=ADVANCED_FACE('',(#344),#2772,.T.);
#2897=ADVANCED_FACE('',(#345),#210,.F.);
#2898=ADVANCED_FACE('',(#346),#2773,.T.);
#2899=ADVANCED_FACE('',(#347),#211,.T.);
#2900=ADVANCED_FACE('',(#348),#2774,.T.);
#2901=ADVANCED_FACE('',(#349),#212,.T.);
#2902=ADVANCED_FACE('',(#350),#2775,.T.);
#2903=ADVANCED_FACE('',(#351),#213,.F.);
#2904=ADVANCED_FACE('',(#352),#2776,.T.);
#2905=ADVANCED_FACE('',(#353),#214,.F.);
#2906=ADVANCED_FACE('',(#354),#2777,.T.);
#2907=ADVANCED_FACE('',(#355),#2778,.T.);
#2908=ADVANCED_FACE('',(#356),#60,.T.);
#2909=ADVANCED_FACE('',(#357),#2779,.T.);
#2910=ADVANCED_FACE('',(#358),#61,.F.);
#2911=ADVANCED_FACE('',(#359),#2780,.T.);
#2912=ADVANCED_FACE('',(#360),#62,.F.);
#2913=ADVANCED_FACE('',(#361),#2781,.T.);
#2914=ADVANCED_FACE('',(#362),#63,.T.);
#2915=ADVANCED_FACE('',(#363),#2782,.T.);
#2916=ADVANCED_FACE('',(#364),#64,.F.);
#2917=ADVANCED_FACE('',(#365),#2783,.T.);
#2918=ADVANCED_FACE('',(#366),#65,.T.);
#2919=ADVANCED_FACE('',(#367),#2784,.T.);
#2920=ADVANCED_FACE('',(#368),#66,.F.);
#2921=ADVANCED_FACE('',(#369),#2785,.T.);
#2922=ADVANCED_FACE('',(#370),#67,.F.);
#2923=ADVANCED_FACE('',(#371),#2786,.T.);
#2924=ADVANCED_FACE('',(#372),#68,.F.);
#2925=ADVANCED_FACE('',(#373),#2787,.T.);
#2926=ADVANCED_FACE('',(#374),#69,.T.);
#2927=ADVANCED_FACE('',(#375),#2788,.T.);
#2928=ADVANCED_FACE('',(#376),#70,.T.);
#2929=ADVANCED_FACE('',(#377),#2789,.T.);
#2930=ADVANCED_FACE('',(#378),#71,.F.);
#2931=ADVANCED_FACE('',(#379),#2790,.T.);
#2932=ADVANCED_FACE('',(#380),#72,.F.);
#2933=ADVANCED_FACE('',(#381),#2791,.T.);
#2934=ADVANCED_FACE('',(#382),#73,.F.);
#2935=ADVANCED_FACE('',(#383),#215,.F.);
#2936=ADVANCED_FACE('',(#384),#2792,.T.);
#2937=ADVANCED_FACE('',(#385),#216,.T.);
#2938=ADVANCED_FACE('',(#386),#2793,.T.);
#2939=ADVANCED_FACE('',(#387),#217,.F.);
#2940=ADVANCED_FACE('',(#388),#2794,.T.);
#2941=ADVANCED_FACE('',(#389),#218,.T.);
#2942=ADVANCED_FACE('',(#390),#2795,.T.);
#2943=ADVANCED_FACE('',(#391),#219,.F.);
#2944=ADVANCED_FACE('',(#392),#2796,.T.);
#2945=ADVANCED_FACE('',(#393),#220,.F.);
#2946=ADVANCED_FACE('',(#394),#2797,.T.);
#2947=ADVANCED_FACE('',(#395),#221,.T.);
#2948=ADVANCED_FACE('',(#396),#2798,.T.);
#2949=ADVANCED_FACE('',(#397),#2799,.T.);
#2950=ADVANCED_FACE('',(#398),#222,.F.);
#2951=ADVANCED_FACE('',(#399),#2800,.T.);
#2952=ADVANCED_FACE('',(#400),#223,.F.);
#2953=ADVANCED_FACE('',(#401),#2801,.T.);
#2954=ADVANCED_FACE('',(#402),#224,.F.);
#2955=ADVANCED_FACE('',(#403),#2802,.T.);
#2956=ADVANCED_FACE('',(#404),#225,.F.);
#2957=ADVANCED_FACE('',(#405),#2803,.T.);
#2958=ADVANCED_FACE('',(#406),#226,.F.);
#2959=ADVANCED_FACE('',(#407),#2804,.T.);
#2960=ADVANCED_FACE('',(#408),#227,.F.);
#2961=ADVANCED_FACE('',(#409),#2805,.T.);
#2962=ADVANCED_FACE('',(#410),#2806,.T.);
#2963=ADVANCED_FACE('',(#411),#228,.F.);
#2964=ADVANCED_FACE('',(#412),#229,.F.);
#2965=ADVANCED_FACE('',(#413),#2807,.T.);
#2966=ADVANCED_FACE('',(#414),#230,.F.);
#2967=ADVANCED_FACE('',(#415),#231,.T.);
#2968=ADVANCED_FACE('',(#416),#232,.T.);
#2969=ADVANCED_FACE('',(#417),#2808,.T.);
#2970=ADVANCED_FACE('',(#418),#2809,.T.);
#2971=ADVANCED_FACE('',(#419),#233,.F.);
#2972=ADVANCED_FACE('',(#420),#2810,.F.);
#2973=ADVANCED_FACE('',(#421),#234,.F.);
#2974=ADVANCED_FACE('',(#422),#2811,.F.);
#2975=ADVANCED_FACE('',(#423),#235,.F.);
#2976=ADVANCED_FACE('',(#424),#2812,.F.);
#2977=ADVANCED_FACE('',(#425),#236,.F.);
#2978=ADVANCED_FACE('',(#426),#2813,.F.);
#2979=ADVANCED_FACE('',(#427),#237,.F.);
#2980=ADVANCED_FACE('',(#428),#2814,.F.);
#2981=ADVANCED_FACE('',(#429),#238,.F.);
#2982=ADVANCED_FACE('',(#430),#2815,.F.);
#2983=ADVANCED_FACE('',(#431),#239,.F.);
#2984=ADVANCED_FACE('',(#432),#2816,.F.);
#2985=ADVANCED_FACE('',(#433),#240,.F.);
#2986=ADVANCED_FACE('',(#434),#2817,.F.);
#2987=ADVANCED_FACE('',(#435),#241,.F.);
#2988=ADVANCED_FACE('',(#436),#2818,.F.);
#2989=ADVANCED_FACE('',(#437),#242,.F.);
#2990=ADVANCED_FACE('',(#438),#2819,.F.);
#2991=ADVANCED_FACE('',(#439),#243,.F.);
#2992=ADVANCED_FACE('',(#440),#2820,.F.);
#2993=ADVANCED_FACE('',(#441),#244,.F.);
#2994=ADVANCED_FACE('',(#442),#2821,.F.);
#2995=ADVANCED_FACE('',(#443),#245,.F.);
#2996=ADVANCED_FACE('',(#444),#2822,.F.);
#2997=ADVANCED_FACE('',(#445),#246,.F.);
#2998=ADVANCED_FACE('',(#446),#2823,.F.);
#2999=ADVANCED_FACE('',(#447),#247,.F.);
#3000=ADVANCED_FACE('',(#448),#2824,.F.);
#3001=ADVANCED_FACE('',(#449),#248,.F.);
#3002=ADVANCED_FACE('',(#450),#2825,.F.);
#3003=ADVANCED_FACE('',(#451),#249,.T.);
#3004=ADVANCED_FACE('',(#452),#2826,.T.);
#3005=ADVANCED_FACE('',(#453),#250,.T.);
#3006=ADVANCED_FACE('',(#454),#251,.T.);
#3007=ADVANCED_FACE('',(#455),#2827,.T.);
#3008=ADVANCED_FACE('',(#456),#252,.T.);
#3009=ADVANCED_FACE('',(#457),#2828,.T.);
#3010=ADVANCED_FACE('',(#458),#253,.T.);
#3011=ADVANCED_FACE('',(#459),#2829,.T.);
#3012=ADVANCED_FACE('',(#460),#254,.F.);
#3013=ADVANCED_FACE('',(#461),#255,.F.);
#3014=ADVANCED_FACE('',(#462),#2830,.T.);
#3015=ADVANCED_FACE('',(#463),#2831,.T.);
#3016=CLOSED_SHELL('',(#2832,#2833,#2834,#2835,#2836,#2837,#2838,#2839,
#2840,#2841,#2842,#2843,#2844,#2845,#2846,#2847,#2848,#2849,#2850,#2851,
#2852,#2853,#2854,#2855,#2856,#2857,#2858,#2859,#2860,#2861,#2862,#2863,
#2864,#2865,#2866,#2867,#2868,#2869,#2870,#2871,#2872,#2873,#2874,#2875,
#2876,#2877,#2878,#2879,#2880,#2881,#2882,#2883,#2884,#2885,#2886,#2887,
#2888,#2889,#2890,#2891,#2892,#2893,#2894,#2895,#2896,#2897,#2898,#2899,
#2900,#2901,#2902,#2903,#2904,#2905,#2906,#2907,#2908,#2909,#2910,#2911,
#2912,#2913,#2914,#2915,#2916,#2917,#2918,#2919,#2920,#2921,#2922,#2923,
#2924,#2925,#2926,#2927,#2928,#2929,#2930,#2931,#2932,#2933,#2934,#2935,
#2936,#2937,#2938,#2939,#2940,#2941,#2942,#2943,#2944,#2945,#2946,#2947,
#2948,#2949,#2950,#2951,#2952,#2953,#2954,#2955,#2956,#2957,#2958,#2959,
#2960,#2961,#2962,#2963,#2964,#2965,#2966,#2967,#2968,#2969,#2970,#2971,
#2972,#2973,#2974,#2975,#2976,#2977,#2978,#2979,#2980,#2981,#2982,#2983,
#2984,#2985,#2986,#2987,#2988,#2989,#2990,#2991,#2992,#2993,#2994,#2995,
#2996,#2997,#2998,#2999,#3000,#3001,#3002,#3003,#3004,#3005,#3006,#3007,
#3008,#3009,#3010,#3011,#3012,#3013,#3014,#3015));
#3017=AXIS2_PLACEMENT_3D('',#4215,#3325,#3326);
#3018=AXIS2_PLACEMENT_3D('',#4216,#3327,#3328);
#3019=AXIS2_PLACEMENT_3D('',#4225,#3333,#3334);
#3020=AXIS2_PLACEMENT_3D('',#4231,#3338,#3339);
#3021=AXIS2_PLACEMENT_3D('',#4273,#3345,#3346);
#3022=AXIS2_PLACEMENT_3D('',#4336,#3351,#3352);
#3023=AXIS2_PLACEMENT_3D('',#4345,#3357,#3358);
#3024=AXIS2_PLACEMENT_3D('',#4351,#3362,#3363);
#3025=AXIS2_PLACEMENT_3D('',#4417,#3369,#3370);
#3026=AXIS2_PLACEMENT_3D('',#4504,#3375,#3376);
#3027=AXIS2_PLACEMENT_3D('',#4510,#3380,#3381);
#3028=AXIS2_PLACEMENT_3D('',#4513,#3383,#3384);
#3029=AXIS2_PLACEMENT_3D('',#4514,#3385,#3386);
#3030=AXIS2_PLACEMENT_3D('',#4518,#3389,#3390);
#3031=AXIS2_PLACEMENT_3D('',#4521,#3392,#3393);
#3032=AXIS2_PLACEMENT_3D('',#4522,#3394,#3395);
#3033=AXIS2_PLACEMENT_3D('',#4524,#3397,#3398);
#3034=AXIS2_PLACEMENT_3D('',#4530,#3402,#3403);
#3035=AXIS2_PLACEMENT_3D('',#4533,#3405,#3406);
#3036=AXIS2_PLACEMENT_3D('',#4534,#3407,#3408);
#3037=AXIS2_PLACEMENT_3D('',#4538,#3411,#3412);
#3038=AXIS2_PLACEMENT_3D('',#4541,#3414,#3415);
#3039=AXIS2_PLACEMENT_3D('',#4542,#3416,#3417);
#3040=AXIS2_PLACEMENT_3D('',#4548,#3421,#3422);
#3041=AXIS2_PLACEMENT_3D('',#4550,#3423,#3424);
#3042=AXIS2_PLACEMENT_3D('',#4553,#3426,#3427);
#3043=AXIS2_PLACEMENT_3D('',#4554,#3428,#3429);
#3044=AXIS2_PLACEMENT_3D('',#4560,#3433,#3434);
#3045=AXIS2_PLACEMENT_3D('',#4561,#3435,#3436);
#3046=AXIS2_PLACEMENT_3D('',#4562,#3437,#3438);
#3047=AXIS2_PLACEMENT_3D('',#4563,#3439,#3440);
#3048=AXIS2_PLACEMENT_3D('',#4565,#3441,#3442);
#3049=AXIS2_PLACEMENT_3D('',#4567,#3443,#3444);
#3050=AXIS2_PLACEMENT_3D('',#4570,#3445,#3446);
#3051=AXIS2_PLACEMENT_3D('',#4574,#3448,#3449);
#3052=AXIS2_PLACEMENT_3D('',#4578,#3451,#3452);
#3053=AXIS2_PLACEMENT_3D('',#4582,#3454,#3455);
#3054=AXIS2_PLACEMENT_3D('',#4586,#3457,#3458);
#3055=AXIS2_PLACEMENT_3D('',#4590,#3460,#3461);
#3056=AXIS2_PLACEMENT_3D('',#4594,#3463,#3464);
#3057=AXIS2_PLACEMENT_3D('',#4598,#3466,#3467);
#3058=AXIS2_PLACEMENT_3D('',#4602,#3469,#3470);
#3059=AXIS2_PLACEMENT_3D('',#4606,#3472,#3473);
#3060=AXIS2_PLACEMENT_3D('',#4610,#3475,#3476);
#3061=AXIS2_PLACEMENT_3D('',#4614,#3478,#3479);
#3062=AXIS2_PLACEMENT_3D('',#4618,#3481,#3482);
#3063=AXIS2_PLACEMENT_3D('',#4622,#3484,#3485);
#3064=AXIS2_PLACEMENT_3D('',#4625,#3487,#3488);
#3065=AXIS2_PLACEMENT_3D('',#4628,#3489,#3490);
#3066=AXIS2_PLACEMENT_3D('',#4632,#3492,#3493);
#3067=AXIS2_PLACEMENT_3D('',#4636,#3495,#3496);
#3068=AXIS2_PLACEMENT_3D('',#4640,#3498,#3499);
#3069=AXIS2_PLACEMENT_3D('',#4644,#3501,#3502);
#3070=AXIS2_PLACEMENT_3D('',#4648,#3504,#3505);
#3071=AXIS2_PLACEMENT_3D('',#4652,#3507,#3508);
#3072=AXIS2_PLACEMENT_3D('',#4656,#3510,#3511);
#3073=AXIS2_PLACEMENT_3D('',#4660,#3513,#3514);
#3074=AXIS2_PLACEMENT_3D('',#4664,#3516,#3517);
#3075=AXIS2_PLACEMENT_3D('',#4668,#3519,#3520);
#3076=AXIS2_PLACEMENT_3D('',#4672,#3522,#3523);
#3077=AXIS2_PLACEMENT_3D('',#4676,#3525,#3526);
#3078=AXIS2_PLACEMENT_3D('',#4680,#3528,#3529);
#3079=AXIS2_PLACEMENT_3D('',#4683,#3531,#3532);
#3080=AXIS2_PLACEMENT_3D('',#4685,#3533,#3534);
#3081=AXIS2_PLACEMENT_3D('',#4687,#3535,#3536);
#3082=AXIS2_PLACEMENT_3D('',#4689,#3537,#3538);
#3083=AXIS2_PLACEMENT_3D('',#4691,#3539,#3540);
#3084=AXIS2_PLACEMENT_3D('',#4693,#3541,#3542);
#3085=AXIS2_PLACEMENT_3D('',#4695,#3543,#3544);
#3086=AXIS2_PLACEMENT_3D('',#4697,#3545,#3546);
#3087=AXIS2_PLACEMENT_3D('',#4699,#3547,#3548);
#3088=AXIS2_PLACEMENT_3D('',#4701,#3549,#3550);
#3089=AXIS2_PLACEMENT_3D('',#4703,#3551,#3552);
#3090=AXIS2_PLACEMENT_3D('',#4705,#3553,#3554);
#3091=AXIS2_PLACEMENT_3D('',#4707,#3555,#3556);
#3092=AXIS2_PLACEMENT_3D('',#4709,#3557,#3558);
#3093=AXIS2_PLACEMENT_3D('',#4711,#3559,#3560);
#3094=AXIS2_PLACEMENT_3D('',#4713,#3561,#3562);
#3095=AXIS2_PLACEMENT_3D('',#4714,#3563,#3564);
#3096=AXIS2_PLACEMENT_3D('',#4716,#3565,#3566);
#3097=AXIS2_PLACEMENT_3D('',#4719,#3568,#3569);
#3098=AXIS2_PLACEMENT_3D('',#4720,#3570,#3571);
#3099=AXIS2_PLACEMENT_3D('',#4726,#3574,#3575);
#3100=AXIS2_PLACEMENT_3D('',#4730,#3577,#3578);
#3101=AXIS2_PLACEMENT_3D('',#4734,#3580,#3581);
#3102=AXIS2_PLACEMENT_3D('',#4738,#3583,#3584);
#3103=AXIS2_PLACEMENT_3D('',#4742,#3586,#3587);
#3104=AXIS2_PLACEMENT_3D('',#4746,#3589,#3590);
#3105=AXIS2_PLACEMENT_3D('',#4750,#3592,#3593);
#3106=AXIS2_PLACEMENT_3D('',#4754,#3595,#3596);
#3107=AXIS2_PLACEMENT_3D('',#4758,#3598,#3599);
#3108=AXIS2_PLACEMENT_3D('',#4762,#3601,#3602);
#3109=AXIS2_PLACEMENT_3D('',#4766,#3604,#3605);
#3110=AXIS2_PLACEMENT_3D('',#4770,#3607,#3608);
#3111=AXIS2_PLACEMENT_3D('',#4774,#3610,#3611);
#3112=AXIS2_PLACEMENT_3D('',#4777,#3613,#3614);
#3113=AXIS2_PLACEMENT_3D('',#4779,#3615,#3616);
#3114=AXIS2_PLACEMENT_3D('',#4781,#3617,#3618);
#3115=AXIS2_PLACEMENT_3D('',#4786,#3620,#3621);
#3116=AXIS2_PLACEMENT_3D('',#4790,#3623,#3624);
#3117=AXIS2_PLACEMENT_3D('',#4794,#3626,#3627);
#3118=AXIS2_PLACEMENT_3D('',#4798,#3629,#3630);
#3119=AXIS2_PLACEMENT_3D('',#4802,#3632,#3633);
#3120=AXIS2_PLACEMENT_3D('',#4806,#3635,#3636);
#3121=AXIS2_PLACEMENT_3D('',#4810,#3638,#3639);
#3122=AXIS2_PLACEMENT_3D('',#4814,#3641,#3642);
#3123=AXIS2_PLACEMENT_3D('',#4818,#3644,#3645);
#3124=AXIS2_PLACEMENT_3D('',#4822,#3647,#3648);
#3125=AXIS2_PLACEMENT_3D('',#4826,#3650,#3651);
#3126=AXIS2_PLACEMENT_3D('',#4830,#3653,#3654);
#3127=AXIS2_PLACEMENT_3D('',#4834,#3656,#3657);
#3128=AXIS2_PLACEMENT_3D('',#4837,#3659,#3660);
#3129=AXIS2_PLACEMENT_3D('',#4838,#3661,#3662);
#3130=AXIS2_PLACEMENT_3D('',#4840,#3664,#3665);
#3131=AXIS2_PLACEMENT_3D('',#4846,#3669,#3670);
#3132=AXIS2_PLACEMENT_3D('',#4848,#3671,#3672);
#3133=AXIS2_PLACEMENT_3D('',#4850,#3674,#3675);
#3134=AXIS2_PLACEMENT_3D('',#4854,#3678,#3679);
#3135=AXIS2_PLACEMENT_3D('',#4856,#3680,#3681);
#3136=AXIS2_PLACEMENT_3D('',#4858,#3683,#3684);
#3137=AXIS2_PLACEMENT_3D('',#4862,#3687,#3688);
#3138=AXIS2_PLACEMENT_3D('',#4864,#3689,#3690);
#3139=AXIS2_PLACEMENT_3D('',#4866,#3692,#3693);
#3140=AXIS2_PLACEMENT_3D('',#4870,#3696,#3697);
#3141=AXIS2_PLACEMENT_3D('',#4872,#3698,#3699);
#3142=AXIS2_PLACEMENT_3D('',#4874,#3701,#3702);
#3143=AXIS2_PLACEMENT_3D('',#4878,#3705,#3706);
#3144=AXIS2_PLACEMENT_3D('',#4880,#3707,#3708);
#3145=AXIS2_PLACEMENT_3D('',#4882,#3710,#3711);
#3146=AXIS2_PLACEMENT_3D('',#4886,#3714,#3715);
#3147=AXIS2_PLACEMENT_3D('',#4888,#3716,#3717);
#3148=AXIS2_PLACEMENT_3D('',#4890,#3719,#3720);
#3149=AXIS2_PLACEMENT_3D('',#4894,#3723,#3724);
#3150=AXIS2_PLACEMENT_3D('',#4896,#3725,#3726);
#3151=AXIS2_PLACEMENT_3D('',#4898,#3728,#3729);
#3152=AXIS2_PLACEMENT_3D('',#4902,#3732,#3733);
#3153=AXIS2_PLACEMENT_3D('',#4904,#3734,#3735);
#3154=AXIS2_PLACEMENT_3D('',#4906,#3737,#3738);
#3155=AXIS2_PLACEMENT_3D('',#4910,#3741,#3742);
#3156=AXIS2_PLACEMENT_3D('',#4912,#3743,#3744);
#3157=AXIS2_PLACEMENT_3D('',#4914,#3746,#3747);
#3158=AXIS2_PLACEMENT_3D('',#4918,#3750,#3751);
#3159=AXIS2_PLACEMENT_3D('',#4920,#3752,#3753);
#3160=AXIS2_PLACEMENT_3D('',#4922,#3755,#3756);
#3161=AXIS2_PLACEMENT_3D('',#4926,#3759,#3760);
#3162=AXIS2_PLACEMENT_3D('',#4928,#3761,#3762);
#3163=AXIS2_PLACEMENT_3D('',#4930,#3764,#3765);
#3164=AXIS2_PLACEMENT_3D('',#4934,#3768,#3769);
#3165=AXIS2_PLACEMENT_3D('',#4936,#3770,#3771);
#3166=AXIS2_PLACEMENT_3D('',#4938,#3773,#3774);
#3167=AXIS2_PLACEMENT_3D('',#4942,#3777,#3778);
#3168=AXIS2_PLACEMENT_3D('',#4944,#3779,#3780);
#3169=AXIS2_PLACEMENT_3D('',#4946,#3782,#3783);
#3170=AXIS2_PLACEMENT_3D('',#4950,#3786,#3787);
#3171=AXIS2_PLACEMENT_3D('',#4951,#3788,#3789);
#3172=AXIS2_PLACEMENT_3D('',#4952,#3790,#3791);
#3173=AXIS2_PLACEMENT_3D('',#4955,#3794,#3795);
#3174=AXIS2_PLACEMENT_3D('',#4957,#3797,#3798);
#3175=AXIS2_PLACEMENT_3D('',#4959,#3800,#3801);
#3176=AXIS2_PLACEMENT_3D('',#4961,#3803,#3804);
#3177=AXIS2_PLACEMENT_3D('',#4963,#3806,#3807);
#3178=AXIS2_PLACEMENT_3D('',#4965,#3809,#3810);
#3179=AXIS2_PLACEMENT_3D('',#4967,#3812,#3813);
#3180=AXIS2_PLACEMENT_3D('',#4969,#3815,#3816);
#3181=AXIS2_PLACEMENT_3D('',#4971,#3818,#3819);
#3182=AXIS2_PLACEMENT_3D('',#4973,#3821,#3822);
#3183=AXIS2_PLACEMENT_3D('',#4975,#3824,#3825);
#3184=AXIS2_PLACEMENT_3D('',#4977,#3827,#3828);
#3185=AXIS2_PLACEMENT_3D('',#4979,#3830,#3831);
#3186=AXIS2_PLACEMENT_3D('',#4981,#3833,#3834);
#3187=AXIS2_PLACEMENT_3D('',#4987,#3838,#3839);
#3188=AXIS2_PLACEMENT_3D('',#4989,#3840,#3841);
#3189=AXIS2_PLACEMENT_3D('',#4991,#3843,#3844);
#3190=AXIS2_PLACEMENT_3D('',#4995,#3847,#3848);
#3191=AXIS2_PLACEMENT_3D('',#4997,#3849,#3850);
#3192=AXIS2_PLACEMENT_3D('',#4999,#3852,#3853);
#3193=AXIS2_PLACEMENT_3D('',#5003,#3856,#3857);
#3194=AXIS2_PLACEMENT_3D('',#5005,#3858,#3859);
#3195=AXIS2_PLACEMENT_3D('',#5007,#3861,#3862);
#3196=AXIS2_PLACEMENT_3D('',#5011,#3865,#3866);
#3197=AXIS2_PLACEMENT_3D('',#5013,#3867,#3868);
#3198=AXIS2_PLACEMENT_3D('',#5015,#3870,#3871);
#3199=AXIS2_PLACEMENT_3D('',#5019,#3874,#3875);
#3200=AXIS2_PLACEMENT_3D('',#5021,#3876,#3877);
#3201=AXIS2_PLACEMENT_3D('',#5023,#3879,#3880);
#3202=AXIS2_PLACEMENT_3D('',#5027,#3883,#3884);
#3203=AXIS2_PLACEMENT_3D('',#5029,#3885,#3886);
#3204=AXIS2_PLACEMENT_3D('',#5031,#3888,#3889);
#3205=AXIS2_PLACEMENT_3D('',#5035,#3892,#3893);
#3206=AXIS2_PLACEMENT_3D('',#5037,#3894,#3895);
#3207=AXIS2_PLACEMENT_3D('',#5039,#3897,#3898);
#3208=AXIS2_PLACEMENT_3D('',#5043,#3901,#3902);
#3209=AXIS2_PLACEMENT_3D('',#5045,#3903,#3904);
#3210=AXIS2_PLACEMENT_3D('',#5047,#3906,#3907);
#3211=AXIS2_PLACEMENT_3D('',#5051,#3910,#3911);
#3212=AXIS2_PLACEMENT_3D('',#5053,#3912,#3913);
#3213=AXIS2_PLACEMENT_3D('',#5055,#3915,#3916);
#3214=AXIS2_PLACEMENT_3D('',#5059,#3919,#3920);
#3215=AXIS2_PLACEMENT_3D('',#5061,#3921,#3922);
#3216=AXIS2_PLACEMENT_3D('',#5063,#3924,#3925);
#3217=AXIS2_PLACEMENT_3D('',#5067,#3928,#3929);
#3218=AXIS2_PLACEMENT_3D('',#5069,#3930,#3931);
#3219=AXIS2_PLACEMENT_3D('',#5071,#3933,#3934);
#3220=AXIS2_PLACEMENT_3D('',#5075,#3937,#3938);
#3221=AXIS2_PLACEMENT_3D('',#5077,#3939,#3940);
#3222=AXIS2_PLACEMENT_3D('',#5079,#3942,#3943);
#3223=AXIS2_PLACEMENT_3D('',#5083,#3946,#3947);
#3224=AXIS2_PLACEMENT_3D('',#5085,#3948,#3949);
#3225=AXIS2_PLACEMENT_3D('',#5087,#3951,#3952);
#3226=AXIS2_PLACEMENT_3D('',#5091,#3955,#3956);
#3227=AXIS2_PLACEMENT_3D('',#5092,#3957,#3958);
#3228=AXIS2_PLACEMENT_3D('',#5093,#3959,#3960);
#3229=AXIS2_PLACEMENT_3D('',#5096,#3963,#3964);
#3230=AXIS2_PLACEMENT_3D('',#5098,#3966,#3967);
#3231=AXIS2_PLACEMENT_3D('',#5100,#3969,#3970);
#3232=AXIS2_PLACEMENT_3D('',#5102,#3972,#3973);
#3233=AXIS2_PLACEMENT_3D('',#5104,#3975,#3976);
#3234=AXIS2_PLACEMENT_3D('',#5106,#3978,#3979);
#3235=AXIS2_PLACEMENT_3D('',#5108,#3981,#3982);
#3236=AXIS2_PLACEMENT_3D('',#5110,#3984,#3985);
#3237=AXIS2_PLACEMENT_3D('',#5112,#3987,#3988);
#3238=AXIS2_PLACEMENT_3D('',#5114,#3990,#3991);
#3239=AXIS2_PLACEMENT_3D('',#5116,#3993,#3994);
#3240=AXIS2_PLACEMENT_3D('',#5118,#3996,#3997);
#3241=AXIS2_PLACEMENT_3D('',#5120,#3999,#4000);
#3242=AXIS2_PLACEMENT_3D('',#5122,#4002,#4003);
#3243=AXIS2_PLACEMENT_3D('',#5124,#4005,#4006);
#3244=AXIS2_PLACEMENT_3D('',#5127,#4009,#4010);
#3245=AXIS2_PLACEMENT_3D('',#5129,#4012,#4013);
#3246=AXIS2_PLACEMENT_3D('',#5132,#4016,#4017);
#3247=AXIS2_PLACEMENT_3D('',#5134,#4019,#4020);
#3248=AXIS2_PLACEMENT_3D('',#5136,#4022,#4023);
#3249=AXIS2_PLACEMENT_3D('',#5138,#4025,#4026);
#3250=AXIS2_PLACEMENT_3D('',#5141,#4029,#4030);
#3251=AXIS2_PLACEMENT_3D('',#5143,#4032,#4033);
#3252=AXIS2_PLACEMENT_3D('',#5146,#4036,#4037);
#3253=AXIS2_PLACEMENT_3D('',#5148,#4039,#4040);
#3254=AXIS2_PLACEMENT_3D('',#5151,#4043,#4044);
#3255=AXIS2_PLACEMENT_3D('',#5152,#4045,#4046);
#3256=AXIS2_PLACEMENT_3D('',#5153,#4047,#4048);
#3257=AXIS2_PLACEMENT_3D('',#5155,#4050,#4051);
#3258=AXIS2_PLACEMENT_3D('',#5157,#4053,#4054);
#3259=AXIS2_PLACEMENT_3D('',#5158,#4055,#4056);
#3260=AXIS2_PLACEMENT_3D('',#5160,#4058,#4059);
#3261=AXIS2_PLACEMENT_3D('',#5162,#4061,#4062);
#3262=AXIS2_PLACEMENT_3D('',#5165,#4065,#4066);
#3263=AXIS2_PLACEMENT_3D('',#5166,#4067,#4068);
#3264=AXIS2_PLACEMENT_3D('',#5167,#4069,#4070);
#3265=AXIS2_PLACEMENT_3D('',#5170,#4072,#4073);
#3266=AXIS2_PLACEMENT_3D('',#5171,#4074,#4075);
#3267=AXIS2_PLACEMENT_3D('',#5172,#4076,#4077);
#3268=AXIS2_PLACEMENT_3D('',#5175,#4079,#4080);
#3269=AXIS2_PLACEMENT_3D('',#5176,#4081,#4082);
#3270=AXIS2_PLACEMENT_3D('',#5177,#4083,#4084);
#3271=AXIS2_PLACEMENT_3D('',#5180,#4086,#4087);
#3272=AXIS2_PLACEMENT_3D('',#5181,#4088,#4089);
#3273=AXIS2_PLACEMENT_3D('',#5182,#4090,#4091);
#3274=AXIS2_PLACEMENT_3D('',#5185,#4093,#4094);
#3275=AXIS2_PLACEMENT_3D('',#5186,#4095,#4096);
#3276=AXIS2_PLACEMENT_3D('',#5187,#4097,#4098);
#3277=AXIS2_PLACEMENT_3D('',#5190,#4100,#4101);
#3278=AXIS2_PLACEMENT_3D('',#5191,#4102,#4103);
#3279=AXIS2_PLACEMENT_3D('',#5192,#4104,#4105);
#3280=AXIS2_PLACEMENT_3D('',#5195,#4107,#4108);
#3281=AXIS2_PLACEMENT_3D('',#5196,#4109,#4110);
#3282=AXIS2_PLACEMENT_3D('',#5197,#4111,#4112);
#3283=AXIS2_PLACEMENT_3D('',#5200,#4114,#4115);
#3284=AXIS2_PLACEMENT_3D('',#5201,#4116,#4117);
#3285=AXIS2_PLACEMENT_3D('',#5202,#4118,#4119);
#3286=AXIS2_PLACEMENT_3D('',#5205,#4121,#4122);
#3287=AXIS2_PLACEMENT_3D('',#5206,#4123,#4124);
#3288=AXIS2_PLACEMENT_3D('',#5207,#4125,#4126);
#3289=AXIS2_PLACEMENT_3D('',#5210,#4128,#4129);
#3290=AXIS2_PLACEMENT_3D('',#5211,#4130,#4131);
#3291=AXIS2_PLACEMENT_3D('',#5212,#4132,#4133);
#3292=AXIS2_PLACEMENT_3D('',#5215,#4135,#4136);
#3293=AXIS2_PLACEMENT_3D('',#5216,#4137,#4138);
#3294=AXIS2_PLACEMENT_3D('',#5217,#4139,#4140);
#3295=AXIS2_PLACEMENT_3D('',#5220,#4142,#4143);
#3296=AXIS2_PLACEMENT_3D('',#5221,#4144,#4145);
#3297=AXIS2_PLACEMENT_3D('',#5222,#4146,#4147);
#3298=AXIS2_PLACEMENT_3D('',#5225,#4149,#4150);
#3299=AXIS2_PLACEMENT_3D('',#5226,#4151,#4152);
#3300=AXIS2_PLACEMENT_3D('',#5227,#4153,#4154);
#3301=AXIS2_PLACEMENT_3D('',#5230,#4156,#4157);
#3302=AXIS2_PLACEMENT_3D('',#5231,#4158,#4159);
#3303=AXIS2_PLACEMENT_3D('',#5232,#4160,#4161);
#3304=AXIS2_PLACEMENT_3D('',#5235,#4163,#4164);
#3305=AXIS2_PLACEMENT_3D('',#5236,#4165,#4166);
#3306=AXIS2_PLACEMENT_3D('',#5237,#4167,#4168);
#3307=AXIS2_PLACEMENT_3D('',#5240,#4170,#4171);
#3308=AXIS2_PLACEMENT_3D('',#5241,#4172,#4173);
#3309=AXIS2_PLACEMENT_3D('',#5242,#4174,#4175);
#3310=AXIS2_PLACEMENT_3D('',#5245,#4177,#4178);
#3311=AXIS2_PLACEMENT_3D('',#5246,#4179,#4180);
#3312=AXIS2_PLACEMENT_3D('',#5247,#4181,#4182);
#3313=AXIS2_PLACEMENT_3D('',#5250,#4185,#4186);
#3314=AXIS2_PLACEMENT_3D('',#5252,#4188,#4189);
#3315=AXIS2_PLACEMENT_3D('',#5253,#4190,#4191);
#3316=AXIS2_PLACEMENT_3D('',#5255,#4193,#4194);
#3317=AXIS2_PLACEMENT_3D('',#5256,#4195,#4196);
#3318=AXIS2_PLACEMENT_3D('',#5258,#4198,#4199);
#3319=AXIS2_PLACEMENT_3D('',#5259,#4200,#4201);
#3320=AXIS2_PLACEMENT_3D('',#5261,#4203,#4204);
#3321=AXIS2_PLACEMENT_3D('',#5262,#4205,#4206);
#3322=AXIS2_PLACEMENT_3D('',#5264,#4208,#4209);
#3323=AXIS2_PLACEMENT_3D('',#5266,#4211,#4212);
#3324=AXIS2_PLACEMENT_3D('',#5267,#4213,#4214);
#3325=DIRECTION('axis',(0.,0.,1.));
#3326=DIRECTION('refdir',(1.,0.,0.));
#3327=DIRECTION('center_axis',(0.707233914313241,-0.0851249603591448,0.701836114466209));
#3328=DIRECTION('ref_axis',(0.704392861110467,0.,-0.709810324816855));
#3329=DIRECTION('',(0.00147327170088442,-0.992545058225821,-0.121869343405126));
#3330=DIRECTION('',(0.706978090124204,0.0872241280572814,-0.701836114466176));
#3331=DIRECTION('',(-0.00147327170088442,0.992545058225821,0.121869343405126));
#3332=DIRECTION('',(-0.706381495894609,-0.0442566694340779,0.706446409480788));
#3333=DIRECTION('center_axis',(0.707106002218717,0.00104958384907633,0.707106781186553));
#3334=DIRECTION('ref_axis',(0.707107170670573,0.,-0.707106391702308));
#3335=DIRECTION('',(-0.00148433571421152,0.999998898373137,1.06547073908409E-17));
#3336=DIRECTION('',(-0.70650976658625,0.0421594621647631,0.706446409480734));
#3337=DIRECTION('',(0.00148433571421152,-0.999998898373137,-1.06547073908409E-17));
#3338=DIRECTION('center_axis',(0.706978090124191,0.0872241280572974,0.701836114466188));
#3339=DIRECTION('ref_axis',(0.70452124728711,0.,-0.709682895468825));
#3340=DIRECTION('',(-0.00147327170088442,0.992545058225821,-0.121869343405129));
#3341=DIRECTION('',(-0.707233914313254,0.0851249603591482,0.701836114466195));
#3342=DIRECTION('',(0.00147327170088442,-0.992545058225821,0.121869343405129));
#3343=DIRECTION('',(0.707491207804385,-0.0567073805652646,-0.70444337165518));
#3344=DIRECTION('',(0.0009835506025194,-0.6626193182557,0.748955720788995));
#3345=DIRECTION('center_axis',(-0.00111170172472996,0.748954895719254,0.662620048215745));
#3346=DIRECTION('ref_axis',(0.999998592603383,0.,0.00167773396400881));
#3347=DIRECTION('',(0.000983550602483824,-0.6626193182557,0.748955720788995));
#3348=DIRECTION('',(0.999998898373137,0.00148433571421129,-3.98705684670485E-18));
#3349=DIRECTION('',(-0.999998898373137,-0.00148433571421129,3.98705684670485E-18));
#3350=DIRECTION('',(0.707319744845802,0.0588074373046181,0.704443371655191));
#3351=DIRECTION('center_axis',(-0.707233914313249,0.0851249603591463,0.701836114466201));
#3352=DIRECTION('ref_axis',(0.70439286111046,0.,0.709810324816863));
#3353=DIRECTION('',(-0.0014732717008845,0.992545058225821,-0.121869343405129));
#3354=DIRECTION('',(-0.706978090124197,-0.0872241280572977,-0.701836114466182));
#3355=DIRECTION('',(0.0014732717008845,-0.992545058225821,0.121869343405129));
#3356=DIRECTION('',(0.706381495894541,0.0442566694362822,0.706446409480718));
#3357=DIRECTION('center_axis',(-0.707106002218717,-0.0010495838490764,0.707106781186553));
#3358=DIRECTION('ref_axis',(0.707107170670573,0.,0.707106391702308));
#3359=DIRECTION('',(-0.0014843357142116,0.999998898373137,1.06547073908409E-17));
#3360=DIRECTION('',(0.0014843357142116,-0.999998898373137,-1.06547073908409E-17));
#3361=DIRECTION('',(0.706509766602035,-0.0421594616225432,0.706446409497306));
#3362=DIRECTION('center_axis',(-0.706978090124176,-0.0872241280572967,0.701836114466202));
#3363=DIRECTION('ref_axis',(0.704521247287125,0.,0.70968289546881));
#3364=DIRECTION('',(0.0014732717008845,-0.992545058225821,-0.121869343405126));
#3365=DIRECTION('',(0.707233914313268,-0.0851249603591468,0.701836114466181));
#3366=DIRECTION('',(-0.0014732717008845,0.992545058225821,0.121869343405126));
#3367=DIRECTION('',(-0.707491207804391,0.0567073805652704,-0.704443371655173));
#3368=DIRECTION('',(-0.000983550602531259,0.6626193182557,0.748955720788995));
#3369=DIRECTION('center_axis',(0.00111170172472999,-0.748954895719253,0.662620048215746));
#3370=DIRECTION('ref_axis',(0.999998592603383,0.,-0.00167773396400885));
#3371=DIRECTION('',(0.999998898373137,0.00148433571421132,-4.041674063783E-18));
#3372=DIRECTION('',(-0.000983550602519402,0.662619318255701,0.748955720788994));
#3373=DIRECTION('',(-0.999998898373137,-0.00148433571421132,4.041674063783E-18));
#3374=DIRECTION('',(-0.70731974484581,-0.0588074373046239,0.704443371655183));
#3375=DIRECTION('center_axis',(0.999998898373137,0.00148433571421152,0.));
#3376=DIRECTION('ref_axis',(-0.00148433571421152,0.999998898373137,1.06547073908409E-17));
#3377=DIRECTION('',(0.,0.,1.));
#3378=DIRECTION('',(0.00148433571421152,-0.999998898373137,-1.06547073908409E-17));
#3379=DIRECTION('',(0.,0.,-1.));
#3380=DIRECTION('center_axis',(0.,0.,1.));
#3381=DIRECTION('ref_axis',(0.708155586067803,-0.706056418369642,0.));
#3382=DIRECTION('',(0.,0.,-1.));
#3383=DIRECTION('center_axis',(4.55252096098234E-18,1.0661476605262E-17,
-1.));
#3384=DIRECTION('ref_axis',(0.708155586067802,-0.706056418369642,0.));
#3385=DIRECTION('center_axis',(0.00148433571421132,-0.999998898373137,0.));
#3386=DIRECTION('ref_axis',(0.,0.,1.));
#3387=DIRECTION('',(0.,0.,1.));
#3388=DIRECTION('',(-0.999998898373137,-0.00148433571421132,-4.56834115629437E-18));
#3389=DIRECTION('center_axis',(0.,0.,-1.));
#3390=DIRECTION('ref_axis',(-0.706056418369646,-0.708155586067798,0.));
#3391=DIRECTION('',(0.,0.,-1.));
#3392=DIRECTION('center_axis',(4.55252096098234E-18,1.0661476605262E-17,
-1.));
#3393=DIRECTION('ref_axis',(-0.706056418369646,-0.708155586067798,0.));
#3394=DIRECTION('center_axis',(-0.000180895018883709,0.121869209150587,
0.992546151641324));
#3395=DIRECTION('ref_axis',(-0.00147327170088491,0.992545058225821,-0.121869343405129));
#3396=DIRECTION('',(-0.999998898373137,-0.00148433571421133,-4.56834115629437E-18));
#3397=DIRECTION('center_axis',(0.707106002218693,0.00104958384907631,-0.707106781186577));
#3398=DIRECTION('ref_axis',(-0.707107170670597,0.,-0.707106391702283));
#3399=DIRECTION('',(-0.707106002218753,-0.0010495838490843,-0.707106781186517));
#3400=DIRECTION('',(-0.00148433571421152,0.999998898373137,1.06547073908409E-17));
#3401=DIRECTION('',(0.707106002218752,0.00104958384906337,0.707106781186518));
#3402=DIRECTION('center_axis',(0.,0.,1.));
#3403=DIRECTION('ref_axis',(0.708155586067802,-0.706056418369642,-1.91276037210339E-18));
#3404=DIRECTION('',(-0.00104958384908435,0.70710600221872,-0.70710678118655));
#3405=DIRECTION('center_axis',(-4.55252096098234E-18,-1.0661476605262E-17,
1.));
#3406=DIRECTION('ref_axis',(0.708155586067803,-0.706056418369642,-4.30371083723263E-18));
#3407=DIRECTION('center_axis',(0.00104958384907619,-0.707106002218715,-0.707106781186555));
#3408=DIRECTION('ref_axis',(-0.999998898375564,0.,-0.0014843340790308));
#3409=DIRECTION('',(-0.0010495838491262,0.707106002218729,-0.707106781186541));
#3410=DIRECTION('',(0.999998898373137,0.00148433571421132,4.56834115629437E-18));
#3411=DIRECTION('center_axis',(0.,0.,1.));
#3412=DIRECTION('ref_axis',(-0.706056418369646,-0.708155586067798,-4.78414260356061E-18));
#3413=DIRECTION('',(0.707106002218708,0.00104958384906343,-0.707106781186562));
#3414=DIRECTION('center_axis',(-4.55252096098234E-18,-1.0661476605262E-17,
1.));
#3415=DIRECTION('ref_axis',(-0.706056418369646,-0.708155586067798,-1.07643208580114E-17));
#3416=DIRECTION('center_axis',(-0.707106002218725,-0.0010495838490764,-0.707106781186545));
#3417=DIRECTION('ref_axis',(-0.707107170670564,0.,0.707106391702316));
#3418=DIRECTION('',(-0.0014843357142116,0.999998898373137,1.06547073908409E-17));
#3419=DIRECTION('',(0.707106002218719,0.00104958384907911,-0.707106781186551));
#3420=DIRECTION('',(0.0014843357142116,-0.999998898373137,-1.06547073908409E-17));
#3421=DIRECTION('center_axis',(0.,0.,1.));
#3422=DIRECTION('ref_axis',(-0.708155586067795,0.706056418369649,1.91276037210344E-18));
#3423=DIRECTION('center_axis',(4.55252096098234E-18,1.0661476605262E-17,
-1.));
#3424=DIRECTION('ref_axis',(-0.708155586067795,0.706056418369649,0.));
#3425=DIRECTION('',(0.00104958384908434,-0.707106002218725,-0.707106781186544));
#3426=DIRECTION('center_axis',(-4.55252096098234E-18,-1.0661476605262E-17,
1.));
#3427=DIRECTION('ref_axis',(-0.708155586067795,0.706056418369649,4.30371083723274E-18));
#3428=DIRECTION('center_axis',(-0.00104958384907617,0.707106002218717,-0.707106781186553));
#3429=DIRECTION('ref_axis',(-0.999998898375564,0.,0.00148433407903077));
#3430=DIRECTION('',(0.999998898373137,0.00148433571421129,4.56834115629437E-18));
#3431=DIRECTION('',(0.00104958384908434,-0.707106002218727,-0.707106781186543));
#3432=DIRECTION('',(-0.999998898373137,-0.00148433571421129,-4.56834115629437E-18));
#3433=DIRECTION('center_axis',(0.,0.,1.));
#3434=DIRECTION('ref_axis',(0.706056418369649,0.708155586067795,4.7841426035606E-18));
#3435=DIRECTION('center_axis',(4.55252096098234E-18,1.0661476605262E-17,
-1.));
#3436=DIRECTION('ref_axis',(0.706056418369649,0.708155586067795,0.));
#3437=DIRECTION('center_axis',(-4.55252096098234E-18,-1.0661476605262E-17,
1.));
#3438=DIRECTION('ref_axis',(0.706056418369649,0.708155586067795,1.07643208580114E-17));
#3439=DIRECTION('center_axis',(-4.55252096098234E-18,-1.0661476605262E-17,
1.));
#3440=DIRECTION('ref_axis',(-1.,4.85365957204781E-35,-4.55252096098234E-18));
#3441=DIRECTION('center_axis',(4.55252096098234E-18,1.0661476605262E-17,
-1.));
#3442=DIRECTION('ref_axis',(-1.,4.85365957204781E-35,-4.55252096098234E-18));
#3443=DIRECTION('center_axis',(4.55252096098234E-18,1.0661476605262E-17,
-1.));
#3444=DIRECTION('ref_axis',(-1.,4.85365957204781E-35,-4.55252096098234E-18));
#3445=DIRECTION('center_axis',(-4.55252096098234E-18,-1.0661476605262E-17,
1.));
#3446=DIRECTION('ref_axis',(-0.788010748997712,0.615661481224922,0.));
#3447=DIRECTION('',(-0.992546149849132,-0.121869358001363,-5.81789446116032E-18));
#3448=DIRECTION('center_axis',(-4.55252096098234E-18,-1.0661476605262E-17,
1.));
#3449=DIRECTION('ref_axis',(0.615661481224893,0.788010748997735,0.));
#3450=DIRECTION('',(-0.121869313948039,0.9925461552582,1.00271950076791E-17));
#3451=DIRECTION('center_axis',(4.55252096098234E-18,1.0661476605262E-17,
-1.));
#3452=DIRECTION('ref_axis',(-0.615661481224908,-0.788010748997723,0.));
#3453=DIRECTION('',(-0.992546149849132,-0.121869358001363,-5.81789446116032E-18));
#3454=DIRECTION('center_axis',(4.55252096098234E-18,1.0661476605262E-17,
-1.));
#3455=DIRECTION('ref_axis',(0.788010766276384,-0.615661459109231,0.));
#3456=DIRECTION('',(0.12186936966003,-0.992546148417627,-1.00271946811185E-17));
#3457=DIRECTION('center_axis',(4.55252096098234E-18,1.0661476605262E-17,
-1.));
#3458=DIRECTION('ref_axis',(0.615661459109231,0.788010766276383,0.));
#3459=DIRECTION('',(0.992546149849132,0.121869358001365,5.81789446116034E-18));
#3460=DIRECTION('center_axis',(-4.55252096098234E-18,-1.0661476605262E-17,
1.));
#3461=DIRECTION('ref_axis',(-0.615661481224898,-0.788010748997731,0.));
#3462=DIRECTION('',(0.121869313948035,-0.9925461552582,-1.00271950076791E-17));
#3463=DIRECTION('center_axis',(4.55252096098234E-18,1.0661476605262E-17,
-1.));
#3464=DIRECTION('ref_axis',(0.615661481224909,0.788010748997722,0.));
#3465=DIRECTION('',(0.992546149849132,0.121869358001365,5.81789446116034E-18));
#3466=DIRECTION('center_axis',(-4.55252096098234E-18,-1.0661476605262E-17,
1.));
#3467=DIRECTION('ref_axis',(-0.615661481224906,-0.788010748997724,0.));
#3468=DIRECTION('',(0.121869313948042,-0.992546155258199,-1.00271950076791E-17));
#3469=DIRECTION('center_axis',(4.55252096098234E-18,1.0661476605262E-17,
-1.));
#3470=DIRECTION('ref_axis',(0.615661481224901,0.788010748997728,0.));
#3471=DIRECTION('',(0.992546149849132,0.121869358001365,5.81789446116034E-18));
#3472=DIRECTION('center_axis',(4.55252096098234E-18,1.0661476605262E-17,
-1.));
#3473=DIRECTION('ref_axis',(-0.788010748997729,0.6156614812249,0.));
#3474=DIRECTION('',(-0.121869313948041,0.992546155258199,1.00271950076791E-17));
#3475=DIRECTION('center_axis',(-4.55252096098234E-18,-1.0661476605262E-17,
1.));
#3476=DIRECTION('ref_axis',(0.788010748997725,-0.615661481224905,0.));
#3477=DIRECTION('',(0.992546149849132,0.121869358001365,5.81789446116034E-18));
#3478=DIRECTION('center_axis',(4.55252096098234E-18,1.0661476605262E-17,
-1.));
#3479=DIRECTION('ref_axis',(-0.788010748997728,0.615661481224901,0.));
#3480=DIRECTION('',(-0.12186931394804,0.9925461552582,1.00271950076791E-17));
#3481=DIRECTION('center_axis',(4.55252096098234E-18,1.0661476605262E-17,
-1.));
#3482=DIRECTION('ref_axis',(-0.615661498712499,-0.788010735334919,0.));
#3483=DIRECTION('',(-0.9925461552582,-0.12186931394804,-5.81789401611175E-18));
#3484=DIRECTION('center_axis',(4.55252096098234E-18,1.0661476605262E-17,
-1.));
#3485=DIRECTION('ref_axis',(0.788010735334921,-0.615661498712497,0.));
#3486=DIRECTION('',(0.121869313948038,-0.9925461552582,-1.00271950076791E-17));
#3487=DIRECTION('center_axis',(4.55252096098234E-18,1.0661476605262E-17,
-1.));
#3488=DIRECTION('ref_axis',(-1.,4.85365957204781E-35,-4.55252096098234E-18));
#3489=DIRECTION('center_axis',(-4.55252096098234E-18,-1.0661476605262E-17,
1.));
#3490=DIRECTION('ref_axis',(0.788010748997725,0.615661481224906,0.));
#3491=DIRECTION('',(0.121869313948038,0.9925461552582,1.1136820220177E-17));
#3492=DIRECTION('center_axis',(4.55252096098234E-18,1.0661476605262E-17,
-1.));
#3493=DIRECTION('ref_axis',(-0.788010735334927,-0.615661498712489,0.));
#3494=DIRECTION('',(-0.992546155258199,0.121869313948041,-3.21928033699901E-18));
#3495=DIRECTION('center_axis',(4.55252096098234E-18,1.0661476605262E-17,
-1.));
#3496=DIRECTION('ref_axis',(0.615661498712489,-0.788010735334927,0.));
#3497=DIRECTION('',(-0.12186931394804,-0.9925461552582,-1.1136820220177E-17));
#3498=DIRECTION('center_axis',(4.55252096098234E-18,1.0661476605262E-17,
-1.));
#3499=DIRECTION('ref_axis',(0.788010748997728,0.615661481224902,0.));
#3500=DIRECTION('',(0.992546149849132,-0.121869358001365,3.21927984270063E-18));
#3501=DIRECTION('center_axis',(-4.55252096098234E-18,-1.0661476605262E-17,
1.));
#3502=DIRECTION('ref_axis',(-0.788010748997732,-0.615661481224896,0.));
#3503=DIRECTION('',(-0.121869313948041,-0.992546155258199,-1.11368202201771E-17));
#3504=DIRECTION('center_axis',(4.55252096098234E-18,1.0661476605262E-17,
-1.));
#3505=DIRECTION('ref_axis',(0.788010748997729,0.6156614812249,0.));
#3506=DIRECTION('',(0.992546149849132,-0.121869358001365,3.21927984270063E-18));
#3507=DIRECTION('center_axis',(4.55252096098234E-18,1.0661476605262E-17,
-1.));
#3508=DIRECTION('ref_axis',(-0.615661481224901,0.788010748997728,0.));
#3509=DIRECTION('',(0.121869313948042,0.992546155258199,1.11368202201771E-17));
#3510=DIRECTION('center_axis',(-4.55252096098234E-18,-1.0661476605262E-17,
1.));
#3511=DIRECTION('ref_axis',(0.615661481224906,-0.788010748997725,0.));
#3512=DIRECTION('',(0.992546149849132,-0.121869358001365,3.21927984270063E-18));
#3513=DIRECTION('center_axis',(4.55252096098234E-18,1.0661476605262E-17,
-1.));
#3514=DIRECTION('ref_axis',(-0.615661481224909,0.788010748997722,0.));
#3515=DIRECTION('',(0.121869313948035,0.9925461552582,1.1136820220177E-17));
#3516=DIRECTION('center_axis',(-4.55252096098234E-18,-1.0661476605262E-17,
1.));
#3517=DIRECTION('ref_axis',(0.615661481224899,-0.78801074899773,0.));
#3518=DIRECTION('',(0.992546149849132,-0.121869358001365,3.21927984270063E-18));
#3519=DIRECTION('center_axis',(4.55252096098234E-18,1.0661476605262E-17,
-1.));
#3520=DIRECTION('ref_axis',(-0.61566145910923,0.788010766276384,0.));
#3521=DIRECTION('',(0.12186936966003,0.992546148417627,1.11368204008765E-17));
#3522=DIRECTION('center_axis',(4.55252096098234E-18,1.0661476605262E-17,
-1.));
#3523=DIRECTION('ref_axis',(-0.788010766276388,-0.615661459109225,0.));
#3524=DIRECTION('',(-0.992546149849132,0.121869358001364,-3.21927984270064E-18));
#3525=DIRECTION('center_axis',(4.55252096098234E-18,1.0661476605262E-17,
-1.));
#3526=DIRECTION('ref_axis',(0.615661481224897,-0.788010748997731,0.));
#3527=DIRECTION('',(-0.121869313948039,-0.9925461552582,-1.1136820220177E-17));
#3528=DIRECTION('center_axis',(-4.55252096098234E-18,-1.0661476605262E-17,
1.));
#3529=DIRECTION('ref_axis',(-0.615661481224893,0.788010748997735,0.));
#3530=DIRECTION('',(-0.992546149849132,0.121869358001364,-3.21927984270064E-18));
#3531=DIRECTION('center_axis',(4.55252096098234E-18,1.0661476605262E-17,
-1.));
#3532=DIRECTION('ref_axis',(-1.,0.,-4.55252096098233E-18));
#3533=DIRECTION('center_axis',(4.55252096098234E-18,1.0661476605262E-17,
-1.));
#3534=DIRECTION('ref_axis',(-1.,0.,-4.55252096098233E-18));
#3535=DIRECTION('center_axis',(4.55252096098234E-18,1.0661476605262E-17,
-1.));
#3536=DIRECTION('ref_axis',(-1.,0.,-4.55252096098233E-18));
#3537=DIRECTION('center_axis',(4.55252096098234E-18,1.0661476605262E-17,
-1.));
#3538=DIRECTION('ref_axis',(-1.,0.,-4.55252096098233E-18));
#3539=DIRECTION('center_axis',(4.55252096098234E-18,1.0661476605262E-17,
-1.));
#3540=DIRECTION('ref_axis',(-1.,0.,-4.55252096098233E-18));
#3541=DIRECTION('center_axis',(4.55252096098234E-18,1.0661476605262E-17,
-1.));
#3542=DIRECTION('ref_axis',(-1.,0.,-4.55252096098233E-18));
#3543=DIRECTION('center_axis',(4.55252096098234E-18,1.0661476605262E-17,
-1.));
#3544=DIRECTION('ref_axis',(-1.,0.,-4.55252096098233E-18));
#3545=DIRECTION('center_axis',(4.55252096098234E-18,1.0661476605262E-17,
-1.));
#3546=DIRECTION('ref_axis',(-1.,0.,-4.55252096098233E-18));
#3547=DIRECTION('center_axis',(4.55252096098234E-18,1.0661476605262E-17,
-1.));
#3548=DIRECTION('ref_axis',(-1.,0.,-4.55252096098233E-18));
#3549=DIRECTION('center_axis',(4.55252096098234E-18,1.0661476605262E-17,
-1.));
#3550=DIRECTION('ref_axis',(-1.,0.,-4.55252096098233E-18));
#3551=DIRECTION('center_axis',(4.55252096098234E-18,1.0661476605262E-17,
-1.));
#3552=DIRECTION('ref_axis',(-1.,0.,-4.55252096098233E-18));
#3553=DIRECTION('center_axis',(4.55252096098234E-18,1.0661476605262E-17,
-1.));
#3554=DIRECTION('ref_axis',(-1.,0.,-4.55252096098233E-18));
#3555=DIRECTION('center_axis',(4.55252096098234E-18,1.0661476605262E-17,
-1.));
#3556=DIRECTION('ref_axis',(-1.,0.,-4.55252096098233E-18));
#3557=DIRECTION('center_axis',(4.55252096098234E-18,1.0661476605262E-17,
-1.));
#3558=DIRECTION('ref_axis',(-1.,0.,-4.55252096098233E-18));
#3559=DIRECTION('center_axis',(4.55252096098234E-18,1.0661476605262E-17,
-1.));
#3560=DIRECTION('ref_axis',(-1.,0.,-4.55252096098233E-18));
#3561=DIRECTION('center_axis',(4.55252096098234E-18,1.0661476605262E-17,
-1.));
#3562=DIRECTION('ref_axis',(-1.,0.,-4.55252096098233E-18));
#3563=DIRECTION('center_axis',(-7.22801448323669E-18,0.,1.));
#3564=DIRECTION('ref_axis',(-1.,7.36322219168617E-35,-2.35386026959882E-18));
#3565=DIRECTION('center_axis',(-4.55252096098234E-18,-1.0661476605262E-17,
1.));
#3566=DIRECTION('ref_axis',(-1.,9.70731914409563E-35,-4.55252096098234E-18));
#3567=DIRECTION('',(-0.707106781186547,-8.65956056235493E-17,-0.707106781186547));
#3568=DIRECTION('center_axis',(4.55252096098234E-18,1.0661476605262E-17,
-1.));
#3569=DIRECTION('ref_axis',(-1.,4.85365957204781E-35,0.));
#3570=DIRECTION('center_axis',(-4.55252096098234E-18,-1.0661476605262E-17,
1.));
#3571=DIRECTION('ref_axis',(-1.,4.85365957204781E-35,-4.55252096098234E-18));
#3572=DIRECTION('',(0.999998898373141,0.00148433571113911,4.56834115626164E-18));
#3573=DIRECTION('',(0.12186931394804,0.9925461552582,1.1136820220177E-17));
#3574=DIRECTION('center_axis',(-4.55252096098234E-18,-1.0661476605262E-17,
1.));
#3575=DIRECTION('ref_axis',(0.615661498712489,-0.788010735334927,-5.59854614171025E-18));
#3576=DIRECTION('',(0.992546155258199,-0.121869313948041,3.21928033699901E-18));
#3577=DIRECTION('center_axis',(-4.55252096098234E-18,-1.0661476605262E-17,
1.));
#3578=DIRECTION('ref_axis',(-0.788010735334927,-0.615661498712488,-1.01512960553751E-17));
#3579=DIRECTION('',(-0.121869313948038,-0.9925461552582,-1.1136820220177E-17));
#3580=DIRECTION('center_axis',(4.55252096098234E-18,1.0661476605262E-17,
-1.));
#3581=DIRECTION('ref_axis',(0.788010748997725,0.615661481224906,1.01512959311318E-17));
#3582=DIRECTION('',(0.992546149849132,-0.121869358001364,3.21927984270064E-18));
#3583=DIRECTION('center_axis',(4.55252096098234E-18,1.0661476605262E-17,
-1.));
#3584=DIRECTION('ref_axis',(-0.615661481224893,0.788010748997734,5.59854636698859E-18));
#3585=DIRECTION('',(0.121869313948039,0.9925461552582,1.1136820220177E-17));
#3586=DIRECTION('center_axis',(-4.55252096098234E-18,-1.0661476605262E-17,
1.));
#3587=DIRECTION('ref_axis',(0.615661481224897,-0.788010748997731,-5.59854636698854E-18));
#3588=DIRECTION('',(0.992546149849132,-0.121869358001364,3.21927984270064E-18));
#3589=DIRECTION('center_axis',(-4.55252096098234E-18,-1.0661476605262E-17,
1.));
#3590=DIRECTION('ref_axis',(-0.788010766276388,-0.615661459109225,-1.01512957740075E-17));
#3591=DIRECTION('',(-0.12186936966003,-0.992546148417627,-1.11368204008765E-17));
#3592=DIRECTION('center_axis',(-4.55252096098234E-18,-1.0661476605262E-17,
1.));
#3593=DIRECTION('ref_axis',(-0.61566145910923,0.788010766276384,5.59854665188652E-18));
#3594=DIRECTION('',(-0.992546149849132,0.121869358001365,-3.21927984270063E-18));
#3595=DIRECTION('center_axis',(4.55252096098234E-18,1.0661476605262E-17,
-1.));
#3596=DIRECTION('ref_axis',(0.615661481224899,-0.78801074899773,-5.59854636698852E-18));
#3597=DIRECTION('',(-0.121869313948035,-0.9925461552582,-1.1136820220177E-17));
#3598=DIRECTION('center_axis',(-4.55252096098234E-18,-1.0661476605262E-17,
1.));
#3599=DIRECTION('ref_axis',(-0.615661481224909,0.788010748997722,5.59854636698839E-18));
#3600=DIRECTION('',(-0.992546149849132,0.121869358001365,-3.21927984270063E-18));
#3601=DIRECTION('center_axis',(4.55252096098234E-18,1.0661476605262E-17,
-1.));
#3602=DIRECTION('ref_axis',(0.615661481224906,-0.788010748997725,-5.59854636698843E-18));
#3603=DIRECTION('',(-0.121869313948042,-0.992546155258199,-1.11368202201771E-17));
#3604=DIRECTION('center_axis',(-4.55252096098234E-18,-1.0661476605262E-17,
1.));
#3605=DIRECTION('ref_axis',(-0.615661481224901,0.788010748997728,5.59854636698849E-18));
#3606=DIRECTION('',(-0.992546149849132,0.121869358001365,-3.21927984270063E-18));
#3607=DIRECTION('center_axis',(-4.55252096098234E-18,-1.0661476605262E-17,
1.));
#3608=DIRECTION('ref_axis',(0.788010748997729,0.6156614812249,1.01512959311318E-17));
#3609=DIRECTION('',(0.121869313948041,0.992546155258199,1.11368202201771E-17));
#3610=DIRECTION('center_axis',(4.55252096098234E-18,1.0661476605262E-17,
-1.));
#3611=DIRECTION('ref_axis',(-0.788010748997732,-0.615661481224896,-1.01512959311318E-17));
#3612=DIRECTION('',(-0.992546149849132,0.121869358001365,-3.21927984270063E-18));
#3613=DIRECTION('center_axis',(-4.55252096098234E-18,-1.0661476605262E-17,
1.));
#3614=DIRECTION('ref_axis',(0.788010748997728,0.615661481224902,1.01512959311318E-17));
#3615=DIRECTION('center_axis',(4.55252096098234E-18,1.0661476605262E-17,
-1.));
#3616=DIRECTION('ref_axis',(-1.,4.85365957204781E-35,-4.55252096098234E-18));
#3617=DIRECTION('center_axis',(4.55252096098234E-18,1.0661476605262E-17,
-1.));
#3618=DIRECTION('ref_axis',(-1.,4.85365957204781E-35,-4.55252096098234E-18));
#3619=DIRECTION('',(-0.992546149849132,-0.121869358001365,-5.81789446116034E-18));
#3620=DIRECTION('center_axis',(4.55252096098234E-18,1.0661476605262E-17,
-1.));
#3621=DIRECTION('ref_axis',(0.788010748997726,-0.615661481224905,-2.97642502654875E-18));
#3622=DIRECTION('',(0.121869313948041,-0.992546155258199,-1.00271950076791E-17));
#3623=DIRECTION('center_axis',(-4.55252096098234E-18,-1.0661476605262E-17,
1.));
#3624=DIRECTION('ref_axis',(-0.788010748997729,0.6156614812249,2.97642502654868E-18));
#3625=DIRECTION('',(-0.992546149849132,-0.121869358001365,-5.81789446116034E-18));
#3626=DIRECTION('center_axis',(-4.55252096098234E-18,-1.0661476605262E-17,
1.));
#3627=DIRECTION('ref_axis',(0.615661481224901,0.788010748997728,1.12041699632801E-17));
#3628=DIRECTION('',(-0.121869313948042,0.992546155258199,1.00271950076791E-17));
#3629=DIRECTION('center_axis',(4.55252096098234E-18,1.0661476605262E-17,
-1.));
#3630=DIRECTION('ref_axis',(-0.615661481224906,-0.788010748997724,-1.12041699632801E-17));
#3631=DIRECTION('',(-0.992546149849132,-0.121869358001365,-5.81789446116034E-18));
#3632=DIRECTION('center_axis',(-4.55252096098234E-18,-1.0661476605262E-17,
1.));
#3633=DIRECTION('ref_axis',(0.615661481224909,0.788010748997722,1.12041699632801E-17));
#3634=DIRECTION('',(-0.121869313948035,0.9925461552582,1.00271950076791E-17));
#3635=DIRECTION('center_axis',(4.55252096098234E-18,1.0661476605262E-17,
-1.));
#3636=DIRECTION('ref_axis',(-0.615661481224898,-0.788010748997731,-1.12041699632801E-17));
#3637=DIRECTION('',(-0.992546149849132,-0.121869358001365,-5.81789446116034E-18));
#3638=DIRECTION('center_axis',(-4.55252096098234E-18,-1.0661476605262E-17,
1.));
#3639=DIRECTION('ref_axis',(0.615661459109231,0.788010766276383,1.1204170046814E-17));
#3640=DIRECTION('',(-0.12186936966003,0.992546148417627,1.00271946811185E-17));
#3641=DIRECTION('center_axis',(-4.55252096098234E-18,-1.0661476605262E-17,
1.));
#3642=DIRECTION('ref_axis',(0.788010766276384,-0.615661459109231,-2.97642471210155E-18));
#3643=DIRECTION('',(0.992546149849132,0.121869358001363,5.81789446116033E-18));
#3644=DIRECTION('center_axis',(-4.55252096098234E-18,-1.0661476605262E-17,
1.));
#3645=DIRECTION('ref_axis',(-0.615661481224908,-0.788010748997723,-1.12041699632801E-17));
#3646=DIRECTION('',(0.121869313948039,-0.9925461552582,-1.00271950076791E-17));
#3647=DIRECTION('center_axis',(4.55252096098234E-18,1.0661476605262E-17,
-1.));
#3648=DIRECTION('ref_axis',(0.615661481224893,0.788010748997735,1.12041699632801E-17));
#3649=DIRECTION('',(0.992546149849132,0.121869358001363,5.81789446116032E-18));
#3650=DIRECTION('center_axis',(4.55252096098234E-18,1.0661476605262E-17,
-1.));
#3651=DIRECTION('ref_axis',(-0.788010748997712,0.615661481224922,2.97642502654899E-18));
#3652=DIRECTION('',(-0.121869313948038,0.9925461552582,1.00271950076791E-17));
#3653=DIRECTION('center_axis',(-4.55252096098234E-18,-1.0661476605262E-17,
1.));
#3654=DIRECTION('ref_axis',(0.788010735334921,-0.615661498712497,-2.9764252751925E-18));
#3655=DIRECTION('',(0.9925461552582,0.12186931394804,5.81789401611175E-18));
#3656=DIRECTION('center_axis',(-4.55252096098234E-18,-1.0661476605262E-17,
1.));
#3657=DIRECTION('ref_axis',(-0.615661498712499,-0.788010735334919,-1.1204169897227E-17));
#3658=DIRECTION('',(0.12186931394804,-0.9925461552582,-1.00271950076791E-17));
#3659=DIRECTION('center_axis',(-4.55252096098234E-18,-1.0661476605262E-17,
1.));
#3660=DIRECTION('ref_axis',(-0.788010748997728,0.615661481224901,2.97642502654869E-18));
#3661=DIRECTION('center_axis',(0.,0.,1.));
#3662=DIRECTION('ref_axis',(-1.,4.85365957204781E-35,0.));
#3663=DIRECTION('',(0.,0.,-1.));
#3664=DIRECTION('center_axis',(-0.701836117023709,0.0861746183112111,0.707106781186548));
#3665=DIRECTION('ref_axis',(0.709747005581926,0.,0.704456661596361));
#3666=DIRECTION('',(0.701836117023708,-0.0861746183112077,0.707106781186549));
#3667=DIRECTION('',(-0.701836117023709,0.0861746183112101,-0.707106781186548));
#3668=DIRECTION('',(-0.12186931394804,-0.9925461552582,-1.1136820220177E-17));
#3669=DIRECTION('center_axis',(0.,0.,1.));
#3670=DIRECTION('ref_axis',(0.615661498712488,-0.788010735334927,-3.26581858266431E-18));
#3671=DIRECTION('center_axis',(4.55252096098234E-18,1.0661476605262E-17,
-1.));
#3672=DIRECTION('ref_axis',(0.615661498712489,-0.788010735334927,0.));
#3673=DIRECTION('',(-0.0861746183112041,-0.701836117023695,0.707106781186562));
#3674=DIRECTION('center_axis',(0.0861746183112138,0.701836117023724,0.707106781186532));
#3675=DIRECTION('ref_axis',(0.992655644144357,0.,-0.120974262338529));
#3676=DIRECTION('',(-0.0861746183112085,-0.701836117023698,0.707106781186558));
#3677=DIRECTION('',(-0.992546155258199,0.121869313948041,-3.21928033699901E-18));
#3678=DIRECTION('center_axis',(0.,0.,1.));
#3679=DIRECTION('ref_axis',(-0.788010735334927,-0.615661498712488,-5.92158936563548E-18));
#3680=DIRECTION('center_axis',(4.55252096098234E-18,1.0661476605262E-17,
-1.));
#3681=DIRECTION('ref_axis',(-0.788010735334927,-0.615661498712489,0.));
#3682=DIRECTION('',(-0.701836117023694,0.0861746183112093,0.707106781186562));
#3683=DIRECTION('center_axis',(0.701836117023725,-0.086174618311212,0.707106781186532));
#3684=DIRECTION('ref_axis',(0.70974700558191,0.,-0.704456661596377));
#3685=DIRECTION('',(-0.701836117023693,0.0861746183112091,0.707106781186563));
#3686=DIRECTION('',(0.121869313948038,0.9925461552582,1.1136820220177E-17));
#3687=DIRECTION('center_axis',(0.,0.,-1.));
#3688=DIRECTION('ref_axis',(0.788010748997725,0.615661481224906,1.69188265518865E-18));
#3689=DIRECTION('center_axis',(-4.55252096098234E-18,-1.0661476605262E-17,
1.));
#3690=DIRECTION('ref_axis',(0.788010748997725,0.615661481224906,0.));
#3691=DIRECTION('',(-0.0861746494616322,-0.701836113198921,0.707106781186545));
#3692=DIRECTION('center_axis',(0.0861746494616157,0.70183611319892,0.707106781186548));
#3693=DIRECTION('ref_axis',(0.992655638893032,0.,-0.120974305428328));
#3694=DIRECTION('',(-0.086174649461632,-0.70183611319892,0.707106781186546));
#3695=DIRECTION('',(-0.992546149849132,0.121869358001364,-3.21927984270064E-18));
#3696=DIRECTION('center_axis',(0.,0.,-1.));
#3697=DIRECTION('ref_axis',(-0.615661481224893,0.788010748997734,9.3309106116477E-19));
#3698=DIRECTION('center_axis',(-4.55252096098234E-18,-1.0661476605262E-17,
1.));
#3699=DIRECTION('ref_axis',(-0.615661481224893,0.788010748997734,0.));
#3700=DIRECTION('',(0.701836117023705,-0.086174618311208,0.707106781186552));
#3701=DIRECTION('center_axis',(-0.701836117023714,0.0861746183112113,0.707106781186542));
#3702=DIRECTION('ref_axis',(0.709747005581921,0.,0.704456661596366));
#3703=DIRECTION('',(0.701836117023714,-0.0861746183112066,0.707106781186543));
#3704=DIRECTION('',(-0.121869313948039,-0.9925461552582,-1.1136820220177E-17));
#3705=DIRECTION('center_axis',(0.,0.,1.));
#3706=DIRECTION('ref_axis',(0.615661481224897,-0.788010748997731,-3.26581871407665E-18));
#3707=DIRECTION('center_axis',(4.55252096098234E-18,1.0661476605262E-17,
-1.));
#3708=DIRECTION('ref_axis',(0.615661481224897,-0.788010748997731,0.));
#3709=DIRECTION('',(-0.0861746494616114,-0.701836113198923,0.707106781186546));
#3710=DIRECTION('center_axis',(0.0861746494616157,0.70183611319892,0.707106781186548));
#3711=DIRECTION('ref_axis',(0.992655638893032,0.,-0.120974305428328));
#3712=DIRECTION('',(-0.0861746494616326,-0.701836113198915,0.707106781186551));
#3713=DIRECTION('',(-0.992546149849132,0.121869358001364,-3.21927984270064E-18));
#3714=DIRECTION('center_axis',(0.,0.,1.));
#3715=DIRECTION('ref_axis',(-0.788010766276388,-0.615661459109225,-5.9215892015044E-18));
#3716=DIRECTION('center_axis',(4.55252096098234E-18,1.0661476605262E-17,
-1.));
#3717=DIRECTION('ref_axis',(-0.788010766276388,-0.615661459109225,0.));
#3718=DIRECTION('',(-0.7018361121867,0.0861746577055383,0.707106781186541));
#3719=DIRECTION('center_axis',(0.701836112186698,-0.0861746577055379,0.707106781186544));
#3720=DIRECTION('ref_axis',(0.709747008009392,0.,-0.704456659150665));
#3721=DIRECTION('',(-0.701836112186689,0.0861746577055538,0.707106781186551));
#3722=DIRECTION('',(0.12186936966003,0.992546148417627,1.11368204008765E-17));
#3723=DIRECTION('center_axis',(0.,0.,1.));
#3724=DIRECTION('ref_axis',(-0.61566145910923,0.788010766276384,3.26581888026714E-18));
#3725=DIRECTION('center_axis',(4.55252096098234E-18,1.0661476605262E-17,
-1.));
#3726=DIRECTION('ref_axis',(-0.61566145910923,0.788010766276384,0.));
#3727=DIRECTION('',(0.086174649461633,0.701836113198914,0.707106781186551));
#3728=DIRECTION('center_axis',(-0.0861746494616164,-0.70183611319892,0.707106781186547));
#3729=DIRECTION('ref_axis',(0.992655638893032,0.,0.120974305428329));
#3730=DIRECTION('',(0.0861746494616115,0.701836113198922,0.707106781186546));
#3731=DIRECTION('',(0.992546149849132,-0.121869358001365,3.21927984270063E-18));
#3732=DIRECTION('center_axis',(0.,0.,-1.));
#3733=DIRECTION('ref_axis',(0.615661481224899,-0.78801074899773,-9.3309106116477E-19));
#3734=DIRECTION('center_axis',(-4.55252096098234E-18,-1.0661476605262E-17,
1.));
#3735=DIRECTION('ref_axis',(0.615661481224899,-0.78801074899773,0.));
#3736=DIRECTION('',(-0.701836117023705,0.0861746183112067,0.707106781186552));
#3737=DIRECTION('center_axis',(0.701836117023714,-0.0861746183112081,0.707106781186543));
#3738=DIRECTION('ref_axis',(0.709747005581921,0.,-0.704456661596365));
#3739=DIRECTION('',(-0.701836117023705,0.0861746183112051,0.707106781186552));
#3740=DIRECTION('',(0.121869313948035,0.9925461552582,1.1136820220177E-17));
#3741=DIRECTION('center_axis',(0.,0.,1.));
#3742=DIRECTION('ref_axis',(-0.615661481224909,0.788010748997722,3.26581871407656E-18));
#3743=DIRECTION('center_axis',(4.55252096098234E-18,1.0661476605262E-17,
-1.));
#3744=DIRECTION('ref_axis',(-0.615661481224909,0.788010748997722,0.));
#3745=DIRECTION('',(0.0861746494616117,0.70183611319892,0.707106781186549));
#3746=DIRECTION('center_axis',(-0.0861746494616167,-0.701836113198922,0.707106781186545));
#3747=DIRECTION('ref_axis',(0.992655638893032,0.,0.12097430542833));
#3748=DIRECTION('',(0.0861746494616119,0.701836113198918,0.70710678118655));
#3749=DIRECTION('',(0.992546149849132,-0.121869358001365,3.21927984270063E-18));
#3750=DIRECTION('center_axis',(0.,0.,-1.));
#3751=DIRECTION('ref_axis',(0.615661481224906,-0.788010748997725,-9.33091061164758E-19));
#3752=DIRECTION('center_axis',(-4.55252096098234E-18,-1.0661476605262E-17,
1.));
#3753=DIRECTION('ref_axis',(0.615661481224906,-0.788010748997725,0.));
#3754=DIRECTION('',(-0.701836117023705,0.0861746183112126,0.707106781186551));
#3755=DIRECTION('center_axis',(0.701836117023707,-0.0861746183112126,0.707106781186549));
#3756=DIRECTION('ref_axis',(0.709747005581927,0.,-0.704456661596359));
#3757=DIRECTION('',(-0.701836117023715,0.0861746183112132,0.707106781186541));
#3758=DIRECTION('',(0.121869313948042,0.992546155258199,1.11368202201771E-17));
#3759=DIRECTION('center_axis',(0.,0.,1.));
#3760=DIRECTION('ref_axis',(-0.615661481224901,0.788010748997728,3.26581871407662E-18));
#3761=DIRECTION('center_axis',(4.55252096098234E-18,1.0661476605262E-17,
-1.));
#3762=DIRECTION('ref_axis',(-0.615661481224901,0.788010748997728,0.));
#3763=DIRECTION('',(0.0861746494616119,0.701836113198918,0.70710678118655));
#3764=DIRECTION('center_axis',(-0.0861746494616164,-0.70183611319892,0.707106781186547));
#3765=DIRECTION('ref_axis',(0.992655638893032,0.,0.120974305428329));
#3766=DIRECTION('',(0.0861746494616116,0.70183611319892,0.707106781186548));
#3767=DIRECTION('',(0.992546149849132,-0.121869358001365,3.21927984270063E-18));
#3768=DIRECTION('center_axis',(0.,0.,1.));
#3769=DIRECTION('ref_axis',(0.788010748997729,0.6156614812249,5.92158929316021E-18));
#3770=DIRECTION('center_axis',(4.55252096098234E-18,1.0661476605262E-17,
-1.));
#3771=DIRECTION('ref_axis',(0.788010748997729,0.6156614812249,0.));
#3772=DIRECTION('',(0.70183611702371,-0.0861746183112119,0.707106781186546));
#3773=DIRECTION('center_axis',(-0.701836117023707,0.0861746183112119,0.707106781186549));
#3774=DIRECTION('ref_axis',(0.709747005581927,0.,0.704456661596359));
#3775=DIRECTION('',(0.701836117023716,-0.0861746183112087,0.707106781186541));
#3776=DIRECTION('',(-0.121869313948041,-0.992546155258199,-1.11368202201771E-17));
#3777=DIRECTION('center_axis',(0.,0.,-1.));
#3778=DIRECTION('ref_axis',(-0.788010748997732,-0.615661481224896,-1.69188265518861E-18));
#3779=DIRECTION('center_axis',(-4.55252096098234E-18,-1.0661476605262E-17,
1.));
#3780=DIRECTION('ref_axis',(-0.788010748997732,-0.615661481224896,0.));
#3781=DIRECTION('',(0.0861746494616115,0.701836113198921,0.707106781186547));
#3782=DIRECTION('center_axis',(-0.0861746494616167,-0.701836113198923,0.707106781186545));
#3783=DIRECTION('ref_axis',(0.992655638893032,0.,0.12097430542833));
#3784=DIRECTION('',(0.0861746494616171,0.701836113198918,0.70710678118655));
#3785=DIRECTION('',(0.992546149849132,-0.121869358001365,3.21927984270063E-18));
#3786=DIRECTION('center_axis',(0.,0.,1.));
#3787=DIRECTION('ref_axis',(0.788010748997728,0.615661481224902,5.92158929316022E-18));
#3788=DIRECTION('center_axis',(4.55252096098234E-18,1.0661476605262E-17,
-1.));
#3789=DIRECTION('ref_axis',(0.788010748997728,0.615661481224902,0.));
#3790=DIRECTION('center_axis',(0.,0.,1.));
#3791=DIRECTION('ref_axis',(-0.61566145910923,0.788010766276384,0.));
#3792=DIRECTION('',(0.,0.,-1.));
#3793=DIRECTION('',(0.,0.,1.));
#3794=DIRECTION('center_axis',(0.992546148417628,-0.12186936966003,0.));
#3795=DIRECTION('ref_axis',(0.12186936966003,0.992546148417627,1.11368204008765E-17));
#3796=DIRECTION('',(0.,0.,1.));
#3797=DIRECTION('center_axis',(0.,0.,1.));
#3798=DIRECTION('ref_axis',(-0.788010766276388,-0.615661459109225,0.));
#3799=DIRECTION('',(0.,0.,-1.));
#3800=DIRECTION('center_axis',(0.121869358001364,0.992546149849132,0.));
#3801=DIRECTION('ref_axis',(-0.992546149849132,0.121869358001364,-3.21927984270064E-18));
#3802=DIRECTION('',(0.,0.,1.));
#3803=DIRECTION('center_axis',(0.,0.,1.));
#3804=DIRECTION('ref_axis',(0.615661481224897,-0.788010748997731,0.));
#3805=DIRECTION('',(0.,0.,-1.));
#3806=DIRECTION('center_axis',(-0.9925461552582,0.121869313948039,0.));
#3807=DIRECTION('ref_axis',(-0.121869313948039,-0.9925461552582,-1.1136820220177E-17));
#3808=DIRECTION('',(0.,0.,1.));
#3809=DIRECTION('center_axis',(0.,0.,1.));
#3810=DIRECTION('ref_axis',(-0.615661481224893,0.788010748997735,0.));
#3811=DIRECTION('',(0.,0.,-1.));
#3812=DIRECTION('center_axis',(0.121869358001364,0.992546149849132,0.));
#3813=DIRECTION('ref_axis',(-0.992546149849132,0.121869358001364,-3.21927984270064E-18));
#3814=DIRECTION('',(0.,0.,1.));
#3815=DIRECTION('center_axis',(0.,0.,1.));
#3816=DIRECTION('ref_axis',(0.788010748997725,0.615661481224906,0.));
#3817=DIRECTION('',(0.,0.,-1.));
#3818=DIRECTION('center_axis',(0.9925461552582,-0.121869313948038,0.));
#3819=DIRECTION('ref_axis',(0.121869313948038,0.9925461552582,1.1136820220177E-17));
#3820=DIRECTION('',(0.,0.,1.));
#3821=DIRECTION('center_axis',(0.,0.,1.));
#3822=DIRECTION('ref_axis',(-0.788010735334927,-0.615661498712489,0.));
#3823=DIRECTION('',(0.,0.,-1.));
#3824=DIRECTION('center_axis',(0.121869313948041,0.9925461552582,0.));
#3825=DIRECTION('ref_axis',(-0.992546155258199,0.121869313948041,-3.21928033699901E-18));
#3826=DIRECTION('',(0.,0.,1.));
#3827=DIRECTION('center_axis',(0.,0.,1.));
#3828=DIRECTION('ref_axis',(0.615661498712489,-0.788010735334927,0.));
#3829=DIRECTION('',(0.,0.,-1.));
#3830=DIRECTION('center_axis',(-0.9925461552582,0.12186931394804,0.));
#3831=DIRECTION('ref_axis',(-0.12186931394804,-0.9925461552582,-1.1136820220177E-17));
#3832=DIRECTION('',(0.,0.,1.));
#3833=DIRECTION('center_axis',(0.0861746494616167,-0.701836113198923,0.707106781186544));
#3834=DIRECTION('ref_axis',(0.992655638893032,0.,-0.12097430542833));
#3835=DIRECTION('',(-0.086174649461612,0.701836113198918,0.707106781186551));
#3836=DIRECTION('',(0.0861746494616146,-0.701836113198917,-0.707106781186551));
#3837=DIRECTION('',(0.992546149849132,0.121869358001365,5.81789446116034E-18));
#3838=DIRECTION('center_axis',(0.,0.,-1.));
#3839=DIRECTION('ref_axis',(0.788010748997726,-0.615661481224905,-4.96070837758114E-19));
#3840=DIRECTION('center_axis',(-4.55252096098234E-18,-1.0661476605262E-17,
1.));
#3841=DIRECTION('ref_axis',(0.788010748997725,-0.615661481224905,0.));
#3842=DIRECTION('',(-0.70183611702371,-0.0861746183112126,0.707106781186546));
#3843=DIRECTION('center_axis',(0.701836117023702,0.0861746183112113,0.707106781186554));
#3844=DIRECTION('ref_axis',(0.709747005581933,0.,-0.704456661596354));
#3845=DIRECTION('',(-0.701836117023715,-0.0861746183112135,0.707106781186541));
#3846=DIRECTION('',(-0.121869313948041,0.992546155258199,1.00271950076791E-17));
#3847=DIRECTION('center_axis',(0.,0.,1.));
#3848=DIRECTION('ref_axis',(-0.788010748997729,0.6156614812249,1.7362479321534E-18));
#3849=DIRECTION('center_axis',(4.55252096098234E-18,1.0661476605262E-17,
-1.));
#3850=DIRECTION('ref_axis',(-0.788010748997729,0.6156614812249,0.));
#3851=DIRECTION('',(-0.0861746494616219,0.701836113198921,0.707106781186546));
#3852=DIRECTION('center_axis',(0.0861746494616164,-0.701836113198922,0.707106781186546));
#3853=DIRECTION('ref_axis',(0.992655638893032,0.,-0.120974305428329));
#3854=DIRECTION('',(-0.0861746494616222,0.701836113198918,0.707106781186549));
#3855=DIRECTION('',(0.992546149849132,0.121869358001365,5.81789446116034E-18));
#3856=DIRECTION('center_axis',(0.,0.,1.));
#3857=DIRECTION('ref_axis',(0.615661481224901,0.788010748997728,6.53576581191337E-18));
#3858=DIRECTION('center_axis',(4.55252096098234E-18,1.0661476605262E-17,
-1.));
#3859=DIRECTION('ref_axis',(0.615661481224901,0.788010748997728,0.));
#3860=DIRECTION('',(0.701836117023705,0.0861746183112122,0.707106781186551));
#3861=DIRECTION('center_axis',(-0.701836117023707,-0.0861746183112127,0.707106781186549));
#3862=DIRECTION('ref_axis',(0.709747005581927,0.,0.704456661596359));
#3863=DIRECTION('',(0.70183611702371,0.0861746183112129,0.707106781186546));
#3864=DIRECTION('',(0.121869313948042,-0.992546155258199,-1.00271950076791E-17));
#3865=DIRECTION('center_axis',(0.,0.,-1.));
#3866=DIRECTION('ref_axis',(-0.615661481224906,-0.788010748997724,-1.86736166054675E-18));
#3867=DIRECTION('center_axis',(-4.55252096098234E-18,-1.0661476605262E-17,
1.));
#3868=DIRECTION('ref_axis',(-0.615661481224906,-0.788010748997724,0.));
#3869=DIRECTION('',(-0.0861746494616226,0.701836113198915,0.707106781186552));
#3870=DIRECTION('center_axis',(0.0861746494616165,-0.701836113198921,0.707106781186546));
#3871=DIRECTION('ref_axis',(0.992655638893032,0.,-0.120974305428329));
#3872=DIRECTION('',(-0.0861746494616117,0.70183611319892,0.707106781186549));
#3873=DIRECTION('',(0.992546149849132,0.121869358001365,5.81789446116034E-18));
#3874=DIRECTION('center_axis',(0.,0.,1.));
#3875=DIRECTION('ref_axis',(0.615661481224909,0.788010748997722,6.53576581191336E-18));
#3876=DIRECTION('center_axis',(4.55252096098234E-18,1.0661476605262E-17,
-1.));
#3877=DIRECTION('ref_axis',(0.615661481224909,0.788010748997722,0.));
#3878=DIRECTION('',(0.701836117023705,0.0861746183112073,0.707106781186552));
#3879=DIRECTION('center_axis',(-0.701836117023713,-0.0861746183112081,0.707106781186543));
#3880=DIRECTION('ref_axis',(0.709747005581922,0.,0.704456661596365));
#3881=DIRECTION('',(0.701836117023705,0.0861746183112073,0.707106781186552));
#3882=DIRECTION('',(0.121869313948035,-0.9925461552582,-1.00271950076791E-17));
#3883=DIRECTION('center_axis',(0.,0.,-1.));
#3884=DIRECTION('ref_axis',(-0.615661481224898,-0.788010748997731,-1.86736166054672E-18));
#3885=DIRECTION('center_axis',(-4.55252096098234E-18,-1.0661476605262E-17,
1.));
#3886=DIRECTION('ref_axis',(-0.615661481224898,-0.788010748997731,0.));
#3887=DIRECTION('',(-0.0861746494616325,0.701836113198918,0.707106781186547));
#3888=DIRECTION('center_axis',(0.0861746494616161,-0.70183611319892,0.707106781186548));
#3889=DIRECTION('ref_axis',(0.992655638893032,0.,-0.120974305428328));
#3890=DIRECTION('',(-0.0861746494616115,0.701836113198922,0.707106781186546));
#3891=DIRECTION('',(0.992546149849132,0.121869358001365,5.81789446116034E-18));
#3892=DIRECTION('center_axis',(0.,0.,1.));
#3893=DIRECTION('ref_axis',(0.615661459109231,0.788010766276383,6.5357658606415E-18));
#3894=DIRECTION('center_axis',(4.55252096098234E-18,1.0661476605262E-17,
-1.));
#3895=DIRECTION('ref_axis',(0.615661459109231,0.788010766276383,0.));
#3896=DIRECTION('',(0.7018361121867,0.0861746577055357,0.707106781186541));
#3897=DIRECTION('center_axis',(-0.701836112186687,-0.0861746577055366,0.707106781186554));
#3898=DIRECTION('ref_axis',(0.709747008009402,0.,0.704456659150654));
#3899=DIRECTION('',(0.7018361121867,0.0861746577055383,0.707106781186541));
#3900=DIRECTION('',(0.12186936966003,-0.992546148417627,-1.00271946811185E-17));
#3901=DIRECTION('center_axis',(0.,0.,1.));
#3902=DIRECTION('ref_axis',(0.788010766276384,-0.615661459109231,-1.73624774872591E-18));
#3903=DIRECTION('center_axis',(4.55252096098234E-18,1.0661476605262E-17,
-1.));
#3904=DIRECTION('ref_axis',(0.788010766276384,-0.615661459109231,0.));
#3905=DIRECTION('',(0.0861746494616114,-0.701836113198923,0.707106781186546));
#3906=DIRECTION('center_axis',(-0.0861746494616155,0.701836113198924,0.707106781186544));
#3907=DIRECTION('ref_axis',(0.992655638893032,0.,0.120974305428328));
#3908=DIRECTION('',(0.0861746494616334,-0.701836113198911,0.707106781186555));
#3909=DIRECTION('',(-0.992546149849132,-0.121869358001363,-5.81789446116033E-18));
#3910=DIRECTION('center_axis',(0.,0.,1.));
#3911=DIRECTION('ref_axis',(-0.615661481224908,-0.788010748997723,-6.53576581191336E-18));
#3912=DIRECTION('center_axis',(4.55252096098234E-18,1.0661476605262E-17,
-1.));
#3913=DIRECTION('ref_axis',(-0.615661481224908,-0.788010748997723,0.));
#3914=DIRECTION('',(-0.701836117023705,-0.086174618311208,0.707106781186552));
#3915=DIRECTION('center_axis',(0.701836117023713,0.0861746183112111,0.707106781186543));
#3916=DIRECTION('ref_axis',(0.709747005581922,0.,-0.704456661596365));
#3917=DIRECTION('',(-0.701836117023705,-0.086174618311208,0.707106781186552));
#3918=DIRECTION('',(-0.121869313948039,0.9925461552582,1.00271950076791E-17));
#3919=DIRECTION('center_axis',(0.,0.,-1.));
#3920=DIRECTION('ref_axis',(0.615661481224893,0.788010748997734,1.86736166054677E-18));
#3921=DIRECTION('center_axis',(-4.55252096098234E-18,-1.0661476605262E-17,
1.));
#3922=DIRECTION('ref_axis',(0.615661481224893,0.788010748997735,0.));
#3923=DIRECTION('',(0.086174649461612,-0.701836113198917,0.707106781186551));
#3924=DIRECTION('center_axis',(-0.0861746494616146,0.701836113198919,0.707106781186549));
#3925=DIRECTION('ref_axis',(0.992655638893032,0.,0.120974305428326));
#3926=DIRECTION('',(0.0861746494616114,-0.701836113198923,0.707106781186546));
#3927=DIRECTION('',(-0.992546149849132,-0.121869358001363,-5.81789446116032E-18));
#3928=DIRECTION('center_axis',(0.,0.,-1.));
#3929=DIRECTION('ref_axis',(-0.788010748997712,0.615661481224922,4.96070837758152E-19));
#3930=DIRECTION('center_axis',(-4.55252096098234E-18,-1.0661476605262E-17,
1.));
#3931=DIRECTION('ref_axis',(-0.788010748997712,0.615661481224922,0.));
#3932=DIRECTION('',(0.701836117023705,0.086174618311208,0.707106781186552));
#3933=DIRECTION('center_axis',(-0.701836117023713,-0.0861746183112105,0.707106781186543));
#3934=DIRECTION('ref_axis',(0.709747005581922,0.,0.704456661596365));
#3935=DIRECTION('',(0.701836117023694,0.0861746183112093,0.707106781186562));
#3936=DIRECTION('',(0.121869313948038,-0.9925461552582,-1.00271950076791E-17));
#3937=DIRECTION('center_axis',(0.,0.,1.));
#3938=DIRECTION('ref_axis',(0.788010735334921,-0.615661498712497,-1.73624807719563E-18));
#3939=DIRECTION('center_axis',(4.55252096098234E-18,1.0661476605262E-17,
-1.));
#3940=DIRECTION('ref_axis',(0.788010735334921,-0.615661498712497,0.));
#3941=DIRECTION('',(0.0861746183112074,-0.70183611702371,0.707106781186546));
#3942=DIRECTION('center_axis',(-0.0861746183112123,0.701836117023714,0.707106781186542));
#3943=DIRECTION('ref_axis',(0.992655644144358,0.,0.120974262338525));
#3944=DIRECTION('',(0.0861746183112027,-0.701836117023704,0.707106781186553));
#3945=DIRECTION('',(-0.9925461552582,-0.12186931394804,-5.81789401611175E-18));
#3946=DIRECTION('center_axis',(0.,0.,1.));
#3947=DIRECTION('ref_axis',(-0.615661498712499,-0.788010735334919,-6.53576577338242E-18));
#3948=DIRECTION('center_axis',(4.55252096098234E-18,1.0661476605262E-17,
-1.));
#3949=DIRECTION('ref_axis',(-0.615661498712499,-0.788010735334919,0.));
#3950=DIRECTION('',(-0.701836117023708,-0.0861746183112077,0.707106781186549));
#3951=DIRECTION('center_axis',(0.70183611702371,0.0861746183112112,0.707106781186546));
#3952=DIRECTION('ref_axis',(0.709747005581925,0.,-0.704456661596362));
#3953=DIRECTION('',(-0.701836117023706,-0.0861746183112078,0.70710678118655));
#3954=DIRECTION('',(-0.12186931394804,0.9925461552582,1.00271950076791E-17));
#3955=DIRECTION('center_axis',(0.,0.,1.));
#3956=DIRECTION('ref_axis',(-0.788010748997728,0.615661481224901,1.7362479321534E-18));
#3957=DIRECTION('center_axis',(4.55252096098234E-18,1.0661476605262E-17,
-1.));
#3958=DIRECTION('ref_axis',(-0.788010748997728,0.615661481224901,0.));
#3959=DIRECTION('center_axis',(0.,0.,1.));
#3960=DIRECTION('ref_axis',(0.615661459109231,0.788010766276383,0.));
#3961=DIRECTION('',(0.,0.,-1.));
#3962=DIRECTION('',(0.,0.,1.));
#3963=DIRECTION('center_axis',(0.121869358001365,-0.992546149849132,0.));
#3964=DIRECTION('ref_axis',(0.992546149849132,0.121869358001365,5.81789446116034E-18));
#3965=DIRECTION('',(0.,0.,1.));
#3966=DIRECTION('center_axis',(0.,0.,1.));
#3967=DIRECTION('ref_axis',(-0.615661481224898,-0.788010748997731,0.));
#3968=DIRECTION('',(0.,0.,-1.));
#3969=DIRECTION('center_axis',(-0.9925461552582,-0.121869313948035,0.));
#3970=DIRECTION('ref_axis',(0.121869313948035,-0.9925461552582,-1.00271950076791E-17));
#3971=DIRECTION('',(0.,0.,1.));
#3972=DIRECTION('center_axis',(0.,0.,1.));
#3973=DIRECTION('ref_axis',(0.615661481224909,0.788010748997722,0.));
#3974=DIRECTION('',(0.,0.,-1.));
#3975=DIRECTION('center_axis',(0.121869358001365,-0.992546149849132,0.));
#3976=DIRECTION('ref_axis',(0.992546149849132,0.121869358001365,5.81789446116034E-18));
#3977=DIRECTION('',(0.,0.,1.));
#3978=DIRECTION('center_axis',(0.,0.,1.));
#3979=DIRECTION('ref_axis',(-0.615661481224906,-0.788010748997724,0.));
#3980=DIRECTION('',(0.,0.,-1.));
#3981=DIRECTION('center_axis',(-0.992546155258199,-0.121869313948042,0.));
#3982=DIRECTION('ref_axis',(0.121869313948042,-0.992546155258199,-1.00271950076791E-17));
#3983=DIRECTION('',(0.,0.,1.));
#3984=DIRECTION('center_axis',(0.,0.,1.));
#3985=DIRECTION('ref_axis',(0.615661481224901,0.788010748997728,0.));
#3986=DIRECTION('',(0.,0.,-1.));
#3987=DIRECTION('center_axis',(0.121869358001365,-0.992546149849132,0.));
#3988=DIRECTION('ref_axis',(0.992546149849132,0.121869358001365,5.81789446116034E-18));
#3989=DIRECTION('',(0.,0.,1.));
#3990=DIRECTION('center_axis',(0.,0.,1.));
#3991=DIRECTION('ref_axis',(-0.788010748997729,0.6156614812249,0.));
#3992=DIRECTION('',(0.,0.,-1.));
#3993=DIRECTION('center_axis',(0.992546155258199,0.121869313948041,0.));
#3994=DIRECTION('ref_axis',(-0.121869313948041,0.992546155258199,1.00271950076791E-17));
#3995=DIRECTION('',(0.,0.,1.));
#3996=DIRECTION('center_axis',(0.,0.,1.));
#3997=DIRECTION('ref_axis',(0.788010748997725,-0.615661481224905,0.));
#3998=DIRECTION('',(0.,0.,-1.));
#3999=DIRECTION('center_axis',(0.121869358001365,-0.992546149849132,0.));
#4000=DIRECTION('ref_axis',(0.992546149849132,0.121869358001365,5.81789446116034E-18));
#4001=DIRECTION('',(0.,0.,1.));
#4002=DIRECTION('center_axis',(-0.121869358001365,-0.992546149849132,0.));
#4003=DIRECTION('ref_axis',(0.992546149849132,-0.121869358001365,3.21927984270063E-18));
#4004=DIRECTION('',(0.,0.,-1.));
#4005=DIRECTION('center_axis',(0.,0.,1.));
#4006=DIRECTION('ref_axis',(-0.615661481224909,0.788010748997722,0.));
#4007=DIRECTION('',(0.,0.,-1.));
#4008=DIRECTION('',(0.,0.,1.));
#4009=DIRECTION('center_axis',(-0.121869358001365,-0.992546149849132,0.));
#4010=DIRECTION('ref_axis',(0.992546149849132,-0.121869358001365,3.21927984270063E-18));
#4011=DIRECTION('',(0.,0.,-1.));
#4012=DIRECTION('center_axis',(0.,0.,1.));
#4013=DIRECTION('ref_axis',(-0.615661481224901,0.788010748997728,0.));
#4014=DIRECTION('',(0.,0.,-1.));
#4015=DIRECTION('',(0.,0.,1.));
#4016=DIRECTION('center_axis',(-0.121869358001365,-0.992546149849132,0.));
#4017=DIRECTION('ref_axis',(0.992546149849132,-0.121869358001365,3.21927984270063E-18));
#4018=DIRECTION('',(0.,0.,-1.));
#4019=DIRECTION('center_axis',(0.,0.,1.));
#4020=DIRECTION('ref_axis',(0.788010748997729,0.6156614812249,0.));
#4021=DIRECTION('',(0.,0.,1.));
#4022=DIRECTION('center_axis',(-0.9925461552582,0.121869313948041,0.));
#4023=DIRECTION('ref_axis',(-0.121869313948041,-0.992546155258199,-1.11368202201771E-17));
#4024=DIRECTION('',(0.,0.,-1.));
#4025=DIRECTION('center_axis',(0.,0.,1.));
#4026=DIRECTION('ref_axis',(0.788010735334921,-0.615661498712497,0.));
#4027=DIRECTION('',(0.,0.,-1.));
#4028=DIRECTION('',(0.,0.,1.));
#4029=DIRECTION('center_axis',(-0.12186931394804,0.9925461552582,0.));
#4030=DIRECTION('ref_axis',(-0.9925461552582,-0.12186931394804,-5.81789401611175E-18));
#4031=DIRECTION('',(0.,0.,-1.));
#4032=DIRECTION('center_axis',(0.,0.,1.));
#4033=DIRECTION('ref_axis',(-0.615661481224908,-0.788010748997723,0.));
#4034=DIRECTION('',(0.,0.,-1.));
#4035=DIRECTION('',(0.,0.,1.));
#4036=DIRECTION('center_axis',(0.9925461552582,0.121869313948039,0.));
#4037=DIRECTION('ref_axis',(-0.121869313948039,0.9925461552582,1.00271950076791E-17));
#4038=DIRECTION('',(0.,0.,-1.));
#4039=DIRECTION('center_axis',(0.,0.,1.));
#4040=DIRECTION('ref_axis',(0.788010766276384,-0.615661459109231,0.));
#4041=DIRECTION('',(0.,0.,-1.));
#4042=DIRECTION('',(0.,0.,1.));
#4043=DIRECTION('center_axis',(-0.121869358001363,0.992546149849132,0.));
#4044=DIRECTION('ref_axis',(-0.992546149849132,-0.121869358001363,-5.81789446116033E-18));
#4045=DIRECTION('center_axis',(-0.992546148417627,-0.12186936966003,0.));
#4046=DIRECTION('ref_axis',(0.12186936966003,-0.992546148417627,-1.00271946811185E-17));
#4047=DIRECTION('center_axis',(0.,0.,1.));
#4048=DIRECTION('ref_axis',(-0.788010748997728,0.615661481224901,0.));
#4049=DIRECTION('',(0.,0.,-1.));
#4050=DIRECTION('center_axis',(0.,0.,1.));
#4051=DIRECTION('ref_axis',(-0.615661498712499,-0.788010735334919,0.));
#4052=DIRECTION('',(0.,0.,1.));
#4053=DIRECTION('center_axis',(0.9925461552582,0.12186931394804,0.));
#4054=DIRECTION('ref_axis',(-0.12186931394804,0.9925461552582,1.00271950076791E-17));
#4055=DIRECTION('center_axis',(0.,0.,1.));
#4056=DIRECTION('ref_axis',(0.788010748997728,0.615661481224902,0.));
#4057=DIRECTION('',(0.,0.,-1.));
#4058=DIRECTION('center_axis',(0.,0.,-1.));
#4059=DIRECTION('ref_axis',(0.706056418369649,0.708155586067795,0.));
#4060=DIRECTION('',(0.,0.,1.));
#4061=DIRECTION('center_axis',(0.,0.,1.));
#4062=DIRECTION('ref_axis',(-0.708155586067795,0.706056418369649,0.));
#4063=DIRECTION('',(0.,0.,-1.));
#4064=DIRECTION('',(0.,0.,1.));
#4065=DIRECTION('center_axis',(-0.999998898373137,-0.0014843357142116,0.));
#4066=DIRECTION('ref_axis',(0.0014843357142116,-0.999998898373137,-1.06547073908409E-17));
#4067=DIRECTION('center_axis',(0.000180895018883716,-0.121869209150583,
0.992546151641325));
#4068=DIRECTION('ref_axis',(-0.00147327170088419,0.992545058225821,0.121869343405126));
#4069=DIRECTION('center_axis',(-4.55252096098234E-18,-1.0661476605262E-17,
1.));
#4070=DIRECTION('ref_axis',(-1.,0.,-4.55252096098233E-18));
#4071=DIRECTION('',(-4.55252096098234E-18,-1.0661476605262E-17,1.));
#4072=DIRECTION('center_axis',(4.55252096098234E-18,1.0661476605262E-17,
-1.));
#4073=DIRECTION('ref_axis',(-1.,0.,-4.55252096098233E-18));
#4074=DIRECTION('center_axis',(-4.55252096098234E-18,-1.0661476605262E-17,
1.));
#4075=DIRECTION('ref_axis',(-1.,0.,-4.55252096098234E-18));
#4076=DIRECTION('center_axis',(-4.55252096098234E-18,-1.0661476605262E-17,
1.));
#4077=DIRECTION('ref_axis',(-1.,0.,-4.55252096098233E-18));
#4078=DIRECTION('',(-4.55252096098234E-18,-1.0661476605262E-17,1.));
#4079=DIRECTION('center_axis',(4.55252096098234E-18,1.0661476605262E-17,
-1.));
#4080=DIRECTION('ref_axis',(-1.,0.,-4.55252096098233E-18));
#4081=DIRECTION('center_axis',(-4.55252096098234E-18,-1.0661476605262E-17,
1.));
#4082=DIRECTION('ref_axis',(-1.,0.,-4.55252096098234E-18));
#4083=DIRECTION('center_axis',(-4.55252096098234E-18,-1.0661476605262E-17,
1.));
#4084=DIRECTION('ref_axis',(-1.,0.,-4.55252096098233E-18));
#4085=DIRECTION('',(-4.55252096098234E-18,-1.0661476605262E-17,1.));
#4086=DIRECTION('center_axis',(4.55252096098234E-18,1.0661476605262E-17,
-1.));
#4087=DIRECTION('ref_axis',(-1.,0.,-4.55252096098233E-18));
#4088=DIRECTION('center_axis',(-4.55252096098234E-18,-1.0661476605262E-17,
1.));
#4089=DIRECTION('ref_axis',(-1.,0.,-4.55252096098234E-18));
#4090=DIRECTION('center_axis',(-4.55252096098234E-18,-1.0661476605262E-17,
1.));
#4091=DIRECTION('ref_axis',(-1.,0.,-4.55252096098233E-18));
#4092=DIRECTION('',(-4.55252096098234E-18,-1.0661476605262E-17,1.));
#4093=DIRECTION('center_axis',(4.55252096098234E-18,1.0661476605262E-17,
-1.));
#4094=DIRECTION('ref_axis',(-1.,0.,-4.55252096098233E-18));
#4095=DIRECTION('center_axis',(-4.55252096098234E-18,-1.0661476605262E-17,
1.));
#4096=DIRECTION('ref_axis',(-1.,0.,-4.55252096098234E-18));
#4097=DIRECTION('center_axis',(-4.55252096098234E-18,-1.0661476605262E-17,
1.));
#4098=DIRECTION('ref_axis',(-1.,0.,-4.55252096098233E-18));
#4099=DIRECTION('',(-4.55252096098234E-18,-1.0661476605262E-17,1.));
#4100=DIRECTION('center_axis',(4.55252096098234E-18,1.0661476605262E-17,
-1.));
#4101=DIRECTION('ref_axis',(-1.,0.,-4.55252096098233E-18));
#4102=DIRECTION('center_axis',(-4.55252096098234E-18,-1.0661476605262E-17,
1.));
#4103=DIRECTION('ref_axis',(-1.,0.,-4.55252096098234E-18));
#4104=DIRECTION('center_axis',(-4.55252096098234E-18,-1.0661476605262E-17,
1.));
#4105=DIRECTION('ref_axis',(-1.,0.,-4.55252096098233E-18));
#4106=DIRECTION('',(-4.55252096098234E-18,-1.0661476605262E-17,1.));
#4107=DIRECTION('center_axis',(4.55252096098234E-18,1.0661476605262E-17,
-1.));
#4108=DIRECTION('ref_axis',(-1.,0.,-4.55252096098233E-18));
#4109=DIRECTION('center_axis',(-4.55252096098234E-18,-1.0661476605262E-17,
1.));
#4110=DIRECTION('ref_axis',(-1.,0.,-4.55252096098234E-18));
#4111=DIRECTION('center_axis',(-4.55252096098234E-18,-1.0661476605262E-17,
1.));
#4112=DIRECTION('ref_axis',(-1.,0.,-4.55252096098233E-18));
#4113=DIRECTION('',(-4.55252096098234E-18,-1.0661476605262E-17,1.));
#4114=DIRECTION('center_axis',(4.55252096098234E-18,1.0661476605262E-17,
-1.));
#4115=DIRECTION('ref_axis',(-1.,0.,-4.55252096098233E-18));
#4116=DIRECTION('center_axis',(-4.55252096098234E-18,-1.0661476605262E-17,
1.));
#4117=DIRECTION('ref_axis',(-1.,0.,-4.55252096098234E-18));
#4118=DIRECTION('center_axis',(-4.55252096098234E-18,-1.0661476605262E-17,
1.));
#4119=DIRECTION('ref_axis',(-1.,0.,-4.55252096098233E-18));
#4120=DIRECTION('',(-4.55252096098234E-18,-1.0661476605262E-17,1.));
#4121=DIRECTION('center_axis',(4.55252096098234E-18,1.0661476605262E-17,
-1.));
#4122=DIRECTION('ref_axis',(-1.,0.,-4.55252096098233E-18));
#4123=DIRECTION('center_axis',(-4.55252096098234E-18,-1.0661476605262E-17,
1.));
#4124=DIRECTION('ref_axis',(-1.,0.,-4.55252096098234E-18));
#4125=DIRECTION('center_axis',(-4.55252096098234E-18,-1.0661476605262E-17,
1.));
#4126=DIRECTION('ref_axis',(-1.,0.,-4.55252096098233E-18));
#4127=DIRECTION('',(-4.55252096098234E-18,-1.0661476605262E-17,1.));
#4128=DIRECTION('center_axis',(4.55252096098234E-18,1.0661476605262E-17,
-1.));
#4129=DIRECTION('ref_axis',(-1.,0.,-4.55252096098233E-18));
#4130=DIRECTION('center_axis',(-4.55252096098234E-18,-1.0661476605262E-17,
1.));
#4131=DIRECTION('ref_axis',(-1.,0.,-4.55252096098234E-18));
#4132=DIRECTION('center_axis',(-4.55252096098234E-18,-1.0661476605262E-17,
1.));
#4133=DIRECTION('ref_axis',(-1.,0.,-4.55252096098233E-18));
#4134=DIRECTION('',(-4.55252096098234E-18,-1.0661476605262E-17,1.));
#4135=DIRECTION('center_axis',(4.55252096098234E-18,1.0661476605262E-17,
-1.));
#4136=DIRECTION('ref_axis',(-1.,0.,-4.55252096098233E-18));
#4137=DIRECTION('center_axis',(-4.55252096098234E-18,-1.0661476605262E-17,
1.));
#4138=DIRECTION('ref_axis',(-1.,0.,-4.55252096098234E-18));
#4139=DIRECTION('center_axis',(-4.55252096098234E-18,-1.0661476605262E-17,
1.));
#4140=DIRECTION('ref_axis',(-1.,0.,-4.55252096098233E-18));
#4141=DIRECTION('',(-4.55252096098234E-18,-1.0661476605262E-17,1.));
#4142=DIRECTION('center_axis',(4.55252096098234E-18,1.0661476605262E-17,
-1.));
#4143=DIRECTION('ref_axis',(-1.,0.,-4.55252096098233E-18));
#4144=DIRECTION('center_axis',(-4.55252096098234E-18,-1.0661476605262E-17,
1.));
#4145=DIRECTION('ref_axis',(-1.,0.,-4.55252096098234E-18));
#4146=DIRECTION('center_axis',(-4.55252096098234E-18,-1.0661476605262E-17,
1.));
#4147=DIRECTION('ref_axis',(-1.,0.,-4.55252096098233E-18));
#4148=DIRECTION('',(-4.55252096098234E-18,-1.0661476605262E-17,1.));
#4149=DIRECTION('center_axis',(4.55252096098234E-18,1.0661476605262E-17,
-1.));
#4150=DIRECTION('ref_axis',(-1.,0.,-4.55252096098233E-18));
#4151=DIRECTION('center_axis',(-4.55252096098234E-18,-1.0661476605262E-17,
1.));
#4152=DIRECTION('ref_axis',(-1.,0.,-4.55252096098234E-18));
#4153=DIRECTION('center_axis',(-4.55252096098234E-18,-1.0661476605262E-17,
1.));
#4154=DIRECTION('ref_axis',(-1.,0.,-4.55252096098233E-18));
#4155=DIRECTION('',(-4.55252096098234E-18,-1.0661476605262E-17,1.));
#4156=DIRECTION('center_axis',(4.55252096098234E-18,1.0661476605262E-17,
-1.));
#4157=DIRECTION('ref_axis',(-1.,0.,-4.55252096098233E-18));
#4158=DIRECTION('center_axis',(-4.55252096098234E-18,-1.0661476605262E-17,
1.));
#4159=DIRECTION('ref_axis',(-1.,0.,-4.55252096098234E-18));
#4160=DIRECTION('center_axis',(-4.55252096098234E-18,-1.0661476605262E-17,
1.));
#4161=DIRECTION('ref_axis',(-1.,0.,-4.55252096098233E-18));
#4162=DIRECTION('',(-4.55252096098234E-18,-1.0661476605262E-17,1.));
#4163=DIRECTION('center_axis',(4.55252096098234E-18,1.0661476605262E-17,
-1.));
#4164=DIRECTION('ref_axis',(-1.,0.,-4.55252096098233E-18));
#4165=DIRECTION('center_axis',(-4.55252096098234E-18,-1.0661476605262E-17,
1.));
#4166=DIRECTION('ref_axis',(-1.,0.,-4.55252096098234E-18));
#4167=DIRECTION('center_axis',(-4.55252096098234E-18,-1.0661476605262E-17,
1.));
#4168=DIRECTION('ref_axis',(-1.,0.,-4.55252096098233E-18));
#4169=DIRECTION('',(-4.55252096098234E-18,-1.0661476605262E-17,1.));
#4170=DIRECTION('center_axis',(4.55252096098234E-18,1.0661476605262E-17,
-1.));
#4171=DIRECTION('ref_axis',(-1.,0.,-4.55252096098233E-18));
#4172=DIRECTION('center_axis',(-4.55252096098234E-18,-1.0661476605262E-17,
1.));
#4173=DIRECTION('ref_axis',(-1.,0.,-4.55252096098234E-18));
#4174=DIRECTION('center_axis',(-4.55252096098234E-18,-1.0661476605262E-17,
1.));
#4175=DIRECTION('ref_axis',(-1.,0.,-4.55252096098233E-18));
#4176=DIRECTION('',(-4.55252096098234E-18,-1.0661476605262E-17,1.));
#4177=DIRECTION('center_axis',(4.55252096098234E-18,1.0661476605262E-17,
-1.));
#4178=DIRECTION('ref_axis',(-1.,0.,-4.55252096098233E-18));
#4179=DIRECTION('center_axis',(-4.55252096098234E-18,-1.0661476605262E-17,
1.));
#4180=DIRECTION('ref_axis',(-1.,0.,-4.55252096098234E-18));
#4181=DIRECTION('center_axis',(0.,0.,1.));
#4182=DIRECTION('ref_axis',(-0.788010748997712,0.615661481224922,0.));
#4183=DIRECTION('',(0.,0.,-1.));
#4184=DIRECTION('',(0.,0.,1.));
#4185=DIRECTION('center_axis',(-0.121869358001363,0.992546149849132,0.));
#4186=DIRECTION('ref_axis',(-0.992546149849132,-0.121869358001363,-5.81789446116032E-18));
#4187=DIRECTION('',(0.,0.,1.));
#4188=DIRECTION('center_axis',(0.,0.,1.));
#4189=DIRECTION('ref_axis',(0.615661481224893,0.788010748997735,0.));
#4190=DIRECTION('center_axis',(0.,0.,1.));
#4191=DIRECTION('ref_axis',(0.615661481224899,-0.78801074899773,0.));
#4192=DIRECTION('',(0.,0.,1.));
#4193=DIRECTION('center_axis',(0.9925461552582,-0.121869313948035,0.));
#4194=DIRECTION('ref_axis',(0.121869313948035,0.9925461552582,1.1136820220177E-17));
#4195=DIRECTION('center_axis',(0.,0.,1.));
#4196=DIRECTION('ref_axis',(0.615661481224906,-0.788010748997725,0.));
#4197=DIRECTION('',(0.,0.,1.));
#4198=DIRECTION('center_axis',(0.992546155258199,-0.121869313948042,0.));
#4199=DIRECTION('ref_axis',(0.121869313948042,0.992546155258199,1.11368202201771E-17));
#4200=DIRECTION('center_axis',(0.,0.,1.));
#4201=DIRECTION('ref_axis',(-0.788010748997732,-0.615661481224896,0.));
#4202=DIRECTION('',(0.,0.,1.));
#4203=DIRECTION('center_axis',(-0.00148433571421129,0.999998898373137,0.));
#4204=DIRECTION('ref_axis',(0.,0.,-1.));
#4205=DIRECTION('center_axis',(0.,0.,1.));
#4206=DIRECTION('ref_axis',(-1.,4.85365957204781E-35,0.));
#4207=DIRECTION('',(0.,0.,-1.));
#4208=DIRECTION('center_axis',(0.,0.,1.));
#4209=DIRECTION('ref_axis',(-1.,4.85365957204781E-35,0.));
#4210=DIRECTION('',(0.,0.,-1.));
#4211=DIRECTION('center_axis',(-0.9925461552582,-0.121869313948038,0.));
#4212=DIRECTION('ref_axis',(0.121869313948038,-0.9925461552582,-1.00271950076791E-17));
#4213=DIRECTION('center_axis',(-0.121869358001365,-0.992546149849132,0.));
#4214=DIRECTION('ref_axis',(0.992546149849132,-0.121869358001365,3.21927984270063E-18));
#4215=CARTESIAN_POINT('',(0.,0.,0.));
#4216=CARTESIAN_POINT('Origin',(125.231518097074,-113.897521344437,10.1591705135933));
#4217=CARTESIAN_POINT('',(124.712937039024,-101.379809489311,12.2));
#4218=CARTESIAN_POINT('',(124.744750864697,-122.81282516203,9.56835368270865));
#4219=CARTESIAN_POINT('',(124.731609095397,-113.95919811687,10.655443589414));
#4220=CARTESIAN_POINT('',(125.744568868052,-122.689471617166,8.57580753106733));
#4221=CARTESIAN_POINT('',(124.744750864697,-122.81282516203,9.56835368270865));
#4222=CARTESIAN_POINT('',(125.712845151536,-101.317162600828,11.2));
#4223=CARTESIAN_POINT('',(125.731427098751,-113.835844572005,9.66289743777269));
#4224=CARTESIAN_POINT('',(125.712845151536,-101.317162600828,11.2));
#4225=CARTESIAN_POINT('Origin',(125.170432484142,-72.7440645802695,11.7));
#4226=CARTESIAN_POINT('',(125.543010706985,13.1005232576056,11.2));
#4227=CARTESIAN_POINT('',(125.670431933329,-72.7433224124124,11.2));
#4228=CARTESIAN_POINT('',(124.54292102275,13.1602014746634,12.2));
#4229=CARTESIAN_POINT('',(125.543010706985,13.1005232576056,11.2));
#4230=CARTESIAN_POINT('',(124.670433034955,-72.7448067481266,12.2));
#4231=CARTESIAN_POINT('Origin',(125.126217737047,-42.9565320408997,18.5866122886513));
#4232=CARTESIAN_POINT('',(125.511286990469,34.4728322739428,8.57580753106733));
#4233=CARTESIAN_POINT('',(125.626307633743,-43.0167244776178,18.0903392128306));
#4234=CARTESIAN_POINT('',(124.511107197077,34.5932171473791,9.56835368270865));
#4235=CARTESIAN_POINT('',(125.511286990469,34.4728322739428,8.57580753106733));
#4236=CARTESIAN_POINT('',(124.626127840351,-42.8963396041815,19.082885364472));
#4237=CARTESIAN_POINT('Ctrl Pts',(122.506656393188,37.5902451710701,8.2));
#4238=CARTESIAN_POINT('Ctrl Pts',(123.189294196024,37.591258435857,8.2));
#4239=CARTESIAN_POINT('Ctrl Pts',(124.783309072174,37.0235869483273,8.26682088770631));
#4240=CARTESIAN_POINT('Ctrl Pts',(125.50980610068,35.4705192900049,8.45339854082889));
#4241=CARTESIAN_POINT('Ctrl Pts',(125.511106095523,34.5947014340695,8.56084694746422));
#4242=CARTESIAN_POINT('Ctrl Pts',(122.507147483755,37.2593968183282,8.57395644780171));
#4243=CARTESIAN_POINT('Ctrl Pts',(123.107424852453,37.2602878324465,8.57395644780171));
#4244=CARTESIAN_POINT('Ctrl Pts',(124.509794851554,36.7676853087727,8.63258205616184));
#4245=CARTESIAN_POINT('Ctrl Pts',(125.16807671931,35.400921791858,8.79768778780737));
#4246=CARTESIAN_POINT('Ctrl Pts',(125.177179181963,34.6214666016479,8.8933353228055));
#4247=CARTESIAN_POINT('Ctrl Pts',(122.507638574322,36.9285484655862,8.94791289560341));
#4248=CARTESIAN_POINT('Ctrl Pts',(123.025555508882,36.9293172290361,8.94791289560341));
#4249=CARTESIAN_POINT('Ctrl Pts',(124.236280630933,36.5117836692181,8.99834322461738));
#4250=CARTESIAN_POINT('Ctrl Pts',(124.82634733794,35.3313242937111,9.14197703478585));
#4251=CARTESIAN_POINT('Ctrl Pts',(124.843252268403,34.6482317692263,9.22582369814678));
#4252=CARTESIAN_POINT('Ctrl Pts',(122.508129664889,36.5977001128443,9.32186934340512));
#4253=CARTESIAN_POINT('Ctrl Pts',(122.943686165311,36.5983466256257,9.32186934340512));
#4254=CARTESIAN_POINT('Ctrl Pts',(123.962766410313,36.2558820296635,9.36410439307291));
#4255=CARTESIAN_POINT('Ctrl Pts',(124.48461795657,35.2617267955643,9.48626628176434));
#4256=CARTESIAN_POINT('Ctrl Pts',(124.509325354843,34.6749969368047,9.55831207348806));
#4257=CARTESIAN_POINT('',(124.509325354843,34.6749969368048,9.55831207348806));
#4258=CARTESIAN_POINT('',(125.511106095522,34.5947014347859,8.56084695330286));
#4259=CARTESIAN_POINT('',(124.509325354843,34.6749969368048,9.55831207348806));
#4260=CARTESIAN_POINT('',(122.506656393188,37.5902451710701,8.2));
#4261=CARTESIAN_POINT('Ctrl Pts',(125.511106095523,34.5947014340695,8.56084694746422));
#4262=CARTESIAN_POINT('Ctrl Pts',(125.50980610068,35.4705192900049,8.45339854082889));
#4263=CARTESIAN_POINT('Ctrl Pts',(124.783309072174,37.0235869483273,8.26682088770631));
#4264=CARTESIAN_POINT('Ctrl Pts',(123.189294196024,37.591258435857,8.2));
#4265=CARTESIAN_POINT('Ctrl Pts',(122.506656393188,37.5902451710701,8.2));
#4266=CARTESIAN_POINT('',(122.508129664889,36.5977001128443,9.32186934340512));
#4267=CARTESIAN_POINT('',(122.506656393188,37.5902451710701,8.2));
#4268=CARTESIAN_POINT('Ctrl Pts',(122.508129664889,36.5977001128443,9.32186934340512));
#4269=CARTESIAN_POINT('Ctrl Pts',(122.943686165311,36.5983466256257,9.32186934340512));
#4270=CARTESIAN_POINT('Ctrl Pts',(123.962766410313,36.2558820296635,9.36410439307291));
#4271=CARTESIAN_POINT('Ctrl Pts',(124.48461795657,35.2617267955643,9.48626628176434));
#4272=CARTESIAN_POINT('Ctrl Pts',(124.509325354843,34.6749969368047,9.55831207348806));
#4273=CARTESIAN_POINT('Origin',(125.507389724158,37.0984256490998,8.76093467170256));
#4274=CARTESIAN_POINT('',(-122.748050969474,37.2262044488162,8.2));
#4275=CARTESIAN_POINT('',(-122.746577697773,36.2336593905904,9.32186934340513));
#4276=CARTESIAN_POINT('',(-122.748050969474,37.2262044488162,8.2));
#4277=CARTESIAN_POINT('',(125.508126360008,36.6021531199869,9.32186934340513));
#4278=CARTESIAN_POINT('',(125.506653088307,37.5946981782127,8.2));
#4279=CARTESIAN_POINT('Ctrl Pts',(-125.743594657378,34.2217546975304,8.56084694746422));
#4280=CARTESIAN_POINT('Ctrl Pts',(-125.744569674978,34.8786180894501,8.48026064248772));
#4281=CARTESIAN_POINT('Ctrl Pts',(-125.22437081228,36.4416236292013,8.29162321101989));
#4282=CARTESIAN_POINT('Ctrl Pts',(-123.658234706588,37.2248534291004,8.2));
#4283=CARTESIAN_POINT('Ctrl Pts',(-122.748050969474,37.2262044488162,8.2));
#4284=CARTESIAN_POINT('Ctrl Pts',(-125.409748672169,34.2495110653633,8.8933353228055));
#4285=CARTESIAN_POINT('Ctrl Pts',(-125.404657313115,34.8341201486593,8.82159967155691));
#4286=CARTESIAN_POINT('Ctrl Pts',(-124.927869452978,36.2139394024517,8.65438658520987));
#4287=CARTESIAN_POINT('Ctrl Pts',(-123.547929703837,36.8941680772498,8.57395644780171));
#4288=CARTESIAN_POINT('Ctrl Pts',(-122.747559878907,36.8953560960743,8.57395644780171));
#4289=CARTESIAN_POINT('Ctrl Pts',(-125.075902686961,34.2772674331963,9.22582369814678));
#4290=CARTESIAN_POINT('Ctrl Pts',(-125.064744951252,34.7896222078685,9.16293870062609));
#4291=CARTESIAN_POINT('Ctrl Pts',(-124.631368093676,35.9862551757021,9.01714995939985));
#4292=CARTESIAN_POINT('Ctrl Pts',(-123.437624701087,36.5634827253992,8.94791289560342));
#4293=CARTESIAN_POINT('Ctrl Pts',(-122.74706878834,36.5645077433323,8.94791289560342));
#4294=CARTESIAN_POINT('Ctrl Pts',(-124.742056701752,34.3050238010292,9.55831207348807));
#4295=CARTESIAN_POINT('Ctrl Pts',(-124.724832589389,34.7451242670777,9.50427772969527));
#4296=CARTESIAN_POINT('Ctrl Pts',(-124.334866734373,35.7585709489526,9.37991333358982));
#4297=CARTESIAN_POINT('Ctrl Pts',(-123.327319698336,36.2327973735486,9.32186934340513));
#4298=CARTESIAN_POINT('Ctrl Pts',(-122.746577697773,36.2336593905904,9.32186934340513));
#4299=CARTESIAN_POINT('',(-125.743594657379,34.2217546982467,8.56084695330286));
#4300=CARTESIAN_POINT('',(-124.742056701752,34.3050238010293,9.55831207348806));
#4301=CARTESIAN_POINT('',(-125.743594657379,34.2217546982467,8.56084695330286));
#4302=CARTESIAN_POINT('Ctrl Pts',(-124.742056701752,34.3050238010292,9.55831207348807));
#4303=CARTESIAN_POINT('Ctrl Pts',(-124.724832589389,34.7451242670777,9.50427772969527));
#4304=CARTESIAN_POINT('Ctrl Pts',(-124.334866734373,35.7585709489526,9.37991333358982));
#4305=CARTESIAN_POINT('Ctrl Pts',(-123.327319698336,36.2327973735486,9.32186934340513));
#4306=CARTESIAN_POINT('Ctrl Pts',(-122.746577697773,36.2336593905904,9.32186934340513));
#4307=CARTESIAN_POINT('Ctrl Pts',(-122.748050969474,37.2262044488162,8.2));
#4308=CARTESIAN_POINT('Ctrl Pts',(-123.658234706588,37.2248534291004,8.2));
#4309=CARTESIAN_POINT('Ctrl Pts',(-125.22437081228,36.4416236292013,8.29162321101989));
#4310=CARTESIAN_POINT('Ctrl Pts',(-125.744569674978,34.8786180894501,8.48026064248772));
#4311=CARTESIAN_POINT('Ctrl Pts',(-125.743594657378,34.2217546975304,8.56084694746422));
#4312=CARTESIAN_POINT('Ctrl Pts',(124.511107197077,34.5932171473791,9.56835368270866));
#4313=CARTESIAN_POINT('Ctrl Pts',(124.511066721564,34.6204855529883,9.565005539811));
#4314=CARTESIAN_POINT('Ctrl Pts',(124.510472600793,34.6477531353034,9.56165739709726));
#4315=CARTESIAN_POINT('Ctrl Pts',(124.509325354843,34.6749969368044,9.55831207348811));
#4316=CARTESIAN_POINT('Ctrl Pts',(124.844500461541,34.5530888562337,9.23750496549488));
#4317=CARTESIAN_POINT('Ctrl Pts',(124.844453389288,34.5848014939241,9.23361113891144));
#4318=CARTESIAN_POINT('Ctrl Pts',(124.844037220273,34.6165135315044,9.2297169751272));
#4319=CARTESIAN_POINT('Ctrl Pts',(124.843252268403,34.6482317692259,9.22582369814683));
#4320=CARTESIAN_POINT('Ctrl Pts',(125.177893726005,34.5129605650882,8.90665624828111));
#4321=CARTESIAN_POINT('Ctrl Pts',(125.177840057013,34.54911743486,8.90221673801187));
#4322=CARTESIAN_POINT('Ctrl Pts',(125.177601839753,34.5852739277055,8.89777655315715));
#4323=CARTESIAN_POINT('Ctrl Pts',(125.177179181963,34.6214666016475,8.89333532280555));
#4324=CARTESIAN_POINT('Ctrl Pts',(125.511286990469,34.4728322739427,8.57580753106733));
#4325=CARTESIAN_POINT('Ctrl Pts',(125.511226724737,34.5134333757958,8.5708223371123));
#4326=CARTESIAN_POINT('Ctrl Pts',(125.511166459233,34.5540343239065,8.56583613118709));
#4327=CARTESIAN_POINT('Ctrl Pts',(125.511106095523,34.594701434069,8.56084694746428));
#4328=CARTESIAN_POINT('Ctrl Pts',(124.509325354843,34.6749969368044,9.55831207348811));
#4329=CARTESIAN_POINT('Ctrl Pts',(124.510472600793,34.6477531353034,9.56165739709726));
#4330=CARTESIAN_POINT('Ctrl Pts',(124.511066721564,34.6204855529883,9.565005539811));
#4331=CARTESIAN_POINT('Ctrl Pts',(124.511107197077,34.5932171473791,9.56835368270866));
#4332=CARTESIAN_POINT('Ctrl Pts',(125.511286990469,34.4728322739427,8.57580753106733));
#4333=CARTESIAN_POINT('Ctrl Pts',(125.511226724737,34.5134333757958,8.5708223371123));
#4334=CARTESIAN_POINT('Ctrl Pts',(125.511166459233,34.5540343239065,8.56583613118709));
#4335=CARTESIAN_POINT('Ctrl Pts',(125.511106095523,34.594701434069,8.56084694746428));
#4336=CARTESIAN_POINT('Origin',(-125.212229575046,13.0914290807582,11.6591705135934));
#4337=CARTESIAN_POINT('',(-124.711781933404,12.7902234095527,12.2));
#4338=CARTESIAN_POINT('',(-124.743595759077,34.2232390822684,9.56835368270866));
#4339=CARTESIAN_POINT('',(-124.712320573369,13.1531058531906,12.155443589414));
#4340=CARTESIAN_POINT('',(-125.743413762431,34.0998855374036,8.57580753106734));
#4341=CARTESIAN_POINT('',(-124.743595759077,34.2232390822684,9.56835368270866));
#4342=CARTESIAN_POINT('',(-125.711690045916,12.7275765210664,11.2));
#4343=CARTESIAN_POINT('',(-125.712138576723,13.0297523083258,11.1628974377727));
#4344=CARTESIAN_POINT('',(-125.711690045916,12.7275765210664,11.2));
#4345=CARTESIAN_POINT('Origin',(-125.169277378522,-15.8455214991058,11.7));
#4346=CARTESIAN_POINT('',(-124.541765917131,-101.749787553656,12.2));
#4347=CARTESIAN_POINT('',(-124.669277929336,-15.8447793312487,12.2));
#4348=CARTESIAN_POINT('',(-125.541855601364,-101.690109337367,11.2));
#4349=CARTESIAN_POINT('',(-125.669276827709,-15.8462636669629,11.2));
#4350=CARTESIAN_POINT('',(-125.541855601364,-101.690109337367,11.2));
#4351=CARTESIAN_POINT('Origin',(-125.106929215019,-57.8495602227795,17.0866122886511));
#4352=CARTESIAN_POINT('',(-125.510131884849,-123.062418353705,8.57580753106732));
#4353=CARTESIAN_POINT('',(-125.607019111715,-57.7893677860613,16.5903392128305));
#4354=CARTESIAN_POINT('',(-124.509952091457,-123.182803227141,9.56835368270865));
#4355=CARTESIAN_POINT('',(-125.510131884849,-123.062418353705,8.57580753106732));
#4356=CARTESIAN_POINT('',(-124.606839318323,-57.9097526594976,17.5828853644718));
#4357=CARTESIAN_POINT('Ctrl Pts',(-124.742056701752,34.3050238010289,9.55831207348811));
#4358=CARTESIAN_POINT('Ctrl Pts',(-124.743123064841,34.2777767137854,9.56165739709726));
#4359=CARTESIAN_POINT('Ctrl Pts',(-124.74363623459,34.2505074878776,9.56500553981101));
#4360=CARTESIAN_POINT('Ctrl Pts',(-124.743595759077,34.2232390822684,9.56835368270866));
#4361=CARTESIAN_POINT('Ctrl Pts',(-125.075902686961,34.2772674331959,9.22582369814683));
#4362=CARTESIAN_POINT('Ctrl Pts',(-125.07659347445,34.2455470049794,9.2297169751272));
#4363=CARTESIAN_POINT('Ctrl Pts',(-125.076915499115,34.2138338716706,9.23361113891144));
#4364=CARTESIAN_POINT('Ctrl Pts',(-125.076868426862,34.1821212339801,9.23750496549488));
#4365=CARTESIAN_POINT('Ctrl Pts',(-125.409748672169,34.2495110653629,8.89333532280556));
#4366=CARTESIAN_POINT('Ctrl Pts',(-125.410063884058,34.2133172961734,8.89777655315715));
#4367=CARTESIAN_POINT('Ctrl Pts',(-125.410194763639,34.1771602554636,8.90221673801187));
#4368=CARTESIAN_POINT('Ctrl Pts',(-125.410141094647,34.1410033856919,8.90665624828111));
#4369=CARTESIAN_POINT('Ctrl Pts',(-125.743594657378,34.2217546975299,8.56084694746428));
#4370=CARTESIAN_POINT('Ctrl Pts',(-125.743534293667,34.1810875873673,8.56583613118709));
#4371=CARTESIAN_POINT('Ctrl Pts',(-125.743474028163,34.1404866392567,8.57082233711231));
#4372=CARTESIAN_POINT('Ctrl Pts',(-125.743413762431,34.0998855374036,8.57580753106733));
#4373=CARTESIAN_POINT('Ctrl Pts',(-124.743595759077,34.2232390822684,9.56835368270866));
#4374=CARTESIAN_POINT('Ctrl Pts',(-124.74363623459,34.2505074878776,9.56500553981101));
#4375=CARTESIAN_POINT('Ctrl Pts',(-124.743123064841,34.2777767137854,9.56165739709726));
#4376=CARTESIAN_POINT('Ctrl Pts',(-124.742056701752,34.3050238010289,9.55831207348811));
#4377=CARTESIAN_POINT('Ctrl Pts',(-125.743594657378,34.2217546975299,8.56084694746428));
#4378=CARTESIAN_POINT('Ctrl Pts',(-125.743534293667,34.1810875873673,8.56583613118709));
#4379=CARTESIAN_POINT('Ctrl Pts',(-125.743474028163,34.1404866392567,8.57082233711231));
#4380=CARTESIAN_POINT('Ctrl Pts',(-125.743413762431,34.0998855374036,8.57580753106733));
#4381=CARTESIAN_POINT('Ctrl Pts',(-122.505501287568,-126.179831250832,8.2));
#4382=CARTESIAN_POINT('Ctrl Pts',(-123.415685024682,-126.181182270548,8.2));
#4383=CARTESIAN_POINT('Ctrl Pts',(-124.983975032563,-125.40250317233,8.29163625245886));
#4384=CARTESIAN_POINT('Ctrl Pts',(-125.50897599377,-123.841150905783,8.48026064248772));
#4385=CARTESIAN_POINT('Ctrl Pts',(-125.509950989902,-123.184287513831,8.56084694746421));
#4386=CARTESIAN_POINT('Ctrl Pts',(-122.505992378135,-125.84898289809,8.57395644780171));
#4387=CARTESIAN_POINT('Ctrl Pts',(-123.306362203065,-125.850170916915,8.57395644780171));
#4388=CARTESIAN_POINT('Ctrl Pts',(-124.688178200298,-125.173948313448,8.65439839943351));
#4389=CARTESIAN_POINT('Ctrl Pts',(-125.169197229353,-123.795644074067,8.8215996715569));
#4390=CARTESIAN_POINT('Ctrl Pts',(-125.176024076343,-123.21105268141,8.89333532280549));
#4391=CARTESIAN_POINT('Ctrl Pts',(-122.506483468702,-125.518134545348,8.94791289560342));
#4392=CARTESIAN_POINT('Ctrl Pts',(-123.197039381449,-125.519159563281,8.94791289560342));
#4393=CARTESIAN_POINT('Ctrl Pts',(-124.392381368033,-124.945393454567,9.01716054640816));
#4394=CARTESIAN_POINT('Ctrl Pts',(-124.829418464936,-123.750137242352,9.16293870062608));
#4395=CARTESIAN_POINT('Ctrl Pts',(-124.842097162783,-123.237817848988,9.22582369814677));
#4396=CARTESIAN_POINT('Ctrl Pts',(-122.506974559269,-125.187286192606,9.32186934340512));
#4397=CARTESIAN_POINT('Ctrl Pts',(-123.087716559832,-125.188148209648,9.32186934340513));
#4398=CARTESIAN_POINT('Ctrl Pts',(-124.096584535768,-124.716838595685,9.37992269338281));
#4399=CARTESIAN_POINT('Ctrl Pts',(-124.489639700518,-123.704630410636,9.50427772969526));
#4400=CARTESIAN_POINT('Ctrl Pts',(-124.508170249223,-123.264583016567,9.55831207348806));
#4401=CARTESIAN_POINT('',(-124.508170249223,-123.264583016567,9.55831207348805));
#4402=CARTESIAN_POINT('',(-125.509950989901,-123.184287514548,8.56084695330285));
#4403=CARTESIAN_POINT('',(-124.508170249223,-123.264583016567,9.55831207348805));
#4404=CARTESIAN_POINT('',(-122.505501287568,-126.179831250832,8.2));
#4405=CARTESIAN_POINT('Ctrl Pts',(-125.509950989902,-123.184287513831,8.56084694746421));
#4406=CARTESIAN_POINT('Ctrl Pts',(-125.50897599377,-123.841150905783,8.48026064248772));
#4407=CARTESIAN_POINT('Ctrl Pts',(-124.983975032563,-125.40250317233,8.29163625245886));
#4408=CARTESIAN_POINT('Ctrl Pts',(-123.415685024682,-126.181182270548,8.2));
#4409=CARTESIAN_POINT('Ctrl Pts',(-122.505501287568,-126.179831250832,8.2));
#4410=CARTESIAN_POINT('',(-122.506974559269,-125.187286192606,9.32186934340512));
#4411=CARTESIAN_POINT('',(-122.505501287568,-126.179831250832,8.2));
#4412=CARTESIAN_POINT('Ctrl Pts',(-122.506974559269,-125.187286192606,9.32186934340512));
#4413=CARTESIAN_POINT('Ctrl Pts',(-123.087716559832,-125.188148209648,9.32186934340513));
#4414=CARTESIAN_POINT('Ctrl Pts',(-124.096584535768,-124.716838595685,9.37992269338281));
#4415=CARTESIAN_POINT('Ctrl Pts',(-124.489639700518,-123.704630410636,9.50427772969526));
#4416=CARTESIAN_POINT('Ctrl Pts',(-124.508170249223,-123.264583016567,9.55831207348806));
#4417=CARTESIAN_POINT('Origin',(125.748466134363,-125.315064992323,8.76093467170256));
#4418=CARTESIAN_POINT('',(122.749206075094,-125.815790528578,8.2));
#4419=CARTESIAN_POINT('',(125.749202770213,-125.811337521436,8.2));
#4420=CARTESIAN_POINT('',(122.747732803393,-124.823245470352,9.32186934340513));
#4421=CARTESIAN_POINT('',(122.749206075094,-125.815790528578,8.2));
#4422=CARTESIAN_POINT('',(125.747729498512,-124.81879246321,9.32186934340513));
#4423=CARTESIAN_POINT('Ctrl Pts',(125.744749762998,-122.811340777292,8.56084694746421));
#4424=CARTESIAN_POINT('Ctrl Pts',(125.745724780598,-123.468204169212,8.48026064248772));
#4425=CARTESIAN_POINT('Ctrl Pts',(125.225361435282,-125.031108211546,8.29163623933295));
#4426=CARTESIAN_POINT('Ctrl Pts',(123.659389812208,-125.814439508862,8.2));
#4427=CARTESIAN_POINT('Ctrl Pts',(122.749206075094,-125.815790528578,8.2));
#4428=CARTESIAN_POINT('Ctrl Pts',(125.410903777789,-122.839097145125,8.89333532280549));
#4429=CARTESIAN_POINT('Ctrl Pts',(125.405812418735,-123.423706228421,8.8215996715569));
#4430=CARTESIAN_POINT('Ctrl Pts',(124.928887375411,-124.803432473878,8.65439838754277));
#4431=CARTESIAN_POINT('Ctrl Pts',(123.549084809458,-125.483754157012,8.57395644780171));
#4432=CARTESIAN_POINT('Ctrl Pts',(122.748714984527,-125.484942175836,8.57395644780171));
#4433=CARTESIAN_POINT('Ctrl Pts',(125.077057792581,-122.866853512958,9.22582369814677));
#4434=CARTESIAN_POINT('Ctrl Pts',(125.065900056872,-123.37920828763,9.16293870062608));
#4435=CARTESIAN_POINT('Ctrl Pts',(124.632413315541,-124.575756736209,9.01716053575258));
#4436=CARTESIAN_POINT('Ctrl Pts',(123.438779806707,-125.153068805161,8.94791289560342));
#4437=CARTESIAN_POINT('Ctrl Pts',(122.74822389396,-125.154093823094,8.94791289560342));
#4438=CARTESIAN_POINT('Ctrl Pts',(124.743211807373,-122.894609880791,9.55831207348805));
#4439=CARTESIAN_POINT('Ctrl Pts',(124.72598769501,-123.33471034684,9.50427772969526));
#4440=CARTESIAN_POINT('Ctrl Pts',(124.33593925567,-124.34808099854,9.3799226839624));
#4441=CARTESIAN_POINT('Ctrl Pts',(123.328474803956,-124.822383453311,9.32186934340512));
#4442=CARTESIAN_POINT('Ctrl Pts',(122.747732803393,-124.823245470352,9.32186934340512));
#4443=CARTESIAN_POINT('',(125.744749762999,-122.811340778009,8.56084695330285));
#4444=CARTESIAN_POINT('',(124.743211807373,-122.894609880791,9.55831207348805));
#4445=CARTESIAN_POINT('',(125.744749762999,-122.811340778009,8.56084695330285));
#4446=CARTESIAN_POINT('Ctrl Pts',(124.743211807373,-122.894609880791,9.55831207348805));
#4447=CARTESIAN_POINT('Ctrl Pts',(124.72598769501,-123.33471034684,9.50427772969526));
#4448=CARTESIAN_POINT('Ctrl Pts',(124.33593925567,-124.34808099854,9.3799226839624));
#4449=CARTESIAN_POINT('Ctrl Pts',(123.328474803956,-124.822383453311,9.32186934340512));
#4450=CARTESIAN_POINT('Ctrl Pts',(122.747732803393,-124.823245470352,9.32186934340512));
#4451=CARTESIAN_POINT('Ctrl Pts',(122.749206075094,-125.815790528578,8.2));
#4452=CARTESIAN_POINT('Ctrl Pts',(123.659389812208,-125.814439508862,8.2));
#4453=CARTESIAN_POINT('Ctrl Pts',(125.225361435282,-125.031108211546,8.29163623933295));
#4454=CARTESIAN_POINT('Ctrl Pts',(125.745724780598,-123.468204169212,8.48026064248772));
#4455=CARTESIAN_POINT('Ctrl Pts',(125.744749762998,-122.811340777292,8.56084694746421));
#4456=CARTESIAN_POINT('Ctrl Pts',(-124.509952091457,-123.182803227141,9.56835368270864));
#4457=CARTESIAN_POINT('Ctrl Pts',(-124.509911615944,-123.21007163275,9.56500553981099));
#4458=CARTESIAN_POINT('Ctrl Pts',(-124.509317495173,-123.237339215065,9.56165739709725));
#4459=CARTESIAN_POINT('Ctrl Pts',(-124.508170249223,-123.264583016566,9.5583120734881));
#4460=CARTESIAN_POINT('Ctrl Pts',(-124.843345355921,-123.142674935996,9.23750496549487));
#4461=CARTESIAN_POINT('Ctrl Pts',(-124.843298283668,-123.174387573686,9.23361113891143));
#4462=CARTESIAN_POINT('Ctrl Pts',(-124.842882114653,-123.206099611266,9.22971697512719));
#4463=CARTESIAN_POINT('Ctrl Pts',(-124.842097162783,-123.237817848988,9.22582369814682));
#4464=CARTESIAN_POINT('Ctrl Pts',(-125.176738620385,-123.10254664485,8.90665624828109));
#4465=CARTESIAN_POINT('Ctrl Pts',(-125.176684951392,-123.138703514622,8.90221673801186));
#4466=CARTESIAN_POINT('Ctrl Pts',(-125.176446734133,-123.174860007467,8.89777655315714));
#4467=CARTESIAN_POINT('Ctrl Pts',(-125.176024076343,-123.211052681409,8.89333532280555));
#4468=CARTESIAN_POINT('Ctrl Pts',(-125.510131884849,-123.062418353705,8.57580753106732));
#4469=CARTESIAN_POINT('Ctrl Pts',(-125.510071619117,-123.103019455558,8.57082233711229));
#4470=CARTESIAN_POINT('Ctrl Pts',(-125.510011353613,-123.143620403668,8.56583613118708));
#4471=CARTESIAN_POINT('Ctrl Pts',(-125.509950989902,-123.184287513831,8.56084694746427));
#4472=CARTESIAN_POINT('Ctrl Pts',(-124.508170249223,-123.264583016566,9.5583120734881));
#4473=CARTESIAN_POINT('Ctrl Pts',(-124.509317495173,-123.237339215065,9.56165739709725));
#4474=CARTESIAN_POINT('Ctrl Pts',(-124.509911615944,-123.21007163275,9.56500553981099));
#4475=CARTESIAN_POINT('Ctrl Pts',(-124.509952091457,-123.182803227141,9.56835368270864));
#4476=CARTESIAN_POINT('Ctrl Pts',(-125.510131884849,-123.062418353705,8.57580753106732));
#4477=CARTESIAN_POINT('Ctrl Pts',(-125.510071619117,-123.103019455558,8.57082233711229));
#4478=CARTESIAN_POINT('Ctrl Pts',(-125.510011353613,-123.143620403668,8.56583613118708));
#4479=CARTESIAN_POINT('Ctrl Pts',(-125.509950989902,-123.184287513831,8.56084694746427));
#4480=CARTESIAN_POINT('Ctrl Pts',(124.743211807373,-122.894609880791,9.5583120734881));
#4481=CARTESIAN_POINT('Ctrl Pts',(124.744278170461,-122.867362793547,9.56165739709725));
#4482=CARTESIAN_POINT('Ctrl Pts',(124.74479134021,-122.84009356764,9.565005539811));
#4483=CARTESIAN_POINT('Ctrl Pts',(124.744750864698,-122.81282516203,9.56835368270865));
#4484=CARTESIAN_POINT('Ctrl Pts',(125.077057792581,-122.866853512958,9.22582369814682));
#4485=CARTESIAN_POINT('Ctrl Pts',(125.07774858007,-122.835133084741,9.22971697512719));
#4486=CARTESIAN_POINT('Ctrl Pts',(125.078070604735,-122.803419951433,9.23361113891143));
#4487=CARTESIAN_POINT('Ctrl Pts',(125.078023532482,-122.771707313742,9.23750496549487));
#4488=CARTESIAN_POINT('Ctrl Pts',(125.410903777789,-122.839097145125,8.89333532280555));
#4489=CARTESIAN_POINT('Ctrl Pts',(125.411218989679,-122.802903375935,8.89777655315714));
#4490=CARTESIAN_POINT('Ctrl Pts',(125.411349869259,-122.766746335226,8.90221673801186));
#4491=CARTESIAN_POINT('Ctrl Pts',(125.411296200267,-122.730589465454,8.90665624828109));
#4492=CARTESIAN_POINT('Ctrl Pts',(125.744749762998,-122.811340777292,8.56084694746427));
#4493=CARTESIAN_POINT('Ctrl Pts',(125.744689399287,-122.770673667129,8.56583613118708));
#4494=CARTESIAN_POINT('Ctrl Pts',(125.744629133784,-122.730072719019,8.5708223371123));
#4495=CARTESIAN_POINT('Ctrl Pts',(125.744568868052,-122.689471617166,8.57580753106732));
#4496=CARTESIAN_POINT('Ctrl Pts',(124.744750864698,-122.81282516203,9.56835368270865));
#4497=CARTESIAN_POINT('Ctrl Pts',(124.74479134021,-122.84009356764,9.565005539811));
#4498=CARTESIAN_POINT('Ctrl Pts',(124.744278170461,-122.867362793547,9.56165739709725));
#4499=CARTESIAN_POINT('Ctrl Pts',(124.743211807373,-122.894609880791,9.5583120734881));
#4500=CARTESIAN_POINT('Ctrl Pts',(125.744749762998,-122.811340777292,8.56084694746427));
#4501=CARTESIAN_POINT('Ctrl Pts',(125.744689399287,-122.770673667129,8.56583613118708));
#4502=CARTESIAN_POINT('Ctrl Pts',(125.744629133784,-122.730072719019,8.5708223371123));
#4503=CARTESIAN_POINT('Ctrl Pts',(125.744568868052,-122.689471617166,8.57580753106732));
#4504=CARTESIAN_POINT('Origin',(125.712935937397,-101.3783251536,6.2));
#4505=CARTESIAN_POINT('',(125.744749763071,-122.811340826316,6.8));
#4506=CARTESIAN_POINT('',(125.744749763071,-122.811340826316,6.2));
#4507=CARTESIAN_POINT('',(125.51110609545,34.5947014830933,6.8));
#4508=CARTESIAN_POINT('',(125.670431933329,-72.7433224124124,6.8));
#4509=CARTESIAN_POINT('',(125.51110609545,34.5947014830933,7.7));
#4510=CARTESIAN_POINT('Origin',(122.744753067951,-122.815793833459,6.2));
#4511=CARTESIAN_POINT('',(122.749206075094,-125.815790528578,6.8));
#4512=CARTESIAN_POINT('',(122.749206075094,-125.815790528578,6.2));
#4513=CARTESIAN_POINT('Origin',(122.744753067951,-122.815793833459,6.8));
#4514=CARTESIAN_POINT('Origin',(125.749202770213,-125.811337521436,6.2));
#4515=CARTESIAN_POINT('',(-122.505501287568,-126.179831250832,6.8));
#4516=CARTESIAN_POINT('',(-122.505501287568,-126.179831250832,6.2));
#4517=CARTESIAN_POINT('',(62.9355275819885,-125.90457420557,6.8));
#4518=CARTESIAN_POINT('Origin',(-122.50995429471,-123.179834555713,6.2));
#4519=CARTESIAN_POINT('',(-125.50995098983,-123.184287562855,6.8));
#4520=CARTESIAN_POINT('',(-125.50995098983,-123.184287562855,6.2));
#4521=CARTESIAN_POINT('Origin',(-122.50995429471,-123.179834555713,6.8));
#4522=CARTESIAN_POINT('Origin',(125.542919921123,13.1616858103776,12.2));
#4523=CARTESIAN_POINT('',(125.542919921123,13.1616858103777,12.2));
#4524=CARTESIAN_POINT('Origin',(125.370432263817,-72.7437677131267,6.5));
#4525=CARTESIAN_POINT('',(125.144750424047,-122.812231427745,6.2));
#4526=CARTESIAN_POINT('',(125.744749763071,-122.811340826316,6.8));
#4527=CARTESIAN_POINT('',(124.911106756426,34.5938108816648,6.2));
#4528=CARTESIAN_POINT('',(125.070432594305,-72.7442130138409,6.2));
#4529=CARTESIAN_POINT('',(124.911106756426,34.5938108816648,6.2));
#4530=CARTESIAN_POINT('Origin',(122.744753067951,-122.815793833459,6.5));
#4531=CARTESIAN_POINT('',(122.748315473665,-125.215791189554,6.2));
#4532=CARTESIAN_POINT('',(122.749206075094,-125.815790528578,6.8));
#4533=CARTESIAN_POINT('Origin',(122.744753067951,-122.815793833459,6.2));
#4534=CARTESIAN_POINT('Origin',(62.9350822812742,-125.604574536058,6.5));
#4535=CARTESIAN_POINT('',(-122.506391888996,-125.579831911808,6.2));
#4536=CARTESIAN_POINT('',(-122.505501287568,-126.179831250832,6.8));
#4537=CARTESIAN_POINT('',(62.9346369805599,-125.304574866546,6.2));
#4538=CARTESIAN_POINT('Origin',(-122.50995429471,-123.179834555713,6.5));
#4539=CARTESIAN_POINT('',(-124.909951650806,-123.183396961427,6.2));
#4540=CARTESIAN_POINT('',(-125.50995098983,-123.184287562855,6.8));
#4541=CARTESIAN_POINT('Origin',(-122.50995429471,-123.179834555713,6.2));
#4542=CARTESIAN_POINT('Origin',(-125.369277158197,-15.8458183662486,6.5));
#4543=CARTESIAN_POINT('',(-125.74359465745,34.2217547465542,6.8));
#4544=CARTESIAN_POINT('',(-125.669276827709,-15.8462636669629,6.8));
#4545=CARTESIAN_POINT('',(-125.143595318426,34.2226453479827,6.2));
#4546=CARTESIAN_POINT('',(-125.74359465745,34.2217547465542,6.8));
#4547=CARTESIAN_POINT('',(-125.069277488685,-15.8453730655344,6.2));
#4548=CARTESIAN_POINT('Origin',(-122.743597962331,34.2262077536968,6.5));
#4549=CARTESIAN_POINT('',(-122.748050969474,37.2262044488162,6.8));
#4550=CARTESIAN_POINT('Origin',(-122.743597962331,34.2262077536968,6.8));
#4551=CARTESIAN_POINT('',(-122.747160368045,36.6262051097923,6.2));
#4552=CARTESIAN_POINT('',(-122.748050969474,37.2262044488162,6.8));
#4553=CARTESIAN_POINT('Origin',(-122.743597962331,34.2262077536968,6.2));
#4554=CARTESIAN_POINT('Origin',(62.6934232007968,37.201461824566,6.5));
#4555=CARTESIAN_POINT('',(122.506656393188,37.5902451710701,6.8));
#4556=CARTESIAN_POINT('',(62.6929779000825,37.501461494078,6.8));
#4557=CARTESIAN_POINT('',(122.507546994616,36.9902458320462,6.2));
#4558=CARTESIAN_POINT('',(122.506656393188,37.5902451710701,6.8));
#4559=CARTESIAN_POINT('',(62.6938685015111,36.9014621550541,6.2));
#4560=CARTESIAN_POINT('Origin',(122.511109400331,34.5902484759507,6.5));
#4561=CARTESIAN_POINT('Origin',(122.511109400331,34.5902484759507,6.8));
#4562=CARTESIAN_POINT('Origin',(122.511109400331,34.5902484759507,6.2));
#4563=CARTESIAN_POINT('Origin',(0.000577552810143711,-44.2947930394946,
6.2));
#4564=CARTESIAN_POINT('',(1.51500565228326,-41.8776433512279,6.2));
#4565=CARTESIAN_POINT('Origin',(0.015005652283257,-41.8776433512279,6.2));
#4566=CARTESIAN_POINT('',(1.51500565228326,-51.9076453512279,6.2));
#4567=CARTESIAN_POINT('Origin',(0.015005652283257,-51.9076453512279,6.2));
#4568=CARTESIAN_POINT('',(83.4995112866478,-59.4752400770463,6.2));
#4569=CARTESIAN_POINT('',(82.8465036887051,-60.3110516748942,6.2));
#4570=CARTESIAN_POINT('Origin',(83.5909133051488,-60.2196496894332,6.2));
#4571=CARTESIAN_POINT('',(95.1495203083931,-58.0447986608905,6.2));
#4572=CARTESIAN_POINT('',(82.7551017073009,-59.5666420914905,6.2));
#4573=CARTESIAN_POINT('',(95.9853319433378,-58.6978062878163,6.2));
#4574=CARTESIAN_POINT('Origin',(95.2409223268942,-58.7892082732773,6.2));
#4575=CARTESIAN_POINT('',(96.2915361908347,-61.1916403690223,6.2));
#4576=CARTESIAN_POINT('',(95.89392995382,-57.9533966383327,6.2));
#4577=CARTESIAN_POINT('',(97.9631594607241,-62.497655622874,6.2));
#4578=CARTESIAN_POINT('Origin',(97.780355423722,-61.0088363981003,6.2));
#4579=CARTESIAN_POINT('',(114.935699924595,-60.4136894412526,6.2));
#4580=CARTESIAN_POINT('',(96.4743401698704,-62.6804596679896,6.2));
#4581=CARTESIAN_POINT('',(116.241715110219,-58.7420661619888,6.2));
#4582=CARTESIAN_POINT('Origin',(114.752895887593,-58.9248702164789,6.2));
#4583=CARTESIAN_POINT('',(109.514518370424,-3.95345740526488,6.2));
#4584=CARTESIAN_POINT('',(109.331714318081,-2.46463820012644,6.2));
#4585=CARTESIAN_POINT('',(107.842895110795,-2.64744223498123,6.2));
#4586=CARTESIAN_POINT('Origin',(108.025699147797,-4.13626145975493,6.2));
#4587=CARTESIAN_POINT('',(91.1681204822991,-4.69484736480933,6.2));
#4588=CARTESIAN_POINT('',(109.331714318081,-2.46463820012644,6.2));
#4589=CARTESIAN_POINT('',(90.3323088473545,-4.0418397378835,6.2));
#4590=CARTESIAN_POINT('Origin',(91.0767184637981,-3.95043775242248,6.2));
#4591=CARTESIAN_POINT('',(90.0261121798416,-1.54806739070869,6.2));
#4592=CARTESIAN_POINT('',(90.4237108368723,-4.78624938736716,6.2));
#4593=CARTESIAN_POINT('',(88.3544889099522,-0.242052136857041,6.2));
#4594=CARTESIAN_POINT('Origin',(88.5372929469543,-1.73087136163074,6.2));
#4595=CARTESIAN_POINT('',(71.6797134822992,-2.28945736480932,6.2));
#4596=CARTESIAN_POINT('',(89.8433082008059,-0.0592480917413885,6.2));
#4597=CARTESIAN_POINT('',(70.8439018473545,-1.6364497378835,6.2));
#4598=CARTESIAN_POINT('Origin',(71.5883114637982,-1.54504775242247,6.2));
#4599=CARTESIAN_POINT('',(70.5377051798416,0.857322609291337,6.2));
#4600=CARTESIAN_POINT('',(70.9353038368724,-2.38085938736714,6.2));
#4601=CARTESIAN_POINT('',(68.8660819099523,2.16333786314297,6.2));
#4602=CARTESIAN_POINT('Origin',(69.0488859469543,0.674518638369273,6.2));
#4603=CARTESIAN_POINT('',(51.8935427475321,0.0793718413196268,6.2));
#4604=CARTESIAN_POINT('',(70.354901200806,2.34614190825862,6.2));
#4605=CARTESIAN_POINT('',(50.5875275516468,-1.59225135437613,6.2));
#4606=CARTESIAN_POINT('Origin',(52.0763467845342,-1.40944738345407,6.2));
#4607=CARTESIAN_POINT('',(50.8937241524386,-4.08602315815094,6.2));
#4608=CARTESIAN_POINT('',(50.4047235888384,-0.103432187568819,6.2));
#4609=CARTESIAN_POINT('',(50.240716554496,-4.92183475599882,6.2));
#4610=CARTESIAN_POINT('Origin',(50.149314535995,-4.17742514361197,6.2));
#4611=CARTESIAN_POINT('',(14.6579383395346,-9.29085108599159,6.2));
#4612=CARTESIAN_POINT('',(50.9851261338429,-4.8304327415546,6.2));
#4613=CARTESIAN_POINT('',(13.3519231436494,-10.9624742816874,6.2));
#4614=CARTESIAN_POINT('Origin',(14.8407423765367,-10.7796703107653,6.2));
#4615=CARTESIAN_POINT('',(22.4007198948117,-84.6590278612727,6.2));
#4616=CARTESIAN_POINT('',(13.1691191808409,-9.47365511488003,6.2));
#4617=CARTESIAN_POINT('',(24.072343098621,-85.965043123238,6.2));
#4618=CARTESIAN_POINT('Origin',(23.889539127699,-84.4762238903507,6.2));
#4619=CARTESIAN_POINT('',(83.5878933824623,-78.6574542076928,6.2));
#4620=CARTESIAN_POINT('',(22.5835238657337,-86.14784709416,6.2));
#4621=CARTESIAN_POINT('',(84.8939086444275,-76.9858310038834,6.2));
#4622=CARTESIAN_POINT('Origin',(83.4050894115402,-77.1686349748054,6.2));
#4623=CARTESIAN_POINT('',(85.0767126153496,-78.4746502367707,6.2));
#4624=CARTESIAN_POINT('',(8.52199399999999,-23.425957,6.2));
#4625=CARTESIAN_POINT('Origin',(0.0219939999999857,-23.425957,6.2));
#4626=CARTESIAN_POINT('',(-82.8025156887052,-60.3110516748942,6.2));
#4627=CARTESIAN_POINT('',(-83.4555232866478,-59.4752400770463,6.2));
#4628=CARTESIAN_POINT('Origin',(-83.5469253051488,-60.2196496894332,6.2));
#4629=CARTESIAN_POINT('',(-84.8499206444276,-76.9858310038834,6.2));
#4630=CARTESIAN_POINT('',(-85.0327246153496,-78.4746502367707,6.2));
#4631=CARTESIAN_POINT('',(-83.5439053824623,-78.6574542076927,6.2));
#4632=CARTESIAN_POINT('Origin',(-83.3611014115402,-77.1686349748054,6.2));
#4633=CARTESIAN_POINT('',(-24.028355098621,-85.965043123238,6.2));
#4634=CARTESIAN_POINT('',(-22.5395358657337,-86.14784709416,6.2));
#4635=CARTESIAN_POINT('',(-22.3567318948117,-84.6590278612727,6.2));
#4636=CARTESIAN_POINT('Origin',(-23.845551127699,-84.4762238903506,6.2));
#4637=CARTESIAN_POINT('',(-13.3079351436494,-10.9624742816873,6.2));
#4638=CARTESIAN_POINT('',(-13.1251311808409,-9.47365511488003,6.2));
#4639=CARTESIAN_POINT('',(-14.6139503395347,-9.29085108599158,6.2));
#4640=CARTESIAN_POINT('Origin',(-14.7967543765367,-10.7796703107653,6.2));
#4641=CARTESIAN_POINT('',(-50.196728554496,-4.92183475599881,6.2));
#4642=CARTESIAN_POINT('',(-50.9411381338429,-4.83043274155459,6.2));
#4643=CARTESIAN_POINT('',(-50.8497361524387,-4.08602315815093,6.2));
#4644=CARTESIAN_POINT('Origin',(-50.105326535995,-4.17742514361197,6.2));
#4645=CARTESIAN_POINT('',(-50.5435395516469,-1.59225135437613,6.2));
#4646=CARTESIAN_POINT('',(-50.3607355888384,-0.103432187568812,6.2));
#4647=CARTESIAN_POINT('',(-51.8495547475321,0.079371841319634,6.2));
#4648=CARTESIAN_POINT('Origin',(-52.0323587845342,-1.40944738345407,6.2));
#4649=CARTESIAN_POINT('',(-68.8220939099523,2.16333786314298,6.2));
#4650=CARTESIAN_POINT('',(-70.310913200806,2.34614190825863,6.2));
#4651=CARTESIAN_POINT('',(-70.4937171798417,0.857322609291348,6.2));
#4652=CARTESIAN_POINT('Origin',(-69.0048979469544,0.674518638369285,6.2));
#4653=CARTESIAN_POINT('',(-70.7999138473545,-1.63644973788349,6.2));
#4654=CARTESIAN_POINT('',(-70.8913158368724,-2.38085938736713,6.2));
#4655=CARTESIAN_POINT('',(-71.6357254822992,-2.28945736480931,6.2));
#4656=CARTESIAN_POINT('Origin',(-71.5443234637982,-1.54504775242246,6.2));
#4657=CARTESIAN_POINT('',(-88.3105009099523,-0.242052136857029,6.2));
#4658=CARTESIAN_POINT('',(-89.799320200806,-0.0592480917413762,6.2));
#4659=CARTESIAN_POINT('',(-89.9821241798416,-1.54806739070867,6.2));
#4660=CARTESIAN_POINT('Origin',(-88.4933049469543,-1.73087136163073,6.2));
#4661=CARTESIAN_POINT('',(-90.2883208473545,-4.04183973788349,6.2));
#4662=CARTESIAN_POINT('',(-90.3797228368723,-4.78624938736714,6.2));
#4663=CARTESIAN_POINT('',(-91.1241324822992,-4.69484736480932,6.2));
#4664=CARTESIAN_POINT('Origin',(-91.0327304637981,-3.95043775242247,6.2));
#4665=CARTESIAN_POINT('',(-107.798907110795,-2.64744223498121,6.2));
#4666=CARTESIAN_POINT('',(-109.287726318081,-2.46463820012642,6.2));
#4667=CARTESIAN_POINT('',(-109.470530370424,-3.95345740526487,6.2));
#4668=CARTESIAN_POINT('Origin',(-107.981711147797,-4.13626145975491,6.2));
#4669=CARTESIAN_POINT('',(-116.197727110219,-58.7420661619888,6.2));
#4670=CARTESIAN_POINT('',(-109.287726318081,-2.46463820012642,6.2));
#4671=CARTESIAN_POINT('',(-114.891711924595,-60.4136894412525,6.2));
#4672=CARTESIAN_POINT('Origin',(-114.708907887593,-58.9248702164788,6.2));
#4673=CARTESIAN_POINT('',(-97.9191714607241,-62.4976556228739,6.2));
#4674=CARTESIAN_POINT('',(-96.4303521698704,-62.6804596679896,6.2));
#4675=CARTESIAN_POINT('',(-96.2475481908348,-61.1916403690223,6.2));
#4676=CARTESIAN_POINT('Origin',(-97.736367423722,-61.0088363981003,6.2));
#4677=CARTESIAN_POINT('',(-95.9413439433378,-58.6978062878163,6.2));
#4678=CARTESIAN_POINT('',(-95.84994195382,-57.9533966383326,6.2));
#4679=CARTESIAN_POINT('',(-95.1055323083931,-58.0447986608905,6.2));
#4680=CARTESIAN_POINT('Origin',(-95.1969343268942,-58.7892082732773,6.2));
#4681=CARTESIAN_POINT('',(-82.7111137073009,-59.5666420914905,6.2));
#4682=CARTESIAN_POINT('',(-40.8914673443372,6.91342327383224,6.2));
#4683=CARTESIAN_POINT('Origin',(-41.7029673443372,6.91342327383224,6.2));
#4684=CARTESIAN_POINT('',(-110.739186262376,-95.730491189368,6.2));
#4685=CARTESIAN_POINT('Origin',(-111.550686262376,-95.730491189368,6.2));
#4686=CARTESIAN_POINT('',(42.5156224499564,-95.5030093528215,6.2));
#4687=CARTESIAN_POINT('Origin',(41.7041224499564,-95.5030093528215,6.2));
#4688=CARTESIAN_POINT('',(112.363341367996,7.14090511037869,6.2));
#4689=CARTESIAN_POINT('Origin',(111.551841367996,7.14090511037869,6.2));
#4690=CARTESIAN_POINT('',(-20.974838,-88.036722,6.2));
#4691=CARTESIAN_POINT('Origin',(-21.786338,-88.036722,6.2));
#4692=CARTESIAN_POINT('',(-93.379927,-2.41366700000001,6.2));
#4693=CARTESIAN_POINT('Origin',(-94.191427,-2.41366700000001,6.2));
#4694=CARTESIAN_POINT('',(12.415528,-8.240198,6.2));
#4695=CARTESIAN_POINT('Origin',(11.604028,-8.240198,6.2));
#4696=CARTESIAN_POINT('',(95.056907,-2.40960799999998,6.2));
#4697=CARTESIAN_POINT('Origin',(94.245407,-2.40960799999998,6.2));
#4698=CARTESIAN_POINT('',(22.651818,-88.032663,6.2));
#4699=CARTESIAN_POINT('Origin',(21.840318,-88.032663,6.2));
#4700=CARTESIAN_POINT('',(88.7487,-62.217157,6.2));
#4701=CARTESIAN_POINT('Origin',(87.9372,-62.217157,6.2));
#4702=CARTESIAN_POINT('',(-10.738548,-8.244257,6.2));
#4703=CARTESIAN_POINT('Origin',(-11.550048,-8.244257,6.2));
#4704=CARTESIAN_POINT('',(-87.07172,-62.221216,6.2));
#4705=CARTESIAN_POINT('Origin',(-87.88322,-62.221216,6.2));
#4706=CARTESIAN_POINT('',(112.515545336076,-95.3991058528267,6.2));
#4707=CARTESIAN_POINT('Origin',(111.704045336076,-95.3991058528267,6.2));
#4708=CARTESIAN_POINT('',(42.3634184818761,7.03700161038392,6.2));
#4709=CARTESIAN_POINT('Origin',(41.5519184818761,7.03700161038392,6.2));
#4710=CARTESIAN_POINT('',(-40.7392633762569,-95.6265876893732,6.2));
#4711=CARTESIAN_POINT('Origin',(-41.5507633762569,-95.6265876893732,6.2));
#4712=CARTESIAN_POINT('',(-110.891390230457,6.80951977383746,6.2));
#4713=CARTESIAN_POINT('Origin',(-111.702890230457,6.80951977383746,6.2));
#4714=CARTESIAN_POINT('Origin',(0.0219939999999857,-23.425957,11.9));
#4715=CARTESIAN_POINT('',(9.12199399999999,-23.425957,12.2));
#4716=CARTESIAN_POINT('Origin',(0.0219939999999857,-23.425957,12.2));
#4717=CARTESIAN_POINT('',(8.52199399999999,-23.425957,11.6));
#4718=CARTESIAN_POINT('',(8.82199399999999,-23.425957,11.9));
#4719=CARTESIAN_POINT('Origin',(0.0219939999999857,-23.425957,11.6));
#4720=CARTESIAN_POINT('Origin',(0.000577552810143711,-44.2947930394946,
12.2));
#4721=CARTESIAN_POINT('',(-125.541764815504,-101.751271889367,12.2));
#4722=CARTESIAN_POINT('',(-21.7612042016568,-84.7321494496415,12.2));
#4723=CARTESIAN_POINT('',(-12.7124074504945,-11.0355958700562,12.2));
#4724=CARTESIAN_POINT('',(-14.538129545592,-25.9049127419931,12.2));
#4725=CARTESIAN_POINT('',(-24.1014766869899,-86.5605708163929,12.2));
#4726=CARTESIAN_POINT('Origin',(-23.845551127699,-84.4762238903506,12.2));
#4727=CARTESIAN_POINT('',(-83.6170269708311,-79.2529819008476,12.2));
#4728=CARTESIAN_POINT('',(-14.0412770293711,-87.795807710878,12.2));
#4729=CARTESIAN_POINT('',(-85.4454483375824,-76.9127094155145,12.2));
#4730=CARTESIAN_POINT('Origin',(-83.3611014115402,-77.1686349748054,12.2));
#4731=CARTESIAN_POINT('',(-83.3980433818601,-60.2379300865254,12.2));
#4732=CARTESIAN_POINT('',(-82.9295760239641,-56.4225686975062,12.2));
#4733=CARTESIAN_POINT('',(-83.5286449014486,-60.0707677669558,12.2));
#4734=CARTESIAN_POINT('Origin',(-83.5469253051488,-60.2196496894332,12.2));
#4735=CARTESIAN_POINT('',(-95.178653923194,-58.6403263508,12.2));
#4736=CARTESIAN_POINT('',(-42.9662612954675,-65.0512028326879,12.2));
#4737=CARTESIAN_POINT('',(-95.3458162501829,-58.7709278761851,12.2));
#4738=CARTESIAN_POINT('Origin',(-95.1969343268942,-58.7892082732773,12.2));
#4739=CARTESIAN_POINT('',(-95.6520204976798,-61.2647619573911,12.2));
#4740=CARTESIAN_POINT('',(-93.7165434659502,-45.5015626400238,12.2));
#4741=CARTESIAN_POINT('',(-97.9922930755249,-63.0931833127834,12.2));
#4742=CARTESIAN_POINT('Origin',(-97.736367423722,-61.0088363981003,12.2));
#4743=CARTESIAN_POINT('',(-114.964833539396,-61.009217131162,12.2));
#4744=CARTESIAN_POINT('',(-50.1160857396808,-68.9716431228854,12.2));
#4745=CARTESIAN_POINT('',(-116.79325479927,-58.6689445401928,12.2));
#4746=CARTESIAN_POINT('Origin',(-114.708907887593,-58.9248702164788,12.2));
#4747=CARTESIAN_POINT('',(-110.066058059474,-3.88033578346883,12.2));
#4748=CARTESIAN_POINT('',(-115.147981783385,-45.2692740605004,12.2));
#4749=CARTESIAN_POINT('',(-107.725785495994,-2.05191454507174,12.2));
#4750=CARTESIAN_POINT('Origin',(-107.981711147797,-4.13626145975491,12.2));
#4751=CARTESIAN_POINT('',(-91.0510108674983,-4.09931967489984,12.2));
#4752=CARTESIAN_POINT('',(-52.852127499064,-8.78955336648963,12.2));
#4753=CARTESIAN_POINT('',(-90.8838485405094,-3.96871814951467,12.2));
#4754=CARTESIAN_POINT('Origin',(-91.0327304637981,-3.95043775242247,12.2));
#4755=CARTESIAN_POINT('',(-90.5776518729965,-1.47494580233986,12.2));
#4756=CARTESIAN_POINT('',(-92.6935754332942,-18.7077645206696,12.2));
#4757=CARTESIAN_POINT('',(-88.2373792951515,0.353475553052449,12.2));
#4758=CARTESIAN_POINT('Origin',(-88.4933049469543,-1.73087136163073,12.2));
#4759=CARTESIAN_POINT('',(-71.5626038674984,-1.69392967489983,12.2));
#4760=CARTESIAN_POINT('',(-42.8177230174914,-5.22335767736458,12.2));
#4761=CARTESIAN_POINT('',(-71.3954415405095,-1.56332814951466,12.2));
#4762=CARTESIAN_POINT('Origin',(-71.5443234637982,-1.54504775242246,12.2));
#4763=CARTESIAN_POINT('',(-71.0892448729966,0.930444197660174,12.2));
#4764=CARTESIAN_POINT('',(-73.4953696998062,-18.6658747488742,12.2));
#4765=CARTESIAN_POINT('',(-68.7489722951515,2.75886555305246,12.2));
#4766=CARTESIAN_POINT('Origin',(-69.0048979469544,0.674518638369285,12.2));
#4767=CARTESIAN_POINT('',(-51.7764331327313,0.674899531229113,12.2));
#4768=CARTESIAN_POINT('',(-32.7833180945562,-1.65716204243203,12.2));
#4769=CARTESIAN_POINT('',(-49.948011858492,-1.66537294274495,12.2));
#4770=CARTESIAN_POINT('Origin',(-52.0323587845342,-1.40944738345407,12.2));
#4771=CARTESIAN_POINT('',(-50.2542084592837,-4.15914474651976,12.2));
#4772=CARTESIAN_POINT('',(-52.0639353291344,-18.8981909308905,12.2));
#4773=CARTESIAN_POINT('',(-50.1236069396952,-4.32630706608933,12.2));
#4774=CARTESIAN_POINT('Origin',(-50.105326535995,-4.17742514361197,12.2));
#4775=CARTESIAN_POINT('',(-14.5408287247338,-8.69532339608211,12.2));
#4776=CARTESIAN_POINT('',(-23.3886319384789,-7.60894963145119,12.2));
#4777=CARTESIAN_POINT('Origin',(-14.7967543765367,-10.7796703107653,12.2));
#4778=CARTESIAN_POINT('',(1.51500565228325,-41.8776433512279,12.2));
#4779=CARTESIAN_POINT('Origin',(0.015005652283257,-41.8776433512279,12.2));
#4780=CARTESIAN_POINT('',(1.51500565228325,-51.9076453512279,12.2));
#4781=CARTESIAN_POINT('Origin',(0.015005652283257,-51.9076453512279,12.2));
#4782=CARTESIAN_POINT('',(50.1675949396952,-4.32630706608935,12.2));
#4783=CARTESIAN_POINT('',(14.5848167247338,-8.69532339608211,12.2));
#4784=CARTESIAN_POINT('',(4.50351809486898,-9.93315137217009,12.2));
#4785=CARTESIAN_POINT('',(50.2981964592837,-4.15914474651977,12.2));
#4786=CARTESIAN_POINT('Origin',(50.149314535995,-4.17742514361197,12.2));
#4787=CARTESIAN_POINT('',(49.9919998584919,-1.66537294274496,12.2));
#4788=CARTESIAN_POINT('',(52.3978065217856,-21.2591006547496,12.2));
#4789=CARTESIAN_POINT('',(51.8204211327313,0.674899531229108,12.2));
#4790=CARTESIAN_POINT('Origin',(52.0763467845342,-1.40944738345407,12.2));
#4791=CARTESIAN_POINT('',(68.7929602951514,2.75886555305245,12.2));
#4792=CARTESIAN_POINT('',(22.8311189214635,-2.88453964440193,12.2));
#4793=CARTESIAN_POINT('',(71.1332328729965,0.930444197660161,12.2));
#4794=CARTESIAN_POINT('Origin',(69.0488859469543,0.674518638369273,12.2));
#4795=CARTESIAN_POINT('',(71.4394295405094,-1.56332814951468,12.2));
#4796=CARTESIAN_POINT('',(73.2488383019219,-16.2997835479275,12.2));
#4797=CARTESIAN_POINT('',(71.6065918674984,-1.69392967489985,12.2));
#4798=CARTESIAN_POINT('Origin',(71.5883114637982,-1.54504775242247,12.2));
#4799=CARTESIAN_POINT('',(88.2813672951514,0.353475553052437,12.2));
#4800=CARTESIAN_POINT('',(33.3866104684157,-6.38675387923364,12.2));
#4801=CARTESIAN_POINT('',(90.6216398729965,-1.47494580233987,12.2));
#4802=CARTESIAN_POINT('Origin',(88.5372929469543,-1.73087136163074,12.2));
#4803=CARTESIAN_POINT('',(90.9278365405094,-3.96871814951469,12.2));
#4804=CARTESIAN_POINT('',(92.44704403541,-16.3416733197229,12.2));
#4805=CARTESIAN_POINT('',(91.0949988674983,-4.09931967489985,12.2));
#4806=CARTESIAN_POINT('Origin',(91.0767184637981,-3.95043775242248,12.2));
#4807=CARTESIAN_POINT('',(107.769773495994,-2.05191454507175,12.2));
#4808=CARTESIAN_POINT('',(43.4210153913508,-9.95294951416616,12.2));
#4809=CARTESIAN_POINT('',(110.110046059474,-3.88033578346886,12.2));
#4810=CARTESIAN_POINT('Origin',(108.025699147797,-4.13626145975493,12.2));
#4811=CARTESIAN_POINT('',(116.83724279927,-58.6689445401928,12.2));
#4812=CARTESIAN_POINT('',(111.645249278855,-16.3835599052117,12.2));
#4813=CARTESIAN_POINT('',(115.008821539396,-61.009217131162,12.2));
#4814=CARTESIAN_POINT('Origin',(114.752895887593,-58.9248702164789,12.2));
#4815=CARTESIAN_POINT('',(98.0362810755249,-63.0931833127834,12.2));
#4816=CARTESIAN_POINT('',(60.114064871065,-67.7494465439983,12.2));
#4817=CARTESIAN_POINT('',(95.6960084976798,-61.2647619573912,12.2));
#4818=CARTESIAN_POINT('Origin',(97.780355423722,-61.0088363981003,12.2));
#4819=CARTESIAN_POINT('',(95.3898042501829,-58.7709278761851,12.2));
#4820=CARTESIAN_POINT('',(94.0504184941244,-47.8625036017184,12.2));
#4821=CARTESIAN_POINT('',(95.222641923194,-58.6403263508,12.2));
#4822=CARTESIAN_POINT('Origin',(95.2409223268942,-58.7892082732773,12.2));
#4823=CARTESIAN_POINT('',(83.5726329014486,-60.0707677669558,12.2));
#4824=CARTESIAN_POINT('',(49.5585650516181,-64.2471706601651,12.2));
#4825=CARTESIAN_POINT('',(83.44203138186,-60.2379300865254,12.2));
#4826=CARTESIAN_POINT('Origin',(83.5909133051488,-60.2196496894332,12.2));
#4827=CARTESIAN_POINT('',(85.4894363375824,-76.9127094155146,12.2));
#4828=CARTESIAN_POINT('',(81.8124404900887,-46.9659740717322,12.2));
#4829=CARTESIAN_POINT('',(83.6610149708311,-79.2529819008477,12.2));
#4830=CARTESIAN_POINT('Origin',(83.4050894115402,-77.1686349748054,12.2));
#4831=CARTESIAN_POINT('',(24.1454646869898,-86.5605708163929,12.2));
#4832=CARTESIAN_POINT('',(45.3107610368401,-83.9617998353172,12.2));
#4833=CARTESIAN_POINT('',(21.8051922016567,-84.7321494496415,12.2));
#4834=CARTESIAN_POINT('Origin',(23.889539127699,-84.4762238903507,12.2));
#4835=CARTESIAN_POINT('',(12.7563954504945,-11.0355958700562,12.2));
#4836=CARTESIAN_POINT('',(19.2890018081874,-64.2394181784992,12.2));
#4837=CARTESIAN_POINT('Origin',(14.8407423765367,-10.7796703107653,12.2));
#4838=CARTESIAN_POINT('Origin',(0.0219939999999857,-23.425957,6.2));
#4839=CARTESIAN_POINT('',(8.52199399999999,-23.425957,6.2));
#4840=CARTESIAN_POINT('Origin',(-14.8358933921694,-25.8683519478087,11.9));
#4841=CARTESIAN_POINT('',(-22.3567318948117,-84.6590278612727,11.6));
#4842=CARTESIAN_POINT('',(-22.3567318948117,-84.6590278612727,11.6));
#4843=CARTESIAN_POINT('',(-13.3079351436494,-10.9624742816873,11.6));
#4844=CARTESIAN_POINT('',(-12.7124074504945,-11.0355958700562,12.2));
#4845=CARTESIAN_POINT('',(-15.1336572387469,-25.8317911536243,11.6));
#4846=CARTESIAN_POINT('Origin',(-23.845551127699,-84.4762238903506,11.9));
#4847=CARTESIAN_POINT('',(-24.028355098621,-85.965043123238,11.6));
#4848=CARTESIAN_POINT('Origin',(-23.845551127699,-84.4762238903506,11.6));
#4849=CARTESIAN_POINT('',(-24.028355098621,-85.965043123238,11.6));
#4850=CARTESIAN_POINT('Origin',(-14.0047162351867,-87.4980438643006,11.9));
#4851=CARTESIAN_POINT('',(-83.5439053824623,-78.6574542076927,11.6));
#4852=CARTESIAN_POINT('',(-83.5439053824623,-78.6574542076927,11.6));
#4853=CARTESIAN_POINT('',(-13.9681554410023,-87.2002800177231,11.6));
#4854=CARTESIAN_POINT('Origin',(-83.3611014115402,-77.1686349748054,11.9));
#4855=CARTESIAN_POINT('',(-84.8499206444276,-76.9858310038834,11.6));
#4856=CARTESIAN_POINT('Origin',(-83.3611014115402,-77.1686349748054,11.6));
#4857=CARTESIAN_POINT('',(-84.8499206444276,-76.9858310038834,11.6));
#4858=CARTESIAN_POINT('Origin',(-82.6318121773866,-56.4591294916906,11.9));
#4859=CARTESIAN_POINT('',(-82.8025156887052,-60.3110516748942,11.6));
#4860=CARTESIAN_POINT('',(-82.8025156887052,-60.3110516748942,11.6));
#4861=CARTESIAN_POINT('',(-82.3340483308092,-56.495690285875,11.6));
#4862=CARTESIAN_POINT('Origin',(-83.5469253051488,-60.2196496894332,11.9));
#4863=CARTESIAN_POINT('',(-83.4555232866478,-59.4752400770463,11.6));
#4864=CARTESIAN_POINT('Origin',(-83.5469253051488,-60.2196496894332,11.6));
#4865=CARTESIAN_POINT('',(-83.4555232866478,-59.4752400770463,11.6));
#4866=CARTESIAN_POINT('Origin',(-42.9297004880671,-64.7534389877331,11.9));
#4867=CARTESIAN_POINT('',(-95.1055323083931,-58.0447986608905,11.6));
#4868=CARTESIAN_POINT('',(-95.1055323083931,-58.0447986608905,11.6));
#4869=CARTESIAN_POINT('',(-42.8931396806667,-64.4556751427784,11.6));
#4870=CARTESIAN_POINT('Origin',(-95.1969343268942,-58.7892082732773,11.9));
#4871=CARTESIAN_POINT('',(-95.9413439433378,-58.6978062878163,11.6));
#4872=CARTESIAN_POINT('Origin',(-95.1969343268942,-58.7892082732773,11.6));
#4873=CARTESIAN_POINT('',(-95.9413439433378,-58.6978062878163,11.6));
#4874=CARTESIAN_POINT('Origin',(-94.0143073125277,-45.4650018458393,11.9));
#4875=CARTESIAN_POINT('',(-96.2475481908348,-61.1916403690223,11.6));
#4876=CARTESIAN_POINT('',(-96.2475481908348,-61.1916403690223,11.6));
#4877=CARTESIAN_POINT('',(-94.3120711591052,-45.4284410516549,11.6));
#4878=CARTESIAN_POINT('Origin',(-97.736367423722,-61.0088363981003,11.9));
#4879=CARTESIAN_POINT('',(-97.9191714607241,-62.4976556228739,11.6));
#4880=CARTESIAN_POINT('Origin',(-97.736367423722,-61.0088363981003,11.6));
#4881=CARTESIAN_POINT('',(-97.9191714607241,-62.4976556228739,11.6));
#4882=CARTESIAN_POINT('Origin',(-50.0795249322804,-68.6738792779306,11.9));
#4883=CARTESIAN_POINT('',(-114.891711924595,-60.4136894412525,11.6));
#4884=CARTESIAN_POINT('',(-114.891711924595,-60.4136894412525,11.6));
#4885=CARTESIAN_POINT('',(-50.04296412488,-68.3761154329759,11.6));
#4886=CARTESIAN_POINT('Origin',(-114.708907887593,-58.9248702164788,11.9));
#4887=CARTESIAN_POINT('',(-116.197727110219,-58.7420661619888,11.6));
#4888=CARTESIAN_POINT('Origin',(-114.708907887593,-58.9248702164788,11.6));
#4889=CARTESIAN_POINT('',(-116.197727110219,-58.7420661619888,11.6));
#4890=CARTESIAN_POINT('Origin',(-114.85021793886,-45.3058348713984,11.9));
#4891=CARTESIAN_POINT('',(-109.470530370424,-3.95345740526487,11.6));
#4892=CARTESIAN_POINT('',(-109.470530370424,-3.95345740526487,11.6));
#4893=CARTESIAN_POINT('',(-114.552454094334,-45.3423956822964,11.6));
#4894=CARTESIAN_POINT('Origin',(-107.981711147797,-4.13626145975491,11.9));
#4895=CARTESIAN_POINT('',(-107.798907110795,-2.64744223498121,11.6));
#4896=CARTESIAN_POINT('Origin',(-107.981711147797,-4.13626145975491,11.6));
#4897=CARTESIAN_POINT('',(-107.798907110795,-2.64744223498121,11.6));
#4898=CARTESIAN_POINT('Origin',(-52.8886883064644,-9.08731721144436,11.9));
#4899=CARTESIAN_POINT('',(-91.1241324822992,-4.69484736480932,11.6));
#4900=CARTESIAN_POINT('',(-91.1241324822992,-4.69484736480932,11.6));
#4901=CARTESIAN_POINT('',(-52.9252491138648,-9.38508105639911,11.6));
#4902=CARTESIAN_POINT('Origin',(-91.0327304637981,-3.95043775242247,11.9));
#4903=CARTESIAN_POINT('',(-90.2883208473545,-4.04183973788349,11.6));
#4904=CARTESIAN_POINT('Origin',(-91.0327304637981,-3.95043775242247,11.6));
#4905=CARTESIAN_POINT('',(-90.2883208473545,-4.04183973788349,11.6));
#4906=CARTESIAN_POINT('Origin',(-92.3958115867167,-18.744325314854,11.9));
#4907=CARTESIAN_POINT('',(-89.9821241798416,-1.54806739070867,11.6));
#4908=CARTESIAN_POINT('',(-89.9821241798416,-1.54806739070867,11.6));
#4909=CARTESIAN_POINT('',(-92.0980477401393,-18.7808861090384,11.6));
#4910=CARTESIAN_POINT('Origin',(-88.4933049469543,-1.73087136163073,11.9));
#4911=CARTESIAN_POINT('',(-88.3105009099523,-0.242052136857029,11.6));
#4912=CARTESIAN_POINT('Origin',(-88.4933049469543,-1.73087136163073,11.6));
#4913=CARTESIAN_POINT('',(-88.3105009099523,-0.242052136857029,11.6));
#4914=CARTESIAN_POINT('Origin',(-42.8542838248918,-5.52112152231931,11.9));
#4915=CARTESIAN_POINT('',(-71.6357254822992,-2.28945736480931,11.6));
#4916=CARTESIAN_POINT('',(-71.6357254822992,-2.28945736480931,11.6));
#4917=CARTESIAN_POINT('',(-42.8908446322922,-5.81888536727405,11.6));
#4918=CARTESIAN_POINT('Origin',(-71.5443234637982,-1.54504775242246,11.9));
#4919=CARTESIAN_POINT('',(-70.7999138473545,-1.63644973788349,11.6));
#4920=CARTESIAN_POINT('Origin',(-71.5443234637982,-1.54504775242246,11.6));
#4921=CARTESIAN_POINT('',(-70.7999138473545,-1.63644973788349,11.6));
#4922=CARTESIAN_POINT('Origin',(-73.1976058532287,-18.7024355430586,11.9));
#4923=CARTESIAN_POINT('',(-70.4937171798417,0.857322609291348,11.6));
#4924=CARTESIAN_POINT('',(-70.4937171798417,0.857322609291348,11.6));
#4925=CARTESIAN_POINT('',(-72.8998420066513,-18.738996337243,11.6));
#4926=CARTESIAN_POINT('Origin',(-69.0048979469544,0.674518638369285,11.9));
#4927=CARTESIAN_POINT('',(-68.8220939099523,2.16333786314298,11.6));
#4928=CARTESIAN_POINT('Origin',(-69.0048979469544,0.674518638369285,11.6));
#4929=CARTESIAN_POINT('',(-68.8220939099523,2.16333786314298,11.6));
#4930=CARTESIAN_POINT('Origin',(-32.8198789019566,-1.95492588738677,11.9));
#4931=CARTESIAN_POINT('',(-51.8495547475321,0.0793718413196337,11.6));
#4932=CARTESIAN_POINT('',(-51.8495547475321,0.0793718413196337,11.6));
#4933=CARTESIAN_POINT('',(-32.856439709357,-2.25268973234151,11.6));
#4934=CARTESIAN_POINT('Origin',(-52.0323587845342,-1.40944738345407,11.9));
#4935=CARTESIAN_POINT('',(-50.5435395516469,-1.59225135437613,11.6));
#4936=CARTESIAN_POINT('Origin',(-52.0323587845342,-1.40944738345407,11.6));
#4937=CARTESIAN_POINT('',(-50.5435395516469,-1.59225135437613,11.6));
#4938=CARTESIAN_POINT('Origin',(-52.3616991757119,-18.8616301367061,11.9));
#4939=CARTESIAN_POINT('',(-50.8497361524387,-4.08602315815093,11.6));
#4940=CARTESIAN_POINT('',(-50.8497361524387,-4.08602315815093,11.6));
#4941=CARTESIAN_POINT('',(-52.6594630222893,-18.8250693425217,11.6));
#4942=CARTESIAN_POINT('Origin',(-50.105326535995,-4.17742514361197,11.9));
#4943=CARTESIAN_POINT('',(-50.196728554496,-4.92183475599881,11.6));
#4944=CARTESIAN_POINT('Origin',(-50.105326535995,-4.17742514361197,11.6));
#4945=CARTESIAN_POINT('',(-50.196728554496,-4.92183475599881,11.6));
#4946=CARTESIAN_POINT('Origin',(-23.4251927458793,-7.90671347640593,11.9));
#4947=CARTESIAN_POINT('',(-14.6139503395347,-9.29085108599158,11.6));
#4948=CARTESIAN_POINT('',(-14.6139503395347,-9.29085108599158,11.6));
#4949=CARTESIAN_POINT('',(-23.4617535532797,-8.20447732136066,11.6));
#4950=CARTESIAN_POINT('Origin',(-14.7967543765367,-10.7796703107653,11.9));
#4951=CARTESIAN_POINT('Origin',(-14.7967543765367,-10.7796703107653,11.6));
#4952=CARTESIAN_POINT('Origin',(-107.981711147797,-4.13626145975491,6.2));
#4953=CARTESIAN_POINT('',(-109.470530370424,-3.95345740526487,6.2));
#4954=CARTESIAN_POINT('',(-107.798907110795,-2.64744223498121,6.2));
#4955=CARTESIAN_POINT('Origin',(-116.380531166857,-60.2308854021032,6.2));
#4956=CARTESIAN_POINT('',(-116.197727110219,-58.7420661619888,6.2));
#4957=CARTESIAN_POINT('Origin',(-114.708907887593,-58.9248702164788,6.2));
#4958=CARTESIAN_POINT('',(-114.891711924595,-60.4136894412525,6.2));
#4959=CARTESIAN_POINT('Origin',(-96.4303521698704,-62.6804596679896,6.2));
#4960=CARTESIAN_POINT('',(-97.9191714607241,-62.4976556228739,6.2));
#4961=CARTESIAN_POINT('Origin',(-97.736367423722,-61.0088363981003,6.2));
#4962=CARTESIAN_POINT('',(-96.2475481908348,-61.1916403690223,6.2));
#4963=CARTESIAN_POINT('Origin',(-95.84994195382,-57.9533966383326,6.2));
#4964=CARTESIAN_POINT('',(-95.9413439433378,-58.6978062878163,6.2));
#4965=CARTESIAN_POINT('Origin',(-95.1969343268942,-58.7892082732773,6.2));
#4966=CARTESIAN_POINT('',(-95.1055323083931,-58.0447986608905,6.2));
#4967=CARTESIAN_POINT('Origin',(-82.7111137073009,-59.5666420914905,6.2));
#4968=CARTESIAN_POINT('',(-83.4555232866478,-59.4752400770463,6.2));
#4969=CARTESIAN_POINT('Origin',(-83.5469253051488,-60.2196496894332,6.2));
#4970=CARTESIAN_POINT('',(-82.8025156887052,-60.3110516748942,6.2));
#4971=CARTESIAN_POINT('Origin',(-85.0327246153496,-78.4746502367707,6.2));
#4972=CARTESIAN_POINT('',(-84.8499206444276,-76.9858310038834,6.2));
#4973=CARTESIAN_POINT('Origin',(-83.3611014115402,-77.1686349748054,6.2));
#4974=CARTESIAN_POINT('',(-83.5439053824623,-78.6574542076927,6.2));
#4975=CARTESIAN_POINT('Origin',(-22.5395358657337,-86.14784709416,6.2));
#4976=CARTESIAN_POINT('',(-24.028355098621,-85.965043123238,6.2));
#4977=CARTESIAN_POINT('Origin',(-23.845551127699,-84.4762238903506,6.2));
#4978=CARTESIAN_POINT('',(-22.3567318948117,-84.6590278612727,6.2));
#4979=CARTESIAN_POINT('Origin',(-13.1251311808409,-9.47365511488003,6.2));
#4980=CARTESIAN_POINT('',(-13.3079351436494,-10.9624742816873,6.2));
#4981=CARTESIAN_POINT('Origin',(4.54007890226939,-10.2309152171248,11.9));
#4982=CARTESIAN_POINT('',(50.240716554496,-4.92183475599882,11.6));
#4983=CARTESIAN_POINT('',(50.240716554496,-4.92183475599882,11.6));
#4984=CARTESIAN_POINT('',(14.6579383395346,-9.29085108599159,11.6));
#4985=CARTESIAN_POINT('',(14.5848167247338,-8.69532339608211,12.2));
#4986=CARTESIAN_POINT('',(4.5766397096698,-10.5286790620796,11.6));
#4987=CARTESIAN_POINT('Origin',(50.149314535995,-4.17742514361197,11.9));
#4988=CARTESIAN_POINT('',(50.8937241524386,-4.08602315815094,11.6));
#4989=CARTESIAN_POINT('Origin',(50.149314535995,-4.17742514361197,11.6));
#4990=CARTESIAN_POINT('',(50.8937241524386,-4.08602315815094,11.6));
#4991=CARTESIAN_POINT('Origin',(52.6955703683631,-21.2225398605652,11.9));
#4992=CARTESIAN_POINT('',(50.5875275516468,-1.59225135437613,11.6));
#4993=CARTESIAN_POINT('',(50.5875275516468,-1.59225135437613,11.6));
#4994=CARTESIAN_POINT('',(52.9933342149405,-21.1859790663807,11.6));
#4995=CARTESIAN_POINT('Origin',(52.0763467845342,-1.40944738345407,11.9));
#4996=CARTESIAN_POINT('',(51.8935427475321,0.079371841319627,11.6));
#4997=CARTESIAN_POINT('Origin',(52.0763467845342,-1.40944738345407,11.6));
#4998=CARTESIAN_POINT('',(51.8935427475321,0.079371841319627,11.6));
#4999=CARTESIAN_POINT('Origin',(22.8676797288639,-3.18230348935667,11.9));
#5000=CARTESIAN_POINT('',(68.8660819099523,2.16333786314297,11.6));
#5001=CARTESIAN_POINT('',(68.8660819099523,2.16333786314297,11.6));
#5002=CARTESIAN_POINT('',(22.9042405362643,-3.48006733431141,11.6));
#5003=CARTESIAN_POINT('Origin',(69.0488859469543,0.674518638369273,11.9));
#5004=CARTESIAN_POINT('',(70.5377051798416,0.857322609291336,11.6));
#5005=CARTESIAN_POINT('Origin',(69.0488859469543,0.674518638369273,11.6));
#5006=CARTESIAN_POINT('',(70.5377051798416,0.857322609291336,11.6));
#5007=CARTESIAN_POINT('Origin',(72.9510744553445,-16.3363443421119,11.9));
#5008=CARTESIAN_POINT('',(70.8439018473545,-1.6364497378835,11.6));
#5009=CARTESIAN_POINT('',(70.8439018473545,-1.6364497378835,11.6));
#5010=CARTESIAN_POINT('',(72.653310608767,-16.3729051362963,11.6));
#5011=CARTESIAN_POINT('Origin',(71.5883114637982,-1.54504775242247,11.9));
#5012=CARTESIAN_POINT('',(71.6797134822992,-2.28945736480932,11.6));
#5013=CARTESIAN_POINT('Origin',(71.5883114637982,-1.54504775242247,11.6));
#5014=CARTESIAN_POINT('',(71.6797134822992,-2.28945736480932,11.6));
#5015=CARTESIAN_POINT('Origin',(33.4231712758161,-6.68451772418838,11.9));
#5016=CARTESIAN_POINT('',(88.3544889099522,-0.242052136857041,11.6));
#5017=CARTESIAN_POINT('',(88.3544889099522,-0.242052136857041,11.6));
#5018=CARTESIAN_POINT('',(33.4597320832165,-6.98228156914312,11.6));
#5019=CARTESIAN_POINT('Origin',(88.5372929469543,-1.73087136163074,11.9));
#5020=CARTESIAN_POINT('',(90.0261121798416,-1.54806739070869,11.6));
#5021=CARTESIAN_POINT('Origin',(88.5372929469543,-1.73087136163074,11.6));
#5022=CARTESIAN_POINT('',(90.0261121798416,-1.54806739070869,11.6));
#5023=CARTESIAN_POINT('Origin',(92.1492801888325,-16.3782341139073,11.9));
#5024=CARTESIAN_POINT('',(90.3323088473545,-4.0418397378835,11.6));
#5025=CARTESIAN_POINT('',(90.3323088473545,-4.0418397378835,11.6));
#5026=CARTESIAN_POINT('',(91.8515163422551,-16.4147949080917,11.6));
#5027=CARTESIAN_POINT('Origin',(91.0767184637981,-3.95043775242248,11.9));
#5028=CARTESIAN_POINT('',(91.1681204822991,-4.69484736480933,11.6));
#5029=CARTESIAN_POINT('Origin',(91.0767184637981,-3.95043775242248,11.6));
#5030=CARTESIAN_POINT('',(91.1681204822991,-4.69484736480933,11.6));
#5031=CARTESIAN_POINT('Origin',(43.4575761987512,-10.2507133591209,11.9));
#5032=CARTESIAN_POINT('',(107.842895110795,-2.64744223498123,11.6));
#5033=CARTESIAN_POINT('',(107.842895110795,-2.64744223498123,11.6));
#5034=CARTESIAN_POINT('',(43.4941370061516,-10.5484772040756,11.6));
#5035=CARTESIAN_POINT('Origin',(108.025699147797,-4.13626145975493,11.9));
#5036=CARTESIAN_POINT('',(109.514518370424,-3.95345740526488,11.6));
#5037=CARTESIAN_POINT('Origin',(108.025699147797,-4.13626145975493,11.6));
#5038=CARTESIAN_POINT('',(109.514518370424,-3.95345740526488,11.6));
#5039=CARTESIAN_POINT('Origin',(111.34748543433,-16.4201207161097,11.9));
#5040=CARTESIAN_POINT('',(116.241715110219,-58.7420661619888,11.6));
#5041=CARTESIAN_POINT('',(116.241715110219,-58.7420661619888,11.6));
#5042=CARTESIAN_POINT('',(111.049721589804,-16.4566815270077,11.6));
#5043=CARTESIAN_POINT('Origin',(114.752895887593,-58.9248702164789,11.9));
#5044=CARTESIAN_POINT('',(114.935699924595,-60.4136894412526,11.6));
#5045=CARTESIAN_POINT('Origin',(114.752895887593,-58.9248702164789,11.6));
#5046=CARTESIAN_POINT('',(114.935699924595,-60.4136894412526,11.6));
#5047=CARTESIAN_POINT('Origin',(60.0775040636646,-67.4516826990436,11.9));
#5048=CARTESIAN_POINT('',(97.9631594607241,-62.497655622874,11.6));
#5049=CARTESIAN_POINT('',(97.9631594607241,-62.497655622874,11.6));
#5050=CARTESIAN_POINT('',(60.0409432562642,-67.1539188540889,11.6));
#5051=CARTESIAN_POINT('Origin',(97.780355423722,-61.0088363981003,11.9));
#5052=CARTESIAN_POINT('',(96.2915361908347,-61.1916403690223,11.6));
#5053=CARTESIAN_POINT('Origin',(97.780355423722,-61.0088363981003,11.6));
#5054=CARTESIAN_POINT('',(96.2915361908347,-61.1916403690223,11.6));
#5055=CARTESIAN_POINT('Origin',(94.3481823407019,-47.8259428075339,11.9));
#5056=CARTESIAN_POINT('',(95.9853319433378,-58.6978062878163,11.6));
#5057=CARTESIAN_POINT('',(95.9853319433378,-58.6978062878163,11.6));
#5058=CARTESIAN_POINT('',(94.6459461872793,-47.7893820133495,11.6));
#5059=CARTESIAN_POINT('Origin',(95.2409223268942,-58.7892082732773,11.9));
#5060=CARTESIAN_POINT('',(95.1495203083931,-58.0447986608905,11.6));
#5061=CARTESIAN_POINT('Origin',(95.2409223268942,-58.7892082732773,11.6));
#5062=CARTESIAN_POINT('',(95.1495203083931,-58.0447986608905,11.6));
#5063=CARTESIAN_POINT('Origin',(49.5220042442177,-63.9494068152103,11.9));
#5064=CARTESIAN_POINT('',(83.4995112866478,-59.4752400770463,11.6));
#5065=CARTESIAN_POINT('',(83.4995112866478,-59.4752400770463,11.6));
#5066=CARTESIAN_POINT('',(49.4854434368173,-63.6516429702556,11.6));
#5067=CARTESIAN_POINT('Origin',(83.5909133051488,-60.2196496894332,11.9));
#5068=CARTESIAN_POINT('',(82.8465036887051,-60.3110516748942,11.6));
#5069=CARTESIAN_POINT('Origin',(83.5909133051488,-60.2196496894332,11.6));
#5070=CARTESIAN_POINT('',(82.8465036887051,-60.3110516748942,11.6));
#5071=CARTESIAN_POINT('Origin',(81.5146766435113,-47.0025348659166,11.9));
#5072=CARTESIAN_POINT('',(84.8939086444275,-76.9858310038834,11.6));
#5073=CARTESIAN_POINT('',(84.8939086444275,-76.9858310038834,11.6));
#5074=CARTESIAN_POINT('',(81.2169127969338,-47.0390956601011,11.6));
#5075=CARTESIAN_POINT('Origin',(83.4050894115402,-77.1686349748054,11.9));
#5076=CARTESIAN_POINT('',(83.5878933824623,-78.6574542076928,11.6));
#5077=CARTESIAN_POINT('Origin',(83.4050894115402,-77.1686349748054,11.6));
#5078=CARTESIAN_POINT('',(83.5878933824623,-78.6574542076928,11.6));
#5079=CARTESIAN_POINT('Origin',(45.2742002426557,-83.6640359887398,11.9));
#5080=CARTESIAN_POINT('',(24.072343098621,-85.965043123238,11.6));
#5081=CARTESIAN_POINT('',(24.072343098621,-85.965043123238,11.6));
#5082=CARTESIAN_POINT('',(45.2376394484713,-83.3662721421623,11.6));
#5083=CARTESIAN_POINT('Origin',(23.889539127699,-84.4762238903507,11.9));
#5084=CARTESIAN_POINT('',(22.4007198948117,-84.6590278612727,11.6));
#5085=CARTESIAN_POINT('Origin',(23.889539127699,-84.4762238903507,11.6));
#5086=CARTESIAN_POINT('',(22.4007198948117,-84.6590278612727,11.6));
#5087=CARTESIAN_POINT('Origin',(19.5867656547648,-64.2028573843148,11.9));
#5088=CARTESIAN_POINT('',(13.3519231436494,-10.9624742816874,11.6));
#5089=CARTESIAN_POINT('',(13.3519231436494,-10.9624742816874,11.6));
#5090=CARTESIAN_POINT('',(19.8845295013423,-64.1662965901304,11.6));
#5091=CARTESIAN_POINT('Origin',(14.8407423765367,-10.7796703107653,11.9));
#5092=CARTESIAN_POINT('Origin',(14.8407423765367,-10.7796703107653,11.6));
#5093=CARTESIAN_POINT('Origin',(108.025699147797,-4.13626145975493,6.2));
#5094=CARTESIAN_POINT('',(107.842895110795,-2.64744223498123,6.2));
#5095=CARTESIAN_POINT('',(109.514518370424,-3.95345740526488,6.2));
#5096=CARTESIAN_POINT('Origin',(90.4237108368723,-4.78624938736716,6.2));
#5097=CARTESIAN_POINT('',(91.1681204822991,-4.69484736480933,6.2));
#5098=CARTESIAN_POINT('Origin',(91.0767184637981,-3.95043775242248,6.2));
#5099=CARTESIAN_POINT('',(90.3323088473545,-4.0418397378835,6.2));
#5100=CARTESIAN_POINT('Origin',(89.8433082008059,-0.0592480917413885,6.2));
#5101=CARTESIAN_POINT('',(90.0261121798416,-1.54806739070869,6.2));
#5102=CARTESIAN_POINT('Origin',(88.5372929469543,-1.73087136163074,6.2));
#5103=CARTESIAN_POINT('',(88.3544889099522,-0.242052136857041,6.2));
#5104=CARTESIAN_POINT('Origin',(70.9353038368724,-2.38085938736714,6.2));
#5105=CARTESIAN_POINT('',(71.6797134822992,-2.28945736480932,6.2));
#5106=CARTESIAN_POINT('Origin',(71.5883114637982,-1.54504775242247,6.2));
#5107=CARTESIAN_POINT('',(70.8439018473545,-1.6364497378835,6.2));
#5108=CARTESIAN_POINT('Origin',(70.354901200806,2.34614190825862,6.2));
#5109=CARTESIAN_POINT('',(70.5377051798416,0.857322609291336,6.2));
#5110=CARTESIAN_POINT('Origin',(69.0488859469543,0.674518638369273,6.2));
#5111=CARTESIAN_POINT('',(68.8660819099523,2.16333786314297,6.2));
#5112=CARTESIAN_POINT('Origin',(50.4047235888384,-0.103432187568819,6.2));
#5113=CARTESIAN_POINT('',(51.8935427475321,0.079371841319627,6.2));
#5114=CARTESIAN_POINT('Origin',(52.0763467845342,-1.40944738345407,6.2));
#5115=CARTESIAN_POINT('',(50.5875275516468,-1.59225135437613,6.2));
#5116=CARTESIAN_POINT('Origin',(50.9851261338429,-4.8304327415546,6.2));
#5117=CARTESIAN_POINT('',(50.8937241524386,-4.08602315815094,6.2));
#5118=CARTESIAN_POINT('Origin',(50.149314535995,-4.17742514361197,6.2));
#5119=CARTESIAN_POINT('',(50.240716554496,-4.92183475599882,6.2));
#5120=CARTESIAN_POINT('Origin',(13.1691191808409,-9.47365511488003,6.2));
#5121=CARTESIAN_POINT('',(14.6579383395346,-9.29085108599159,6.2));
#5122=CARTESIAN_POINT('Origin',(-109.287726318081,-2.46463820012642,6.2));
#5123=CARTESIAN_POINT('',(-91.1241324822992,-4.69484736480932,6.2));
#5124=CARTESIAN_POINT('Origin',(-88.4933049469543,-1.73087136163073,6.2));
#5125=CARTESIAN_POINT('',(-89.9821241798416,-1.54806739070867,6.2));
#5126=CARTESIAN_POINT('',(-88.3105009099523,-0.242052136857029,6.2));
#5127=CARTESIAN_POINT('Origin',(-89.799320200806,-0.0592480917413762,6.2));
#5128=CARTESIAN_POINT('',(-71.6357254822992,-2.28945736480931,6.2));
#5129=CARTESIAN_POINT('Origin',(-69.0048979469544,0.674518638369285,6.2));
#5130=CARTESIAN_POINT('',(-70.4937171798417,0.857322609291348,6.2));
#5131=CARTESIAN_POINT('',(-68.8220939099523,2.16333786314298,6.2));
#5132=CARTESIAN_POINT('Origin',(-70.310913200806,2.34614190825863,6.2));
#5133=CARTESIAN_POINT('',(-51.8495547475321,0.0793718413196337,6.2));
#5134=CARTESIAN_POINT('Origin',(-52.0323587845342,-1.40944738345407,6.2));
#5135=CARTESIAN_POINT('',(-50.5435395516469,-1.59225135437613,6.2));
#5136=CARTESIAN_POINT('Origin',(-50.3607355888384,-0.103432187568812,6.2));
#5137=CARTESIAN_POINT('',(-50.8497361524387,-4.08602315815093,6.2));
#5138=CARTESIAN_POINT('Origin',(83.4050894115402,-77.1686349748054,6.2));
#5139=CARTESIAN_POINT('',(84.8939086444275,-76.9858310038834,6.2));
#5140=CARTESIAN_POINT('',(83.5878933824623,-78.6574542076928,6.2));
#5141=CARTESIAN_POINT('Origin',(85.0767126153496,-78.4746502367707,6.2));
#5142=CARTESIAN_POINT('',(24.072343098621,-85.965043123238,6.2));
#5143=CARTESIAN_POINT('Origin',(97.780355423722,-61.0088363981003,6.2));
#5144=CARTESIAN_POINT('',(97.9631594607241,-62.497655622874,6.2));
#5145=CARTESIAN_POINT('',(96.2915361908347,-61.1916403690223,6.2));
#5146=CARTESIAN_POINT('Origin',(96.4743401698704,-62.6804596679896,6.2));
#5147=CARTESIAN_POINT('',(95.9853319433378,-58.6978062878163,6.2));
#5148=CARTESIAN_POINT('Origin',(114.752895887593,-58.9248702164789,6.2));
#5149=CARTESIAN_POINT('',(116.241715110219,-58.7420661619888,6.2));
#5150=CARTESIAN_POINT('',(114.935699924595,-60.4136894412526,6.2));
#5151=CARTESIAN_POINT('Origin',(116.424519166857,-60.2308854021033,6.2));
#5152=CARTESIAN_POINT('Origin',(109.331714318081,-2.46463820012644,6.2));
#5153=CARTESIAN_POINT('Origin',(14.8407423765367,-10.7796703107653,6.2));
#5154=CARTESIAN_POINT('',(13.3519231436494,-10.9624742816874,6.2));
#5155=CARTESIAN_POINT('Origin',(23.889539127699,-84.4762238903507,6.2));
#5156=CARTESIAN_POINT('',(22.4007198948117,-84.6590278612727,6.2));
#5157=CARTESIAN_POINT('Origin',(22.5835238657337,-86.14784709416,6.2));
#5158=CARTESIAN_POINT('Origin',(-14.7967543765367,-10.7796703107653,6.2));
#5159=CARTESIAN_POINT('',(-14.6139503395347,-9.29085108599158,6.2));
#5160=CARTESIAN_POINT('Origin',(122.511109400331,34.5902484759507,7.7));
#5161=CARTESIAN_POINT('',(122.506656393188,37.5902451710701,7.7));
#5162=CARTESIAN_POINT('Origin',(-122.743597962331,34.2262077536968,7.7));
#5163=CARTESIAN_POINT('',(-122.748050969474,37.2262044488162,7.7));
#5164=CARTESIAN_POINT('',(-125.74359465745,34.2217547465542,7.7));
#5165=CARTESIAN_POINT('Origin',(-125.711780831777,12.7887390738385,6.2));
#5166=CARTESIAN_POINT('Origin',(125.749202770213,-125.811337521436,9.2));
#5167=CARTESIAN_POINT('Origin',(-111.702890230457,6.80951977383746,8.2));
#5168=CARTESIAN_POINT('',(-110.891390230457,6.80951977383746,10.2));
#5169=CARTESIAN_POINT('',(-110.891390230457,6.80951977383746,8.2));
#5170=CARTESIAN_POINT('Origin',(-111.702890230457,6.80951977383746,10.2));
#5171=CARTESIAN_POINT('Origin',(-111.702890230457,6.80951977383746,10.2));
#5172=CARTESIAN_POINT('Origin',(-41.5507633762569,-95.6265876893732,8.2));
#5173=CARTESIAN_POINT('',(-40.7392633762569,-95.6265876893732,10.2));
#5174=CARTESIAN_POINT('',(-40.7392633762569,-95.6265876893732,8.2));
#5175=CARTESIAN_POINT('Origin',(-41.5507633762569,-95.6265876893732,10.2));
#5176=CARTESIAN_POINT('Origin',(-41.5507633762569,-95.6265876893732,10.2));
#5177=CARTESIAN_POINT('Origin',(41.5519184818761,7.03700161038392,8.2));
#5178=CARTESIAN_POINT('',(42.3634184818761,7.03700161038392,10.2));
#5179=CARTESIAN_POINT('',(42.3634184818761,7.03700161038392,8.2));
#5180=CARTESIAN_POINT('Origin',(41.5519184818761,7.03700161038392,10.2));
#5181=CARTESIAN_POINT('Origin',(41.5519184818761,7.03700161038392,10.2));
#5182=CARTESIAN_POINT('Origin',(111.704045336076,-95.3991058528267,8.2));
#5183=CARTESIAN_POINT('',(112.515545336076,-95.3991058528267,10.2));
#5184=CARTESIAN_POINT('',(112.515545336076,-95.3991058528267,8.2));
#5185=CARTESIAN_POINT('Origin',(111.704045336076,-95.3991058528267,10.2));
#5186=CARTESIAN_POINT('Origin',(111.704045336076,-95.3991058528267,10.2));
#5187=CARTESIAN_POINT('Origin',(-87.88322,-62.221216,8.2));
#5188=CARTESIAN_POINT('',(-87.07172,-62.221216,10.2));
#5189=CARTESIAN_POINT('',(-87.07172,-62.221216,8.2));
#5190=CARTESIAN_POINT('Origin',(-87.88322,-62.221216,10.2));
#5191=CARTESIAN_POINT('Origin',(-87.88322,-62.221216,10.2));
#5192=CARTESIAN_POINT('Origin',(-11.550048,-8.244257,8.2));
#5193=CARTESIAN_POINT('',(-10.738548,-8.244257,10.2));
#5194=CARTESIAN_POINT('',(-10.738548,-8.244257,8.2));
#5195=CARTESIAN_POINT('Origin',(-11.550048,-8.244257,10.2));
#5196=CARTESIAN_POINT('Origin',(-11.550048,-8.244257,10.2));
#5197=CARTESIAN_POINT('Origin',(87.9372,-62.217157,8.2));
#5198=CARTESIAN_POINT('',(88.7487,-62.217157,10.2));
#5199=CARTESIAN_POINT('',(88.7487,-62.217157,8.2));
#5200=CARTESIAN_POINT('Origin',(87.9372,-62.217157,10.2));
#5201=CARTESIAN_POINT('Origin',(87.9372,-62.217157,10.2));
#5202=CARTESIAN_POINT('Origin',(21.840318,-88.032663,8.2));
#5203=CARTESIAN_POINT('',(22.651818,-88.032663,10.2));
#5204=CARTESIAN_POINT('',(22.651818,-88.032663,8.2));
#5205=CARTESIAN_POINT('Origin',(21.840318,-88.032663,10.2));
#5206=CARTESIAN_POINT('Origin',(21.840318,-88.032663,10.2));
#5207=CARTESIAN_POINT('Origin',(94.245407,-2.40960799999998,8.2));
#5208=CARTESIAN_POINT('',(95.056907,-2.40960799999998,10.2));
#5209=CARTESIAN_POINT('',(95.056907,-2.40960799999998,8.2));
#5210=CARTESIAN_POINT('Origin',(94.245407,-2.40960799999998,10.2));
#5211=CARTESIAN_POINT('Origin',(94.245407,-2.40960799999998,10.2));
#5212=CARTESIAN_POINT('Origin',(11.604028,-8.240198,8.2));
#5213=CARTESIAN_POINT('',(12.415528,-8.240198,10.2));
#5214=CARTESIAN_POINT('',(12.415528,-8.240198,8.2));
#5215=CARTESIAN_POINT('Origin',(11.604028,-8.240198,10.2));
#5216=CARTESIAN_POINT('Origin',(11.604028,-8.240198,10.2));
#5217=CARTESIAN_POINT('Origin',(-94.191427,-2.41366700000001,8.2));
#5218=CARTESIAN_POINT('',(-93.379927,-2.41366700000001,10.2));
#5219=CARTESIAN_POINT('',(-93.379927,-2.41366700000001,8.2));
#5220=CARTESIAN_POINT('Origin',(-94.191427,-2.41366700000001,10.2));
#5221=CARTESIAN_POINT('Origin',(-94.191427,-2.41366700000001,10.2));
#5222=CARTESIAN_POINT('Origin',(-21.786338,-88.036722,8.2));
#5223=CARTESIAN_POINT('',(-20.974838,-88.036722,10.2));
#5224=CARTESIAN_POINT('',(-20.974838,-88.036722,8.2));
#5225=CARTESIAN_POINT('Origin',(-21.786338,-88.036722,10.2));
#5226=CARTESIAN_POINT('Origin',(-21.786338,-88.036722,10.2));
#5227=CARTESIAN_POINT('Origin',(111.551841367996,7.14090511037869,8.2));
#5228=CARTESIAN_POINT('',(112.363341367996,7.14090511037869,10.2));
#5229=CARTESIAN_POINT('',(112.363341367996,7.14090511037869,8.2));
#5230=CARTESIAN_POINT('Origin',(111.551841367996,7.14090511037869,10.2));
#5231=CARTESIAN_POINT('Origin',(111.551841367996,7.14090511037869,10.2));
#5232=CARTESIAN_POINT('Origin',(41.7041224499564,-95.5030093528215,8.2));
#5233=CARTESIAN_POINT('',(42.5156224499564,-95.5030093528215,10.2));
#5234=CARTESIAN_POINT('',(42.5156224499564,-95.5030093528215,8.2));
#5235=CARTESIAN_POINT('Origin',(41.7041224499564,-95.5030093528215,10.2));
#5236=CARTESIAN_POINT('Origin',(41.7041224499564,-95.5030093528215,10.2));
#5237=CARTESIAN_POINT('Origin',(-111.550686262376,-95.730491189368,8.2));
#5238=CARTESIAN_POINT('',(-110.739186262376,-95.730491189368,10.2));
#5239=CARTESIAN_POINT('',(-110.739186262376,-95.730491189368,8.2));
#5240=CARTESIAN_POINT('Origin',(-111.550686262376,-95.730491189368,10.2));
#5241=CARTESIAN_POINT('Origin',(-111.550686262376,-95.730491189368,10.2));
#5242=CARTESIAN_POINT('Origin',(-41.7029673443372,6.91342327383224,8.2));
#5243=CARTESIAN_POINT('',(-40.8914673443372,6.91342327383224,10.2));
#5244=CARTESIAN_POINT('',(-40.8914673443372,6.91342327383224,8.2));
#5245=CARTESIAN_POINT('Origin',(-41.7029673443372,6.91342327383224,10.2));
#5246=CARTESIAN_POINT('Origin',(-41.7029673443372,6.91342327383224,10.2));
#5247=CARTESIAN_POINT('Origin',(83.5909133051488,-60.2196496894332,6.2));
#5248=CARTESIAN_POINT('',(83.4995112866478,-59.4752400770463,6.2));
#5249=CARTESIAN_POINT('',(82.8465036887051,-60.3110516748942,6.2));
#5250=CARTESIAN_POINT('Origin',(95.89392995382,-57.9533966383327,6.2));
#5251=CARTESIAN_POINT('',(95.1495203083931,-58.0447986608905,6.2));
#5252=CARTESIAN_POINT('Origin',(95.2409223268942,-58.7892082732773,6.2));
#5253=CARTESIAN_POINT('Origin',(-91.0327304637981,-3.95043775242247,6.2));
#5254=CARTESIAN_POINT('',(-90.2883208473545,-4.04183973788349,6.2));
#5255=CARTESIAN_POINT('Origin',(-90.3797228368723,-4.78624938736714,6.2));
#5256=CARTESIAN_POINT('Origin',(-71.5443234637982,-1.54504775242246,6.2));
#5257=CARTESIAN_POINT('',(-70.7999138473545,-1.63644973788349,6.2));
#5258=CARTESIAN_POINT('Origin',(-70.8913158368724,-2.38085938736713,6.2));
#5259=CARTESIAN_POINT('Origin',(-50.105326535995,-4.17742514361197,6.2));
#5260=CARTESIAN_POINT('',(-50.196728554496,-4.92183475599881,6.2));
#5261=CARTESIAN_POINT('Origin',(125.506653088307,37.5946981782127,9.2));
#5262=CARTESIAN_POINT('Origin',(0.015005652283257,-41.8776433512279,6.2));
#5263=CARTESIAN_POINT('',(1.51500565228326,-41.8776433512279,6.2));
#5264=CARTESIAN_POINT('Origin',(0.015005652283257,-51.9076453512279,6.2));
#5265=CARTESIAN_POINT('',(1.51500565228326,-51.9076453512279,6.2));
#5266=CARTESIAN_POINT('Origin',(82.7551017073009,-59.5666420914905,6.2));
#5267=CARTESIAN_POINT('Origin',(-50.9411381338429,-4.83043274155459,6.2));
#5268=UNCERTAINTY_MEASURE_WITH_UNIT(LENGTH_MEASURE(0.01),#5272,
'DISTANCE_ACCURACY_VALUE',
'Maximum model space distance between geometric entities at asserted c
onnectivities');
#5269=UNCERTAINTY_MEASURE_WITH_UNIT(LENGTH_MEASURE(0.01),#5272,
'DISTANCE_ACCURACY_VALUE',
'Maximum model space distance between geometric entities at asserted c
onnectivities');
#5270=(
GEOMETRIC_REPRESENTATION_CONTEXT(3)
GLOBAL_UNCERTAINTY_ASSIGNED_CONTEXT((#5268))
GLOBAL_UNIT_ASSIGNED_CONTEXT((#5272,#5273,#5274))
REPRESENTATION_CONTEXT('','3D')
);
#5271=(
GEOMETRIC_REPRESENTATION_CONTEXT(3)
GLOBAL_UNCERTAINTY_ASSIGNED_CONTEXT((#5269))
GLOBAL_UNIT_ASSIGNED_CONTEXT((#5272,#5273,#5274))
REPRESENTATION_CONTEXT('','3D')
);
#5272=(
LENGTH_UNIT()
NAMED_UNIT(*)
SI_UNIT(.MILLI.,.METRE.)
);
#5273=(
NAMED_UNIT(*)
PLANE_ANGLE_UNIT()
SI_UNIT($,.RADIAN.)
);
#5274=(
NAMED_UNIT(*)
SI_UNIT($,.STERADIAN.)
SOLID_ANGLE_UNIT()
);
#5275=SHAPE_DEFINITION_REPRESENTATION(#5276,#5277);
#5276=PRODUCT_DEFINITION_SHAPE('',$,#5279);
#5277=SHAPE_REPRESENTATION('',(#3017),#5270);
#5278=PRODUCT_DEFINITION_CONTEXT('part definition',#5283,'design');
#5279=PRODUCT_DEFINITION('draft1','draft1 v18',#5280,#5278);
#5280=PRODUCT_DEFINITION_FORMATION('',$,#5285);
#5281=PRODUCT_RELATED_PRODUCT_CATEGORY('draft1 v18','draft1 v18',(#5285));
#5282=APPLICATION_PROTOCOL_DEFINITION('international standard',
'ap242_managed_model_based_3d_engineering',2011,#5283);
#5283=APPLICATION_CONTEXT('Managed model based 3d engineering');
#5284=PRODUCT_CONTEXT('part definition',#5283,'mechanical');
#5285=PRODUCT('draft1','draft1 v18',$,(#5284));
#5286=PRESENTATION_STYLE_ASSIGNMENT((#5289));
#5287=PRESENTATION_STYLE_ASSIGNMENT((#5290));
#5288=PRESENTATION_STYLE_ASSIGNMENT((#5291));
#5289=SURFACE_STYLE_USAGE(.BOTH.,#5292);
#5290=SURFACE_STYLE_USAGE(.BOTH.,#5293);
#5291=SURFACE_STYLE_USAGE(.BOTH.,#5294);
#5292=SURFACE_SIDE_STYLE('',(#5295));
#5293=SURFACE_SIDE_STYLE('',(#5296));
#5294=SURFACE_SIDE_STYLE('',(#5297));
#5295=SURFACE_STYLE_FILL_AREA(#5298);
#5296=SURFACE_STYLE_FILL_AREA(#5299);
#5297=SURFACE_STYLE_FILL_AREA(#5300);
#5298=FILL_AREA_STYLE('Steel - Satin',(#5301));
#5299=FILL_AREA_STYLE('Aluminum - Anodized Glossy (Green)',(#5302));
#5300=FILL_AREA_STYLE('Brass - Polished',(#5303));
#5301=FILL_AREA_STYLE_COLOUR('Steel - Satin',#5304);
#5302=FILL_AREA_STYLE_COLOUR('Aluminum - Anodized Glossy (Green)',#5305);
#5303=FILL_AREA_STYLE_COLOUR('Brass - Polished',#5306);
#5304=COLOUR_RGB('Steel - Satin',0.627450980392157,0.627450980392157,0.627450980392157);
#5305=COLOUR_RGB('Aluminum - Anodized Glossy (Green)',0.,0.533333333333333,
0.309803921568627);
#5306=COLOUR_RGB('Brass - Polished',0.952941176470588,0.796078431372549,
0.486274509803922);
ENDSEC;
END-ISO-10303-21;
