ISO-10303-21;
HEADER;
/* Generated by software containing ST-Developer
 * from STEP Tools, Inc. (www.steptools.com) 
 */

FILE_DESCRIPTION(
/* description */ ('',
'CAx-IF Rec.Pracs.---Representation and Presentation of Product Manufa
cturing Information (PMI)---4.0---2014-10-13'),
/* implementation_level */ '2;1');

FILE_NAME(
/* name */ 'middle case.step',
/* time_stamp */ '2024-12-29T17:18:27-05:00',
/* author */ (''),
/* organization */ (''),
/* preprocessor_version */ 'ST-DEVELOPER v20',
/* originating_system */ 'Autodesk Translation Framework v13.20.0.188',

/* authorisation */ '');

FILE_SCHEMA (('AP242_MANAGED_MODEL_BASED_3D_ENGINEERING_MIM_LF { 1 0 10303 442 1 1 4 }'));
ENDSEC;

DATA;
#10=MECHANICAL_DESIGN_GEOMETRIC_PRESENTATION_REPRESENTATION('',(#13),#2462);
#11=SHAPE_REPRESENTATION_RELATIONSHIP('SRR','None',#2468,#12);
#12=ADVANCED_BREP_SHAPE_REPRESENTATION('',(#14),#2461);
#13=STYLED_ITEM('',(#2478),#14);
#14=MANIFOLD_SOLID_BREP('bottom case',#1370);
#15=CONICAL_SURFACE('',#1428,2.7,0.785398163397457);
#16=CONICAL_SURFACE('',#1431,2.7,0.785398163397447);
#17=CONICAL_SURFACE('',#1435,2.7,0.785398163397455);
#18=CONICAL_SURFACE('',#1439,2.7,0.785398163397455);
#19=B_SPLINE_SURFACE_WITH_KNOTS('',3,3,((#2035,#2036,#2037,#2038,#2039),
(#2040,#2041,#2042,#2043,#2044),(#2045,#2046,#2047,#2048,#2049),(#2050,
#2051,#2052,#2053,#2054)),.UNSPECIFIED.,.F.,.F.,.F.,(4,4),(4,1,4),(0.,1.),
(4.16333634234434E-15,0.655797934377589,1.53019518021437),.UNSPECIFIED.);
#20=B_SPLINE_SURFACE_WITH_KNOTS('',3,3,((#2077,#2078,#2079,#2080,#2081),
(#2082,#2083,#2084,#2085,#2086),(#2087,#2088,#2089,#2090,#2091),(#2092,
#2093,#2094,#2095,#2096)),.UNSPECIFIED.,.F.,.F.,.F.,(4,4),(4,1,4),(0.,1.),
(-1.53019518021436,-0.65579793437758,6.97574934912995E-15),
 .UNSPECIFIED.);
#21=B_SPLINE_SURFACE_WITH_KNOTS('',3,3,((#2126,#2127,#2128,#2129),(#2130,
#2131,#2132,#2133),(#2134,#2135,#2136,#2137),(#2138,#2139,#2140,#2141)),
 .UNSPECIFIED.,.F.,.F.,.F.,(4,4),(4,4),(0.,1.),(1.53019518021435,1.5707963267949),
 .UNSPECIFIED.);
#22=B_SPLINE_SURFACE_WITH_KNOTS('',3,3,((#2150,#2151,#2152,#2153),(#2154,
#2155,#2156,#2157),(#2158,#2159,#2160,#2161),(#2162,#2163,#2164,#2165)),
 .UNSPECIFIED.,.F.,.F.,.F.,(4,4),(4,4),(0.,1.),(-1.57079632679489,-1.53019518021434),
 .UNSPECIFIED.);
#23=B_SPLINE_SURFACE_WITH_KNOTS('',3,3,((#2174,#2175,#2176,#2177,#2178),
(#2179,#2180,#2181,#2182,#2183),(#2184,#2185,#2186,#2187,#2188),(#2189,
#2190,#2191,#2192,#2193)),.UNSPECIFIED.,.F.,.F.,.F.,(4,4),(4,1,4),(0.,1.),
(-1.53019518021436,-0.874397245836777,1.52655665885959E-15),
 .UNSPECIFIED.);
#24=B_SPLINE_SURFACE_WITH_KNOTS('',3,3,((#2209,#2210,#2211,#2212,#2213),
(#2214,#2215,#2216,#2217,#2218),(#2219,#2220,#2221,#2222,#2223),(#2224,
#2225,#2226,#2227,#2228)),.UNSPECIFIED.,.F.,.F.,.F.,(4,4),(4,1,4),(0.,1.),
(-9.15933995315754E-16,0.655797934377584,1.53019518021436),
 .UNSPECIFIED.);
#25=B_SPLINE_SURFACE_WITH_KNOTS('',3,3,((#2242,#2243,#2244,#2245),(#2246,
#2247,#2248,#2249),(#2250,#2251,#2252,#2253),(#2254,#2255,#2256,#2257)),
 .UNSPECIFIED.,.F.,.F.,.F.,(4,4),(4,4),(0.,1.),(-1.5707963267949,-1.53019518021434),
 .UNSPECIFIED.);
#26=B_SPLINE_SURFACE_WITH_KNOTS('',3,3,((#2262,#2263,#2264,#2265),(#2266,
#2267,#2268,#2269),(#2270,#2271,#2272,#2273),(#2274,#2275,#2276,#2277)),
 .UNSPECIFIED.,.F.,.F.,.F.,(4,4),(4,4),(0.,1.),(1.53019518021434,1.5707963267949),
 .UNSPECIFIED.);
#27=FACE_BOUND('',#434,.T.);
#28=FACE_BOUND('',#435,.T.);
#29=FACE_BOUND('',#436,.T.);
#30=FACE_BOUND('',#437,.T.);
#31=FACE_BOUND('',#438,.T.);
#32=FACE_BOUND('',#439,.T.);
#33=FACE_BOUND('',#440,.T.);
#34=FACE_BOUND('',#441,.T.);
#35=FACE_BOUND('',#478,.T.);
#36=FACE_BOUND('',#479,.T.);
#37=FACE_BOUND('',#480,.T.);
#38=FACE_BOUND('',#481,.T.);
#39=FACE_BOUND('',#482,.T.);
#40=FACE_BOUND('',#483,.T.);
#41=FACE_BOUND('',#484,.T.);
#42=FACE_BOUND('',#485,.T.);
#43=FACE_BOUND('',#486,.T.);
#44=PLANE('',#1378);
#45=PLANE('',#1387);
#46=PLANE('',#1388);
#47=PLANE('',#1409);
#48=PLANE('',#1410);
#49=PLANE('',#1411);
#50=PLANE('',#1412);
#51=PLANE('',#1413);
#52=PLANE('',#1414);
#53=PLANE('',#1415);
#54=PLANE('',#1416);
#55=PLANE('',#1417);
#56=PLANE('',#1418);
#57=PLANE('',#1419);
#58=PLANE('',#1420);
#59=PLANE('',#1423);
#60=PLANE('',#1426);
#61=PLANE('',#1427);
#62=PLANE('',#1430);
#63=PLANE('',#1434);
#64=PLANE('',#1438);
#65=PLANE('',#1442);
#66=PLANE('',#1443);
#67=PLANE('',#1463);
#68=PLANE('',#1465);
#69=PLANE('',#1467);
#70=PLANE('',#1470);
#71=PLANE('',#1473);
#72=PLANE('',#1475);
#73=PLANE('',#1477);
#74=PLANE('',#1479);
#75=PLANE('',#1480);
#76=PLANE('',#1482);
#77=PLANE('',#1483);
#78=LINE('',#1880,#201);
#79=LINE('',#1881,#202);
#80=LINE('',#1884,#203);
#81=LINE('',#1888,#204);
#82=LINE('',#1889,#205);
#83=LINE('',#1895,#206);
#84=LINE('',#1911,#207);
#85=LINE('',#1914,#208);
#86=LINE('',#1917,#209);
#87=LINE('',#1918,#210);
#88=LINE('',#1921,#211);
#89=LINE('',#1925,#212);
#90=LINE('',#1929,#213);
#91=LINE('',#1933,#214);
#92=LINE('',#1937,#215);
#93=LINE('',#1941,#216);
#94=LINE('',#1945,#217);
#95=LINE('',#1949,#218);
#96=LINE('',#1953,#219);
#97=LINE('',#1957,#220);
#98=LINE('',#1961,#221);
#99=LINE('',#1965,#222);
#100=LINE('',#1967,#223);
#101=LINE('',#1969,#224);
#102=LINE('',#1971,#225);
#103=LINE('',#1973,#226);
#104=LINE('',#1974,#227);
#105=LINE('',#1992,#228);
#106=LINE('',#1993,#229);
#107=LINE('',#1995,#230);
#108=LINE('',#1998,#231);
#109=LINE('',#2000,#232);
#110=LINE('',#2001,#233);
#111=LINE('',#2004,#234);
#112=LINE('',#2016,#235);
#113=LINE('',#2019,#236);
#114=LINE('',#2021,#237);
#115=LINE('',#2022,#238);
#116=LINE('',#2025,#239);
#117=LINE('',#2027,#240);
#118=LINE('',#2028,#241);
#119=LINE('',#2031,#242);
#120=LINE('',#2033,#243);
#121=LINE('',#2034,#244);
#122=LINE('',#2057,#245);
#123=LINE('',#2065,#246);
#124=LINE('',#2074,#247);
#125=LINE('',#2075,#248);
#126=LINE('',#2076,#249);
#127=LINE('',#2099,#250);
#128=LINE('',#2113,#251);
#129=LINE('',#2114,#252);
#130=LINE('',#2115,#253);
#131=LINE('',#2118,#254);
#132=LINE('',#2120,#255);
#133=LINE('',#2121,#256);
#134=LINE('',#2124,#257);
#135=LINE('',#2125,#258);
#136=LINE('',#2195,#259);
#137=LINE('',#2197,#260);
#138=LINE('',#2206,#261);
#139=LINE('',#2207,#262);
#140=LINE('',#2208,#263);
#141=LINE('',#2231,#264);
#142=LINE('',#2288,#265);
#143=LINE('',#2290,#266);
#144=LINE('',#2291,#267);
#145=LINE('',#2294,#268);
#146=LINE('',#2298,#269);
#147=LINE('',#2299,#270);
#148=LINE('',#2302,#271);
#149=LINE('',#2307,#272);
#150=LINE('',#2309,#273);
#151=LINE('',#2310,#274);
#152=LINE('',#2313,#275);
#153=LINE('',#2317,#276);
#154=LINE('',#2318,#277);
#155=LINE('',#2322,#278);
#156=LINE('',#2327,#279);
#157=LINE('',#2329,#280);
#158=LINE('',#2330,#281);
#159=LINE('',#2334,#282);
#160=LINE('',#2339,#283);
#161=LINE('',#2340,#284);
#162=LINE('',#2341,#285);
#163=LINE('',#2345,#286);
#164=LINE('',#2346,#287);
#165=LINE('',#2353,#288);
#166=LINE('',#2357,#289);
#167=LINE('',#2361,#290);
#168=LINE('',#2365,#291);
#169=LINE('',#2369,#292);
#170=LINE('',#2373,#293);
#171=LINE('',#2378,#294);
#172=LINE('',#2382,#295);
#173=LINE('',#2385,#296);
#174=LINE('',#2403,#297);
#175=LINE('',#2404,#298);
#176=LINE('',#2406,#299);
#177=LINE('',#2408,#300);
#178=LINE('',#2409,#301);
#179=LINE('',#2411,#302);
#180=LINE('',#2413,#303);
#181=LINE('',#2415,#304);
#182=LINE('',#2417,#305);
#183=LINE('',#2419,#306);
#184=LINE('',#2421,#307);
#185=LINE('',#2424,#308);
#186=LINE('',#2425,#309);
#187=LINE('',#2427,#310);
#188=LINE('',#2429,#311);
#189=LINE('',#2432,#312);
#190=LINE('',#2434,#313);
#191=LINE('',#2436,#314);
#192=LINE('',#2439,#315);
#193=LINE('',#2444,#316);
#194=LINE('',#2446,#317);
#195=LINE('',#2448,#318);
#196=LINE('',#2450,#319);
#197=LINE('',#2452,#320);
#198=LINE('',#2454,#321);
#199=LINE('',#2456,#322);
#200=LINE('',#2458,#323);
#201=VECTOR('',#1506,10.);
#202=VECTOR('',#1507,10.);
#203=VECTOR('',#1510,10.);
#204=VECTOR('',#1513,10.);
#205=VECTOR('',#1514,10.);
#206=VECTOR('',#1521,10.);
#207=VECTOR('',#1528,10.);
#208=VECTOR('',#1531,10.);
#209=VECTOR('',#1534,10.);
#210=VECTOR('',#1535,10.);
#211=VECTOR('',#1538,10.);
#212=VECTOR('',#1541,10.);
#213=VECTOR('',#1544,10.);
#214=VECTOR('',#1547,10.);
#215=VECTOR('',#1550,10.);
#216=VECTOR('',#1553,10.);
#217=VECTOR('',#1556,10.);
#218=VECTOR('',#1559,10.);
#219=VECTOR('',#1562,10.);
#220=VECTOR('',#1565,10.);
#221=VECTOR('',#1568,10.);
#222=VECTOR('',#1571,10.);
#223=VECTOR('',#1572,10.);
#224=VECTOR('',#1573,10.);
#225=VECTOR('',#1574,10.);
#226=VECTOR('',#1575,10.);
#227=VECTOR('',#1576,10.);
#228=VECTOR('',#1595,10.);
#229=VECTOR('',#1596,10.);
#230=VECTOR('',#1599,10.);
#231=VECTOR('',#1602,10.);
#232=VECTOR('',#1603,10.);
#233=VECTOR('',#1604,10.);
#234=VECTOR('',#1607,10.);
#235=VECTOR('',#1608,10.);
#236=VECTOR('',#1611,10.);
#237=VECTOR('',#1612,10.);
#238=VECTOR('',#1613,10.);
#239=VECTOR('',#1616,10.);
#240=VECTOR('',#1617,10.);
#241=VECTOR('',#1618,10.);
#242=VECTOR('',#1621,10.);
#243=VECTOR('',#1622,10.);
#244=VECTOR('',#1623,10.);
#245=VECTOR('',#1624,10.);
#246=VECTOR('',#1625,10.);
#247=VECTOR('',#1628,10.);
#248=VECTOR('',#1629,10.);
#249=VECTOR('',#1630,10.);
#250=VECTOR('',#1631,10.);
#251=VECTOR('',#1634,10.);
#252=VECTOR('',#1635,10.);
#253=VECTOR('',#1636,10.);
#254=VECTOR('',#1639,10.);
#255=VECTOR('',#1640,10.);
#256=VECTOR('',#1641,10.);
#257=VECTOR('',#1644,10.);
#258=VECTOR('',#1645,10.);
#259=VECTOR('',#1646,10.);
#260=VECTOR('',#1647,10.);
#261=VECTOR('',#1650,10.);
#262=VECTOR('',#1651,10.);
#263=VECTOR('',#1652,10.);
#264=VECTOR('',#1653,10.);
#265=VECTOR('',#1656,10.);
#266=VECTOR('',#1657,10.);
#267=VECTOR('',#1658,10.);
#268=VECTOR('',#1661,10.);
#269=VECTOR('',#1666,10.);
#270=VECTOR('',#1667,10.);
#271=VECTOR('',#1670,10.);
#272=VECTOR('',#1677,10.);
#273=VECTOR('',#1678,10.);
#274=VECTOR('',#1679,10.);
#275=VECTOR('',#1682,10.);
#276=VECTOR('',#1687,10.);
#277=VECTOR('',#1688,10.);
#278=VECTOR('',#1691,10.);
#279=VECTOR('',#1698,10.);
#280=VECTOR('',#1699,10.);
#281=VECTOR('',#1700,10.);
#282=VECTOR('',#1703,10.);
#283=VECTOR('',#1710,10.);
#284=VECTOR('',#1711,10.);
#285=VECTOR('',#1712,10.);
#286=VECTOR('',#1719,10.);
#287=VECTOR('',#1720,10.);
#288=VECTOR('',#1727,10.);
#289=VECTOR('',#1730,10.);
#290=VECTOR('',#1733,10.);
#291=VECTOR('',#1736,10.);
#292=VECTOR('',#1739,10.);
#293=VECTOR('',#1742,10.);
#294=VECTOR('',#1747,10.);
#295=VECTOR('',#1750,10.);
#296=VECTOR('',#1753,10.);
#297=VECTOR('',#1772,10.);
#298=VECTOR('',#1773,10.);
#299=VECTOR('',#1776,10.);
#300=VECTOR('',#1779,10.);
#301=VECTOR('',#1780,10.);
#302=VECTOR('',#1783,10.);
#303=VECTOR('',#1786,10.);
#304=VECTOR('',#1789,10.);
#305=VECTOR('',#1792,10.);
#306=VECTOR('',#1795,10.);
#307=VECTOR('',#1798,10.);
#308=VECTOR('',#1803,10.);
#309=VECTOR('',#1804,10.);
#310=VECTOR('',#1807,10.);
#311=VECTOR('',#1810,10.);
#312=VECTOR('',#1815,10.);
#313=VECTOR('',#1818,10.);
#314=VECTOR('',#1821,10.);
#315=VECTOR('',#1826,10.);
#316=VECTOR('',#1835,1.19999999999999);
#317=VECTOR('',#1838,1.19999999999999);
#318=VECTOR('',#1841,1.19999999999999);
#319=VECTOR('',#1844,1.19999999999999);
#320=VECTOR('',#1847,1.2);
#321=VECTOR('',#1850,1.2);
#322=VECTOR('',#1853,1.2);
#323=VECTOR('',#1856,1.2);
#324=ELLIPSE('',#1377,16.4110354760265,2.);
#325=ELLIPSE('',#1381,16.4110354760265,2.);
#326=CYLINDRICAL_SURFACE('',#1376,2.);
#327=CYLINDRICAL_SURFACE('',#1380,2.);
#328=CYLINDRICAL_SURFACE('',#1385,3.);
#329=CYLINDRICAL_SURFACE('',#1408,3.);
#330=CYLINDRICAL_SURFACE('',#1421,3.);
#331=CYLINDRICAL_SURFACE('',#1424,3.);
#332=CYLINDRICAL_SURFACE('',#1441,3.);
#333=CYLINDRICAL_SURFACE('',#1462,3.);
#334=CYLINDRICAL_SURFACE('',#1464,3.);
#335=CYLINDRICAL_SURFACE('',#1466,3.);
#336=CYLINDRICAL_SURFACE('',#1468,3.);
#337=CYLINDRICAL_SURFACE('',#1469,3.);
#338=CYLINDRICAL_SURFACE('',#1471,3.);
#339=CYLINDRICAL_SURFACE('',#1472,3.);
#340=CYLINDRICAL_SURFACE('',#1474,3.);
#341=CYLINDRICAL_SURFACE('',#1476,3.);
#342=CYLINDRICAL_SURFACE('',#1478,3.);
#343=CYLINDRICAL_SURFACE('',#1481,3.);
#344=CYLINDRICAL_SURFACE('',#1484,1.19999999999999);
#345=CYLINDRICAL_SURFACE('',#1485,1.19999999999999);
#346=CYLINDRICAL_SURFACE('',#1486,1.19999999999999);
#347=CYLINDRICAL_SURFACE('',#1487,1.19999999999999);
#348=CYLINDRICAL_SURFACE('',#1488,1.2);
#349=CYLINDRICAL_SURFACE('',#1489,1.2);
#350=CYLINDRICAL_SURFACE('',#1490,1.2);
#351=CYLINDRICAL_SURFACE('',#1491,1.2);
#352=FACE_OUTER_BOUND('',#426,.T.);
#353=FACE_OUTER_BOUND('',#427,.T.);
#354=FACE_OUTER_BOUND('',#428,.T.);
#355=FACE_OUTER_BOUND('',#429,.T.);
#356=FACE_OUTER_BOUND('',#430,.T.);
#357=FACE_OUTER_BOUND('',#431,.T.);
#358=FACE_OUTER_BOUND('',#432,.T.);
#359=FACE_OUTER_BOUND('',#433,.T.);
#360=FACE_OUTER_BOUND('',#442,.T.);
#361=FACE_OUTER_BOUND('',#443,.T.);
#362=FACE_OUTER_BOUND('',#444,.T.);
#363=FACE_OUTER_BOUND('',#445,.T.);
#364=FACE_OUTER_BOUND('',#446,.T.);
#365=FACE_OUTER_BOUND('',#447,.T.);
#366=FACE_OUTER_BOUND('',#448,.T.);
#367=FACE_OUTER_BOUND('',#449,.T.);
#368=FACE_OUTER_BOUND('',#450,.T.);
#369=FACE_OUTER_BOUND('',#451,.T.);
#370=FACE_OUTER_BOUND('',#452,.T.);
#371=FACE_OUTER_BOUND('',#453,.T.);
#372=FACE_OUTER_BOUND('',#454,.T.);
#373=FACE_OUTER_BOUND('',#455,.T.);
#374=FACE_OUTER_BOUND('',#456,.T.);
#375=FACE_OUTER_BOUND('',#457,.T.);
#376=FACE_OUTER_BOUND('',#458,.T.);
#377=FACE_OUTER_BOUND('',#459,.T.);
#378=FACE_OUTER_BOUND('',#460,.T.);
#379=FACE_OUTER_BOUND('',#461,.T.);
#380=FACE_OUTER_BOUND('',#462,.T.);
#381=FACE_OUTER_BOUND('',#463,.T.);
#382=FACE_OUTER_BOUND('',#464,.T.);
#383=FACE_OUTER_BOUND('',#465,.T.);
#384=FACE_OUTER_BOUND('',#466,.T.);
#385=FACE_OUTER_BOUND('',#467,.T.);
#386=FACE_OUTER_BOUND('',#468,.T.);
#387=FACE_OUTER_BOUND('',#469,.T.);
#388=FACE_OUTER_BOUND('',#470,.T.);
#389=FACE_OUTER_BOUND('',#471,.T.);
#390=FACE_OUTER_BOUND('',#472,.T.);
#391=FACE_OUTER_BOUND('',#473,.T.);
#392=FACE_OUTER_BOUND('',#474,.T.);
#393=FACE_OUTER_BOUND('',#475,.T.);
#394=FACE_OUTER_BOUND('',#476,.T.);
#395=FACE_OUTER_BOUND('',#477,.T.);
#396=FACE_OUTER_BOUND('',#487,.T.);
#397=FACE_OUTER_BOUND('',#488,.T.);
#398=FACE_OUTER_BOUND('',#489,.T.);
#399=FACE_OUTER_BOUND('',#490,.T.);
#400=FACE_OUTER_BOUND('',#491,.T.);
#401=FACE_OUTER_BOUND('',#492,.T.);
#402=FACE_OUTER_BOUND('',#493,.T.);
#403=FACE_OUTER_BOUND('',#494,.T.);
#404=FACE_OUTER_BOUND('',#495,.T.);
#405=FACE_OUTER_BOUND('',#496,.T.);
#406=FACE_OUTER_BOUND('',#497,.T.);
#407=FACE_OUTER_BOUND('',#498,.T.);
#408=FACE_OUTER_BOUND('',#499,.T.);
#409=FACE_OUTER_BOUND('',#500,.T.);
#410=FACE_OUTER_BOUND('',#501,.T.);
#411=FACE_OUTER_BOUND('',#502,.T.);
#412=FACE_OUTER_BOUND('',#503,.T.);
#413=FACE_OUTER_BOUND('',#504,.T.);
#414=FACE_OUTER_BOUND('',#505,.T.);
#415=FACE_OUTER_BOUND('',#506,.T.);
#416=FACE_OUTER_BOUND('',#507,.T.);
#417=FACE_OUTER_BOUND('',#508,.T.);
#418=FACE_OUTER_BOUND('',#509,.T.);
#419=FACE_OUTER_BOUND('',#510,.T.);
#420=FACE_OUTER_BOUND('',#511,.T.);
#421=FACE_OUTER_BOUND('',#512,.T.);
#422=FACE_OUTER_BOUND('',#513,.T.);
#423=FACE_OUTER_BOUND('',#514,.T.);
#424=FACE_OUTER_BOUND('',#515,.T.);
#425=FACE_OUTER_BOUND('',#516,.T.);
#426=EDGE_LOOP('',(#904,#905,#906,#907));
#427=EDGE_LOOP('',(#908,#909,#910,#911));
#428=EDGE_LOOP('',(#912,#913,#914,#915,#916,#917));
#429=EDGE_LOOP('',(#918,#919,#920,#921));
#430=EDGE_LOOP('',(#922,#923,#924,#925));
#431=EDGE_LOOP('',(#926,#927,#928,#929));
#432=EDGE_LOOP('',(#930,#931,#932,#933));
#433=EDGE_LOOP('',(#934,#935,#936,#937,#938,#939,#940,#941,#942,#943,#944,
#945,#946,#947,#948,#949,#950,#951,#952,#953,#954,#955,#956,#957,#958,#959,
#960,#961,#962,#963));
#434=EDGE_LOOP('',(#964));
#435=EDGE_LOOP('',(#965));
#436=EDGE_LOOP('',(#966));
#437=EDGE_LOOP('',(#967));
#438=EDGE_LOOP('',(#968));
#439=EDGE_LOOP('',(#969));
#440=EDGE_LOOP('',(#970));
#441=EDGE_LOOP('',(#971));
#442=EDGE_LOOP('',(#972,#973,#974,#975));
#443=EDGE_LOOP('',(#976,#977,#978,#979));
#444=EDGE_LOOP('',(#980,#981,#982,#983,#984,#985,#986,#987,#988,#989));
#445=EDGE_LOOP('',(#990,#991,#992,#993,#994,#995,#996));
#446=EDGE_LOOP('',(#997,#998,#999,#1000));
#447=EDGE_LOOP('',(#1001,#1002,#1003,#1004));
#448=EDGE_LOOP('',(#1005,#1006,#1007,#1008));
#449=EDGE_LOOP('',(#1009,#1010,#1011,#1012));
#450=EDGE_LOOP('',(#1013,#1014,#1015,#1016));
#451=EDGE_LOOP('',(#1017,#1018,#1019,#1020));
#452=EDGE_LOOP('',(#1021,#1022,#1023,#1024));
#453=EDGE_LOOP('',(#1025,#1026,#1027,#1028));
#454=EDGE_LOOP('',(#1029,#1030,#1031,#1032));
#455=EDGE_LOOP('',(#1033,#1034,#1035,#1036));
#456=EDGE_LOOP('',(#1037,#1038,#1039,#1040));
#457=EDGE_LOOP('',(#1041,#1042,#1043,#1044));
#458=EDGE_LOOP('',(#1045,#1046,#1047,#1048,#1049,#1050));
#459=EDGE_LOOP('',(#1051,#1052,#1053,#1054));
#460=EDGE_LOOP('',(#1055,#1056,#1057,#1058));
#461=EDGE_LOOP('',(#1059,#1060,#1061,#1062));
#462=EDGE_LOOP('',(#1063,#1064,#1065,#1066));
#463=EDGE_LOOP('',(#1067,#1068,#1069,#1070));
#464=EDGE_LOOP('',(#1071,#1072,#1073,#1074,#1075,#1076,#1077,#1078));
#465=EDGE_LOOP('',(#1079,#1080,#1081,#1082));
#466=EDGE_LOOP('',(#1083,#1084,#1085,#1086,#1087,#1088,#1089));
#467=EDGE_LOOP('',(#1090,#1091,#1092,#1093));
#468=EDGE_LOOP('',(#1094,#1095,#1096,#1097));
#469=EDGE_LOOP('',(#1098,#1099,#1100,#1101));
#470=EDGE_LOOP('',(#1102,#1103,#1104,#1105));
#471=EDGE_LOOP('',(#1106,#1107,#1108,#1109));
#472=EDGE_LOOP('',(#1110,#1111,#1112,#1113));
#473=EDGE_LOOP('',(#1114,#1115,#1116,#1117));
#474=EDGE_LOOP('',(#1118,#1119,#1120,#1121));
#475=EDGE_LOOP('',(#1122,#1123,#1124,#1125));
#476=EDGE_LOOP('',(#1126,#1127,#1128,#1129));
#477=EDGE_LOOP('',(#1130,#1131,#1132,#1133,#1134,#1135,#1136,#1137));
#478=EDGE_LOOP('',(#1138,#1139,#1140,#1141,#1142,#1143,#1144,#1145,#1146,
#1147,#1148,#1149,#1150,#1151,#1152,#1153,#1154,#1155,#1156,#1157));
#479=EDGE_LOOP('',(#1158));
#480=EDGE_LOOP('',(#1159));
#481=EDGE_LOOP('',(#1160));
#482=EDGE_LOOP('',(#1161));
#483=EDGE_LOOP('',(#1162));
#484=EDGE_LOOP('',(#1163));
#485=EDGE_LOOP('',(#1164));
#486=EDGE_LOOP('',(#1165));
#487=EDGE_LOOP('',(#1166,#1167,#1168,#1169));
#488=EDGE_LOOP('',(#1170,#1171,#1172,#1173));
#489=EDGE_LOOP('',(#1174,#1175,#1176,#1177));
#490=EDGE_LOOP('',(#1178,#1179,#1180,#1181));
#491=EDGE_LOOP('',(#1182,#1183,#1184,#1185));
#492=EDGE_LOOP('',(#1186,#1187,#1188,#1189));
#493=EDGE_LOOP('',(#1190,#1191,#1192,#1193));
#494=EDGE_LOOP('',(#1194,#1195,#1196,#1197));
#495=EDGE_LOOP('',(#1198,#1199,#1200,#1201));
#496=EDGE_LOOP('',(#1202,#1203,#1204,#1205));
#497=EDGE_LOOP('',(#1206,#1207,#1208,#1209));
#498=EDGE_LOOP('',(#1210,#1211,#1212,#1213));
#499=EDGE_LOOP('',(#1214,#1215,#1216,#1217));
#500=EDGE_LOOP('',(#1218,#1219,#1220,#1221));
#501=EDGE_LOOP('',(#1222,#1223,#1224,#1225));
#502=EDGE_LOOP('',(#1226,#1227,#1228,#1229));
#503=EDGE_LOOP('',(#1230,#1231,#1232,#1233));
#504=EDGE_LOOP('',(#1234,#1235,#1236,#1237));
#505=EDGE_LOOP('',(#1238,#1239,#1240,#1241,#1242,#1243,#1244,#1245));
#506=EDGE_LOOP('',(#1246,#1247,#1248,#1249));
#507=EDGE_LOOP('',(#1250,#1251,#1252,#1253));
#508=EDGE_LOOP('',(#1254,#1255,#1256,#1257,#1258,#1259,#1260,#1261));
#509=EDGE_LOOP('',(#1262,#1263,#1264,#1265));
#510=EDGE_LOOP('',(#1266,#1267,#1268,#1269));
#511=EDGE_LOOP('',(#1270,#1271,#1272,#1273));
#512=EDGE_LOOP('',(#1274,#1275,#1276,#1277));
#513=EDGE_LOOP('',(#1278,#1279,#1280,#1281));
#514=EDGE_LOOP('',(#1282,#1283,#1284,#1285));
#515=EDGE_LOOP('',(#1286,#1287,#1288,#1289));
#516=EDGE_LOOP('',(#1290,#1291,#1292,#1293));
#517=B_SPLINE_CURVE_WITH_KNOTS('',3,(#1865,#1866,#1867,#1868,#1869,#1870,
#1871,#1872,#1873,#1874),.UNSPECIFIED.,.F.,.F.,(4,2,2,2,4),(0.,0.132413732006532,
0.264827464013064,0.34746303883432,0.430098613655576),.UNSPECIFIED.);
#518=B_SPLINE_CURVE_WITH_KNOTS('',3,(#1898,#1899,#1900,#1901,#1902,#1903,
#1904,#1905,#1906,#1907),.UNSPECIFIED.,.F.,.F.,(4,2,2,2,4),(1.07404525109487,
1.15668082591612,1.23931640073738,1.37173013274391,1.50414386475044),
 .UNSPECIFIED.);
#519=B_SPLINE_CURVE_WITH_KNOTS('',3,(#2006,#2007,#2008,#2009,#2010),
 .UNSPECIFIED.,.F.,.F.,(4,1,4),(-1.53019518021436,-0.874397245836777,1.52655665885959E-15),
 .UNSPECIFIED.);
#520=B_SPLINE_CURVE_WITH_KNOTS('',3,(#2012,#2013,#2014,#2015),
 .UNSPECIFIED.,.F.,.F.,(4,4),(-1.5707963267949,-1.53019518021434),
 .UNSPECIFIED.);
#521=B_SPLINE_CURVE_WITH_KNOTS('',3,(#2059,#2060,#2061,#2062,#2063),
 .UNSPECIFIED.,.F.,.F.,(4,1,4),(-1.53019518021437,-0.655797934377589,-4.16333634234434E-15),
 .UNSPECIFIED.);
#522=B_SPLINE_CURVE_WITH_KNOTS('',3,(#2066,#2067,#2068,#2069,#2070),
 .UNSPECIFIED.,.F.,.F.,(4,1,4),(4.16333634234434E-15,0.655797934377589,
1.53019518021437),.UNSPECIFIED.);
#523=B_SPLINE_CURVE_WITH_KNOTS('',3,(#2100,#2101,#2102,#2103,#2104),
 .UNSPECIFIED.,.F.,.F.,(4,1,4),(-1.53019518021436,-0.65579793437758,6.97574934912995E-15),
 .UNSPECIFIED.);
#524=B_SPLINE_CURVE_WITH_KNOTS('',3,(#2105,#2106,#2107,#2108,#2109),
 .UNSPECIFIED.,.F.,.F.,(4,1,4),(-6.97574934912995E-15,0.65579793437758,
1.53019518021436),.UNSPECIFIED.);
#525=B_SPLINE_CURVE_WITH_KNOTS('',3,(#2142,#2143,#2144,#2145),
 .UNSPECIFIED.,.F.,.F.,(4,4),(-1.5707963267949,-1.53019518021435),
 .UNSPECIFIED.);
#526=B_SPLINE_CURVE_WITH_KNOTS('',3,(#2146,#2147,#2148,#2149),
 .UNSPECIFIED.,.F.,.F.,(4,4),(1.53019518021435,1.5707963267949),
 .UNSPECIFIED.);
#527=B_SPLINE_CURVE_WITH_KNOTS('',3,(#2166,#2167,#2168,#2169),
 .UNSPECIFIED.,.F.,.F.,(4,4),(1.53019518021434,1.57079632679489),
 .UNSPECIFIED.);
#528=B_SPLINE_CURVE_WITH_KNOTS('',3,(#2170,#2171,#2172,#2173),
 .UNSPECIFIED.,.F.,.F.,(4,4),(-1.57079632679489,-1.53019518021434),
 .UNSPECIFIED.);
#529=B_SPLINE_CURVE_WITH_KNOTS('',3,(#2198,#2199,#2200,#2201,#2202),
 .UNSPECIFIED.,.F.,.F.,(4,1,4),(-1.52655665885959E-15,0.874397245836777,
1.53019518021436),.UNSPECIFIED.);
#530=B_SPLINE_CURVE_WITH_KNOTS('',3,(#2232,#2233,#2234,#2235,#2236),
 .UNSPECIFIED.,.F.,.F.,(4,1,4),(-1.53019518021436,-0.655797934377584,9.15933995315754E-16),
 .UNSPECIFIED.);
#531=B_SPLINE_CURVE_WITH_KNOTS('',3,(#2237,#2238,#2239,#2240,#2241),
 .UNSPECIFIED.,.F.,.F.,(4,1,4),(-9.15933995315754E-16,0.655797934377584,
1.53019518021436),.UNSPECIFIED.);
#532=B_SPLINE_CURVE_WITH_KNOTS('',3,(#2258,#2259,#2260,#2261),
 .UNSPECIFIED.,.F.,.F.,(4,4),(1.53019518021434,1.5707963267949),
 .UNSPECIFIED.);
#533=B_SPLINE_CURVE_WITH_KNOTS('',3,(#2278,#2279,#2280,#2281),
 .UNSPECIFIED.,.F.,.F.,(4,4),(-1.5707963267949,-1.53019518021434),
 .UNSPECIFIED.);
#534=B_SPLINE_CURVE_WITH_KNOTS('',3,(#2282,#2283,#2284,#2285),
 .UNSPECIFIED.,.F.,.F.,(4,4),(1.53019518021434,1.5707963267949),
 .UNSPECIFIED.);
#535=CIRCLE('',#1373,2.);
#536=CIRCLE('',#1374,3.);
#537=CIRCLE('',#1375,5.);
#538=CIRCLE('',#1379,5.);
#539=CIRCLE('',#1382,2.);
#540=CIRCLE('',#1384,3.);
#541=CIRCLE('',#1386,3.);
#542=CIRCLE('',#1389,3.);
#543=CIRCLE('',#1390,3.);
#544=CIRCLE('',#1391,3.);
#545=CIRCLE('',#1392,3.);
#546=CIRCLE('',#1393,3.);
#547=CIRCLE('',#1394,3.);
#548=CIRCLE('',#1395,3.);
#549=CIRCLE('',#1396,3.);
#550=CIRCLE('',#1397,3.);
#551=CIRCLE('',#1398,3.);
#552=CIRCLE('',#1399,3.);
#553=CIRCLE('',#1400,1.2);
#554=CIRCLE('',#1401,1.2);
#555=CIRCLE('',#1402,1.2);
#556=CIRCLE('',#1403,1.2);
#557=CIRCLE('',#1404,1.19999999999999);
#558=CIRCLE('',#1405,1.19999999999999);
#559=CIRCLE('',#1406,1.19999999999999);
#560=CIRCLE('',#1407,1.19999999999999);
#561=CIRCLE('',#1422,3.);
#562=CIRCLE('',#1425,3.);
#563=CIRCLE('',#1429,2.39999999999999);
#564=CIRCLE('',#1432,3.);
#565=CIRCLE('',#1433,2.4);
#566=CIRCLE('',#1436,3.);
#567=CIRCLE('',#1437,2.39999999999999);
#568=CIRCLE('',#1440,2.39999999999999);
#569=CIRCLE('',#1444,3.);
#570=CIRCLE('',#1445,3.);
#571=CIRCLE('',#1446,3.);
#572=CIRCLE('',#1447,3.);
#573=CIRCLE('',#1448,3.);
#574=CIRCLE('',#1449,3.);
#575=CIRCLE('',#1450,3.);
#576=CIRCLE('',#1451,3.);
#577=CIRCLE('',#1452,3.);
#578=CIRCLE('',#1453,3.);
#579=CIRCLE('',#1454,1.19999999999999);
#580=CIRCLE('',#1455,1.19999999999999);
#581=CIRCLE('',#1456,1.19999999999999);
#582=CIRCLE('',#1457,1.19999999999999);
#583=CIRCLE('',#1458,1.2);
#584=CIRCLE('',#1459,1.2);
#585=CIRCLE('',#1460,1.2);
#586=CIRCLE('',#1461,1.2);
#587=VERTEX_POINT('',#1859);
#588=VERTEX_POINT('',#1860);
#589=VERTEX_POINT('',#1862);
#590=VERTEX_POINT('',#1864);
#591=VERTEX_POINT('',#1877);
#592=VERTEX_POINT('',#1878);
#593=VERTEX_POINT('',#1883);
#594=VERTEX_POINT('',#1885);
#595=VERTEX_POINT('',#1887);
#596=VERTEX_POINT('',#1891);
#597=VERTEX_POINT('',#1893);
#598=VERTEX_POINT('',#1897);
#599=VERTEX_POINT('',#1910);
#600=VERTEX_POINT('',#1912);
#601=VERTEX_POINT('',#1916);
#602=VERTEX_POINT('',#1920);
#603=VERTEX_POINT('',#1922);
#604=VERTEX_POINT('',#1924);
#605=VERTEX_POINT('',#1926);
#606=VERTEX_POINT('',#1928);
#607=VERTEX_POINT('',#1930);
#608=VERTEX_POINT('',#1932);
#609=VERTEX_POINT('',#1934);
#610=VERTEX_POINT('',#1936);
#611=VERTEX_POINT('',#1938);
#612=VERTEX_POINT('',#1940);
#613=VERTEX_POINT('',#1942);
#614=VERTEX_POINT('',#1944);
#615=VERTEX_POINT('',#1946);
#616=VERTEX_POINT('',#1948);
#617=VERTEX_POINT('',#1950);
#618=VERTEX_POINT('',#1952);
#619=VERTEX_POINT('',#1954);
#620=VERTEX_POINT('',#1956);
#621=VERTEX_POINT('',#1958);
#622=VERTEX_POINT('',#1960);
#623=VERTEX_POINT('',#1962);
#624=VERTEX_POINT('',#1964);
#625=VERTEX_POINT('',#1966);
#626=VERTEX_POINT('',#1968);
#627=VERTEX_POINT('',#1970);
#628=VERTEX_POINT('',#1972);
#629=VERTEX_POINT('',#1975);
#630=VERTEX_POINT('',#1977);
#631=VERTEX_POINT('',#1979);
#632=VERTEX_POINT('',#1981);
#633=VERTEX_POINT('',#1983);
#634=VERTEX_POINT('',#1985);
#635=VERTEX_POINT('',#1987);
#636=VERTEX_POINT('',#1989);
#637=VERTEX_POINT('',#1997);
#638=VERTEX_POINT('',#1999);
#639=VERTEX_POINT('',#2003);
#640=VERTEX_POINT('',#2005);
#641=VERTEX_POINT('',#2011);
#642=VERTEX_POINT('',#2018);
#643=VERTEX_POINT('',#2020);
#644=VERTEX_POINT('',#2024);
#645=VERTEX_POINT('',#2026);
#646=VERTEX_POINT('',#2030);
#647=VERTEX_POINT('',#2032);
#648=VERTEX_POINT('',#2055);
#649=VERTEX_POINT('',#2056);
#650=VERTEX_POINT('',#2058);
#651=VERTEX_POINT('',#2064);
#652=VERTEX_POINT('',#2072);
#653=VERTEX_POINT('',#2073);
#654=VERTEX_POINT('',#2097);
#655=VERTEX_POINT('',#2098);
#656=VERTEX_POINT('',#2111);
#657=VERTEX_POINT('',#2112);
#658=VERTEX_POINT('',#2117);
#659=VERTEX_POINT('',#2119);
#660=VERTEX_POINT('',#2123);
#661=VERTEX_POINT('',#2194);
#662=VERTEX_POINT('',#2196);
#663=VERTEX_POINT('',#2204);
#664=VERTEX_POINT('',#2205);
#665=VERTEX_POINT('',#2229);
#666=VERTEX_POINT('',#2230);
#667=VERTEX_POINT('',#2287);
#668=VERTEX_POINT('',#2289);
#669=VERTEX_POINT('',#2293);
#670=VERTEX_POINT('',#2297);
#671=VERTEX_POINT('',#2301);
#672=VERTEX_POINT('',#2306);
#673=VERTEX_POINT('',#2308);
#674=VERTEX_POINT('',#2312);
#675=VERTEX_POINT('',#2316);
#676=VERTEX_POINT('',#2320);
#677=VERTEX_POINT('',#2321);
#678=VERTEX_POINT('',#2326);
#679=VERTEX_POINT('',#2328);
#680=VERTEX_POINT('',#2332);
#681=VERTEX_POINT('',#2333);
#682=VERTEX_POINT('',#2338);
#683=VERTEX_POINT('',#2349);
#684=VERTEX_POINT('',#2350);
#685=VERTEX_POINT('',#2352);
#686=VERTEX_POINT('',#2354);
#687=VERTEX_POINT('',#2356);
#688=VERTEX_POINT('',#2358);
#689=VERTEX_POINT('',#2360);
#690=VERTEX_POINT('',#2362);
#691=VERTEX_POINT('',#2364);
#692=VERTEX_POINT('',#2366);
#693=VERTEX_POINT('',#2368);
#694=VERTEX_POINT('',#2370);
#695=VERTEX_POINT('',#2372);
#696=VERTEX_POINT('',#2375);
#697=VERTEX_POINT('',#2377);
#698=VERTEX_POINT('',#2379);
#699=VERTEX_POINT('',#2381);
#700=VERTEX_POINT('',#2383);
#701=VERTEX_POINT('',#2386);
#702=VERTEX_POINT('',#2388);
#703=VERTEX_POINT('',#2390);
#704=VERTEX_POINT('',#2392);
#705=VERTEX_POINT('',#2394);
#706=VERTEX_POINT('',#2396);
#707=VERTEX_POINT('',#2398);
#708=VERTEX_POINT('',#2400);
#709=EDGE_CURVE('',#587,#588,#535,.T.);
#710=EDGE_CURVE('',#588,#589,#536,.T.);
#711=EDGE_CURVE('',#589,#590,#517,.T.);
#712=EDGE_CURVE('',#590,#587,#537,.T.);
#713=EDGE_CURVE('',#591,#592,#324,.T.);
#714=EDGE_CURVE('',#592,#588,#78,.T.);
#715=EDGE_CURVE('',#587,#591,#79,.T.);
#716=EDGE_CURVE('',#593,#590,#80,.T.);
#717=EDGE_CURVE('',#594,#593,#538,.T.);
#718=EDGE_CURVE('',#595,#594,#81,.T.);
#719=EDGE_CURVE('',#591,#595,#82,.T.);
#720=EDGE_CURVE('',#595,#596,#325,.F.);
#721=EDGE_CURVE('',#594,#597,#539,.T.);
#722=EDGE_CURVE('',#597,#596,#83,.T.);
#723=EDGE_CURVE('',#593,#598,#518,.T.);
#724=EDGE_CURVE('',#598,#597,#540,.T.);
#725=EDGE_CURVE('',#598,#599,#84,.T.);
#726=EDGE_CURVE('',#599,#600,#541,.T.);
#727=EDGE_CURVE('',#600,#597,#85,.T.);
#728=EDGE_CURVE('',#601,#600,#86,.T.);
#729=EDGE_CURVE('',#596,#601,#87,.T.);
#730=EDGE_CURVE('',#599,#602,#88,.T.);
#731=EDGE_CURVE('',#603,#602,#542,.T.);
#732=EDGE_CURVE('',#603,#604,#89,.T.);
#733=EDGE_CURVE('',#605,#604,#543,.T.);
#734=EDGE_CURVE('',#605,#606,#90,.T.);
#735=EDGE_CURVE('',#607,#606,#544,.T.);
#736=EDGE_CURVE('',#607,#608,#91,.T.);
#737=EDGE_CURVE('',#609,#608,#545,.T.);
#738=EDGE_CURVE('',#609,#610,#92,.T.);
#739=EDGE_CURVE('',#611,#610,#546,.T.);
#740=EDGE_CURVE('',#612,#611,#93,.T.);
#741=EDGE_CURVE('',#613,#612,#547,.T.);
#742=EDGE_CURVE('',#614,#613,#94,.T.);
#743=EDGE_CURVE('',#615,#614,#548,.T.);
#744=EDGE_CURVE('',#615,#616,#95,.T.);
#745=EDGE_CURVE('',#617,#616,#549,.T.);
#746=EDGE_CURVE('',#617,#618,#96,.T.);
#747=EDGE_CURVE('',#619,#618,#550,.T.);
#748=EDGE_CURVE('',#619,#620,#97,.T.);
#749=EDGE_CURVE('',#621,#620,#551,.T.);
#750=EDGE_CURVE('',#621,#622,#98,.T.);
#751=EDGE_CURVE('',#623,#622,#552,.T.);
#752=EDGE_CURVE('',#623,#624,#99,.T.);
#753=EDGE_CURVE('',#624,#625,#100,.T.);
#754=EDGE_CURVE('',#626,#625,#101,.T.);
#755=EDGE_CURVE('',#626,#627,#102,.T.);
#756=EDGE_CURVE('',#628,#627,#103,.T.);
#757=EDGE_CURVE('',#628,#601,#104,.T.);
#758=EDGE_CURVE('',#629,#629,#553,.T.);
#759=EDGE_CURVE('',#630,#630,#554,.T.);
#760=EDGE_CURVE('',#631,#631,#555,.T.);
#761=EDGE_CURVE('',#632,#632,#556,.T.);
#762=EDGE_CURVE('',#633,#633,#557,.T.);
#763=EDGE_CURVE('',#634,#634,#558,.T.);
#764=EDGE_CURVE('',#635,#635,#559,.T.);
#765=EDGE_CURVE('',#636,#636,#560,.T.);
#766=EDGE_CURVE('',#588,#623,#105,.T.);
#767=EDGE_CURVE('',#622,#589,#106,.T.);
#768=EDGE_CURVE('',#624,#592,#107,.T.);
#769=EDGE_CURVE('',#637,#621,#108,.T.);
#770=EDGE_CURVE('',#638,#637,#109,.T.);
#771=EDGE_CURVE('',#602,#638,#110,.T.);
#772=EDGE_CURVE('',#639,#591,#111,.T.);
#773=EDGE_CURVE('',#640,#639,#519,.T.);
#774=EDGE_CURVE('',#641,#640,#520,.T.);
#775=EDGE_CURVE('',#625,#641,#112,.T.);
#776=EDGE_CURVE('',#627,#642,#113,.T.);
#777=EDGE_CURVE('',#642,#643,#114,.T.);
#778=EDGE_CURVE('',#643,#628,#115,.T.);
#779=EDGE_CURVE('',#627,#644,#116,.T.);
#780=EDGE_CURVE('',#644,#645,#117,.T.);
#781=EDGE_CURVE('',#645,#642,#118,.T.);
#782=EDGE_CURVE('',#643,#646,#119,.T.);
#783=EDGE_CURVE('',#646,#647,#120,.T.);
#784=EDGE_CURVE('',#647,#628,#121,.T.);
#785=EDGE_CURVE('',#648,#649,#122,.T.);
#786=EDGE_CURVE('',#649,#650,#521,.T.);
#787=EDGE_CURVE('',#650,#651,#123,.T.);
#788=EDGE_CURVE('',#651,#648,#522,.T.);
#789=EDGE_CURVE('',#652,#653,#124,.T.);
#790=EDGE_CURVE('',#653,#651,#125,.T.);
#791=EDGE_CURVE('',#650,#652,#126,.T.);
#792=EDGE_CURVE('',#654,#655,#127,.T.);
#793=EDGE_CURVE('',#655,#653,#523,.T.);
#794=EDGE_CURVE('',#652,#654,#524,.T.);
#795=EDGE_CURVE('',#656,#657,#128,.T.);
#796=EDGE_CURVE('',#657,#626,#129,.T.);
#797=EDGE_CURVE('',#625,#656,#130,.T.);
#798=EDGE_CURVE('',#657,#658,#131,.T.);
#799=EDGE_CURVE('',#658,#659,#132,.T.);
#800=EDGE_CURVE('',#659,#626,#133,.T.);
#801=EDGE_CURVE('',#641,#660,#134,.T.);
#802=EDGE_CURVE('',#660,#656,#135,.T.);
#803=EDGE_CURVE('',#658,#649,#525,.T.);
#804=EDGE_CURVE('',#648,#659,#526,.T.);
#805=EDGE_CURVE('',#654,#645,#527,.T.);
#806=EDGE_CURVE('',#644,#655,#528,.T.);
#807=EDGE_CURVE('',#661,#640,#136,.T.);
#808=EDGE_CURVE('',#639,#662,#137,.T.);
#809=EDGE_CURVE('',#662,#661,#529,.T.);
#810=EDGE_CURVE('',#663,#664,#138,.T.);
#811=EDGE_CURVE('',#664,#662,#139,.T.);
#812=EDGE_CURVE('',#595,#663,#140,.T.);
#813=EDGE_CURVE('',#665,#666,#141,.T.);
#814=EDGE_CURVE('',#666,#664,#530,.T.);
#815=EDGE_CURVE('',#663,#665,#531,.T.);
#816=EDGE_CURVE('',#661,#660,#532,.T.);
#817=EDGE_CURVE('',#646,#666,#533,.T.);
#818=EDGE_CURVE('',#665,#647,#534,.T.);
#819=EDGE_CURVE('',#667,#650,#142,.T.);
#820=EDGE_CURVE('',#668,#667,#143,.T.);
#821=EDGE_CURVE('',#652,#668,#144,.T.);
#822=EDGE_CURVE('',#649,#669,#145,.T.);
#823=EDGE_CURVE('',#667,#669,#561,.T.);
#824=EDGE_CURVE('',#670,#661,#146,.T.);
#825=EDGE_CURVE('',#669,#670,#147,.T.);
#826=EDGE_CURVE('',#662,#671,#148,.T.);
#827=EDGE_CURVE('',#670,#671,#562,.T.);
#828=EDGE_CURVE('',#672,#669,#149,.T.);
#829=EDGE_CURVE('',#670,#673,#150,.T.);
#830=EDGE_CURVE('',#673,#672,#151,.T.);
#831=EDGE_CURVE('',#674,#667,#152,.T.);
#832=EDGE_CURVE('',#672,#674,#563,.T.);
#833=EDGE_CURVE('',#675,#668,#153,.T.);
#834=EDGE_CURVE('',#674,#675,#154,.T.);
#835=EDGE_CURVE('',#676,#677,#155,.T.);
#836=EDGE_CURVE('',#677,#668,#564,.T.);
#837=EDGE_CURVE('',#675,#676,#565,.T.);
#838=EDGE_CURVE('',#676,#678,#156,.T.);
#839=EDGE_CURVE('',#678,#679,#157,.T.);
#840=EDGE_CURVE('',#679,#677,#158,.T.);
#841=EDGE_CURVE('',#680,#681,#159,.T.);
#842=EDGE_CURVE('',#681,#679,#566,.T.);
#843=EDGE_CURVE('',#678,#680,#567,.T.);
#844=EDGE_CURVE('',#680,#682,#160,.T.);
#845=EDGE_CURVE('',#682,#671,#161,.T.);
#846=EDGE_CURVE('',#671,#681,#162,.T.);
#847=EDGE_CURVE('',#682,#673,#568,.T.);
#848=EDGE_CURVE('',#666,#679,#163,.T.);
#849=EDGE_CURVE('',#681,#664,#164,.T.);
#850=EDGE_CURVE('',#683,#684,#569,.T.);
#851=EDGE_CURVE('',#683,#685,#165,.T.);
#852=EDGE_CURVE('',#686,#685,#570,.T.);
#853=EDGE_CURVE('',#686,#687,#166,.T.);
#854=EDGE_CURVE('',#688,#687,#571,.T.);
#855=EDGE_CURVE('',#688,#689,#167,.T.);
#856=EDGE_CURVE('',#690,#689,#572,.T.);
#857=EDGE_CURVE('',#690,#691,#168,.T.);
#858=EDGE_CURVE('',#692,#691,#573,.T.);
#859=EDGE_CURVE('',#692,#693,#169,.T.);
#860=EDGE_CURVE('',#694,#693,#574,.T.);
#861=EDGE_CURVE('',#694,#695,#170,.T.);
#862=EDGE_CURVE('',#638,#695,#575,.T.);
#863=EDGE_CURVE('',#696,#637,#576,.T.);
#864=EDGE_CURVE('',#696,#697,#171,.T.);
#865=EDGE_CURVE('',#698,#697,#577,.T.);
#866=EDGE_CURVE('',#698,#699,#172,.T.);
#867=EDGE_CURVE('',#700,#699,#578,.T.);
#868=EDGE_CURVE('',#700,#684,#173,.T.);
#869=EDGE_CURVE('',#701,#701,#579,.T.);
#870=EDGE_CURVE('',#702,#702,#580,.T.);
#871=EDGE_CURVE('',#703,#703,#581,.T.);
#872=EDGE_CURVE('',#704,#704,#582,.T.);
#873=EDGE_CURVE('',#705,#705,#583,.T.);
#874=EDGE_CURVE('',#706,#706,#584,.T.);
#875=EDGE_CURVE('',#707,#707,#585,.T.);
#876=EDGE_CURVE('',#708,#708,#586,.T.);
#877=EDGE_CURVE('',#614,#683,#174,.T.);
#878=EDGE_CURVE('',#684,#615,#175,.T.);
#879=EDGE_CURVE('',#616,#700,#176,.T.);
#880=EDGE_CURVE('',#608,#690,#177,.T.);
#881=EDGE_CURVE('',#689,#609,#178,.T.);
#882=EDGE_CURVE('',#691,#607,#179,.T.);
#883=EDGE_CURVE('',#695,#603,#180,.T.);
#884=EDGE_CURVE('',#604,#694,#181,.T.);
#885=EDGE_CURVE('',#620,#696,#182,.T.);
#886=EDGE_CURVE('',#693,#605,#183,.T.);
#887=EDGE_CURVE('',#606,#692,#184,.T.);
#888=EDGE_CURVE('',#687,#611,#185,.T.);
#889=EDGE_CURVE('',#610,#688,#186,.T.);
#890=EDGE_CURVE('',#612,#686,#187,.T.);
#891=EDGE_CURVE('',#685,#613,#188,.T.);
#892=EDGE_CURVE('',#699,#617,#189,.T.);
#893=EDGE_CURVE('',#618,#698,#190,.T.);
#894=EDGE_CURVE('',#697,#619,#191,.T.);
#895=EDGE_CURVE('',#677,#654,#192,.T.);
#896=EDGE_CURVE('',#701,#636,#193,.T.);
#897=EDGE_CURVE('',#702,#635,#194,.T.);
#898=EDGE_CURVE('',#703,#634,#195,.T.);
#899=EDGE_CURVE('',#704,#633,#196,.T.);
#900=EDGE_CURVE('',#705,#632,#197,.T.);
#901=EDGE_CURVE('',#706,#631,#198,.T.);
#902=EDGE_CURVE('',#707,#630,#199,.T.);
#903=EDGE_CURVE('',#708,#629,#200,.T.);
#904=ORIENTED_EDGE('',*,*,#709,.T.);
#905=ORIENTED_EDGE('',*,*,#710,.T.);
#906=ORIENTED_EDGE('',*,*,#711,.T.);
#907=ORIENTED_EDGE('',*,*,#712,.T.);
#908=ORIENTED_EDGE('',*,*,#713,.T.);
#909=ORIENTED_EDGE('',*,*,#714,.T.);
#910=ORIENTED_EDGE('',*,*,#709,.F.);
#911=ORIENTED_EDGE('',*,*,#715,.T.);
#912=ORIENTED_EDGE('',*,*,#715,.F.);
#913=ORIENTED_EDGE('',*,*,#712,.F.);
#914=ORIENTED_EDGE('',*,*,#716,.F.);
#915=ORIENTED_EDGE('',*,*,#717,.F.);
#916=ORIENTED_EDGE('',*,*,#718,.F.);
#917=ORIENTED_EDGE('',*,*,#719,.F.);
#918=ORIENTED_EDGE('',*,*,#720,.F.);
#919=ORIENTED_EDGE('',*,*,#718,.T.);
#920=ORIENTED_EDGE('',*,*,#721,.T.);
#921=ORIENTED_EDGE('',*,*,#722,.T.);
#922=ORIENTED_EDGE('',*,*,#723,.T.);
#923=ORIENTED_EDGE('',*,*,#724,.T.);
#924=ORIENTED_EDGE('',*,*,#721,.F.);
#925=ORIENTED_EDGE('',*,*,#717,.T.);
#926=ORIENTED_EDGE('',*,*,#724,.F.);
#927=ORIENTED_EDGE('',*,*,#725,.T.);
#928=ORIENTED_EDGE('',*,*,#726,.T.);
#929=ORIENTED_EDGE('',*,*,#727,.T.);
#930=ORIENTED_EDGE('',*,*,#722,.F.);
#931=ORIENTED_EDGE('',*,*,#727,.F.);
#932=ORIENTED_EDGE('',*,*,#728,.F.);
#933=ORIENTED_EDGE('',*,*,#729,.F.);
#934=ORIENTED_EDGE('',*,*,#726,.F.);
#935=ORIENTED_EDGE('',*,*,#730,.T.);
#936=ORIENTED_EDGE('',*,*,#731,.F.);
#937=ORIENTED_EDGE('',*,*,#732,.T.);
#938=ORIENTED_EDGE('',*,*,#733,.F.);
#939=ORIENTED_EDGE('',*,*,#734,.T.);
#940=ORIENTED_EDGE('',*,*,#735,.F.);
#941=ORIENTED_EDGE('',*,*,#736,.T.);
#942=ORIENTED_EDGE('',*,*,#737,.F.);
#943=ORIENTED_EDGE('',*,*,#738,.T.);
#944=ORIENTED_EDGE('',*,*,#739,.F.);
#945=ORIENTED_EDGE('',*,*,#740,.F.);
#946=ORIENTED_EDGE('',*,*,#741,.F.);
#947=ORIENTED_EDGE('',*,*,#742,.F.);
#948=ORIENTED_EDGE('',*,*,#743,.F.);
#949=ORIENTED_EDGE('',*,*,#744,.T.);
#950=ORIENTED_EDGE('',*,*,#745,.F.);
#951=ORIENTED_EDGE('',*,*,#746,.T.);
#952=ORIENTED_EDGE('',*,*,#747,.F.);
#953=ORIENTED_EDGE('',*,*,#748,.T.);
#954=ORIENTED_EDGE('',*,*,#749,.F.);
#955=ORIENTED_EDGE('',*,*,#750,.T.);
#956=ORIENTED_EDGE('',*,*,#751,.F.);
#957=ORIENTED_EDGE('',*,*,#752,.T.);
#958=ORIENTED_EDGE('',*,*,#753,.T.);
#959=ORIENTED_EDGE('',*,*,#754,.F.);
#960=ORIENTED_EDGE('',*,*,#755,.T.);
#961=ORIENTED_EDGE('',*,*,#756,.F.);
#962=ORIENTED_EDGE('',*,*,#757,.T.);
#963=ORIENTED_EDGE('',*,*,#728,.T.);
#964=ORIENTED_EDGE('',*,*,#758,.T.);
#965=ORIENTED_EDGE('',*,*,#759,.T.);
#966=ORIENTED_EDGE('',*,*,#760,.T.);
#967=ORIENTED_EDGE('',*,*,#761,.T.);
#968=ORIENTED_EDGE('',*,*,#762,.T.);
#969=ORIENTED_EDGE('',*,*,#763,.T.);
#970=ORIENTED_EDGE('',*,*,#764,.T.);
#971=ORIENTED_EDGE('',*,*,#765,.T.);
#972=ORIENTED_EDGE('',*,*,#710,.F.);
#973=ORIENTED_EDGE('',*,*,#766,.T.);
#974=ORIENTED_EDGE('',*,*,#751,.T.);
#975=ORIENTED_EDGE('',*,*,#767,.T.);
#976=ORIENTED_EDGE('',*,*,#714,.F.);
#977=ORIENTED_EDGE('',*,*,#768,.F.);
#978=ORIENTED_EDGE('',*,*,#752,.F.);
#979=ORIENTED_EDGE('',*,*,#766,.F.);
#980=ORIENTED_EDGE('',*,*,#716,.T.);
#981=ORIENTED_EDGE('',*,*,#711,.F.);
#982=ORIENTED_EDGE('',*,*,#767,.F.);
#983=ORIENTED_EDGE('',*,*,#750,.F.);
#984=ORIENTED_EDGE('',*,*,#769,.F.);
#985=ORIENTED_EDGE('',*,*,#770,.F.);
#986=ORIENTED_EDGE('',*,*,#771,.F.);
#987=ORIENTED_EDGE('',*,*,#730,.F.);
#988=ORIENTED_EDGE('',*,*,#725,.F.);
#989=ORIENTED_EDGE('',*,*,#723,.F.);
#990=ORIENTED_EDGE('',*,*,#768,.T.);
#991=ORIENTED_EDGE('',*,*,#713,.F.);
#992=ORIENTED_EDGE('',*,*,#772,.F.);
#993=ORIENTED_EDGE('',*,*,#773,.F.);
#994=ORIENTED_EDGE('',*,*,#774,.F.);
#995=ORIENTED_EDGE('',*,*,#775,.F.);
#996=ORIENTED_EDGE('',*,*,#753,.F.);
#997=ORIENTED_EDGE('',*,*,#756,.T.);
#998=ORIENTED_EDGE('',*,*,#776,.T.);
#999=ORIENTED_EDGE('',*,*,#777,.T.);
#1000=ORIENTED_EDGE('',*,*,#778,.T.);
#1001=ORIENTED_EDGE('',*,*,#779,.T.);
#1002=ORIENTED_EDGE('',*,*,#780,.T.);
#1003=ORIENTED_EDGE('',*,*,#781,.T.);
#1004=ORIENTED_EDGE('',*,*,#776,.F.);
#1005=ORIENTED_EDGE('',*,*,#782,.T.);
#1006=ORIENTED_EDGE('',*,*,#783,.T.);
#1007=ORIENTED_EDGE('',*,*,#784,.T.);
#1008=ORIENTED_EDGE('',*,*,#778,.F.);
#1009=ORIENTED_EDGE('',*,*,#785,.T.);
#1010=ORIENTED_EDGE('',*,*,#786,.T.);
#1011=ORIENTED_EDGE('',*,*,#787,.T.);
#1012=ORIENTED_EDGE('',*,*,#788,.T.);
#1013=ORIENTED_EDGE('',*,*,#789,.T.);
#1014=ORIENTED_EDGE('',*,*,#790,.T.);
#1015=ORIENTED_EDGE('',*,*,#787,.F.);
#1016=ORIENTED_EDGE('',*,*,#791,.T.);
#1017=ORIENTED_EDGE('',*,*,#792,.T.);
#1018=ORIENTED_EDGE('',*,*,#793,.T.);
#1019=ORIENTED_EDGE('',*,*,#789,.F.);
#1020=ORIENTED_EDGE('',*,*,#794,.T.);
#1021=ORIENTED_EDGE('',*,*,#795,.T.);
#1022=ORIENTED_EDGE('',*,*,#796,.T.);
#1023=ORIENTED_EDGE('',*,*,#754,.T.);
#1024=ORIENTED_EDGE('',*,*,#797,.T.);
#1025=ORIENTED_EDGE('',*,*,#798,.T.);
#1026=ORIENTED_EDGE('',*,*,#799,.T.);
#1027=ORIENTED_EDGE('',*,*,#800,.T.);
#1028=ORIENTED_EDGE('',*,*,#796,.F.);
#1029=ORIENTED_EDGE('',*,*,#775,.T.);
#1030=ORIENTED_EDGE('',*,*,#801,.T.);
#1031=ORIENTED_EDGE('',*,*,#802,.T.);
#1032=ORIENTED_EDGE('',*,*,#797,.F.);
#1033=ORIENTED_EDGE('',*,*,#799,.F.);
#1034=ORIENTED_EDGE('',*,*,#803,.T.);
#1035=ORIENTED_EDGE('',*,*,#785,.F.);
#1036=ORIENTED_EDGE('',*,*,#804,.T.);
#1037=ORIENTED_EDGE('',*,*,#792,.F.);
#1038=ORIENTED_EDGE('',*,*,#805,.T.);
#1039=ORIENTED_EDGE('',*,*,#780,.F.);
#1040=ORIENTED_EDGE('',*,*,#806,.T.);
#1041=ORIENTED_EDGE('',*,*,#807,.T.);
#1042=ORIENTED_EDGE('',*,*,#773,.T.);
#1043=ORIENTED_EDGE('',*,*,#808,.T.);
#1044=ORIENTED_EDGE('',*,*,#809,.T.);
#1045=ORIENTED_EDGE('',*,*,#810,.T.);
#1046=ORIENTED_EDGE('',*,*,#811,.T.);
#1047=ORIENTED_EDGE('',*,*,#808,.F.);
#1048=ORIENTED_EDGE('',*,*,#772,.T.);
#1049=ORIENTED_EDGE('',*,*,#719,.T.);
#1050=ORIENTED_EDGE('',*,*,#812,.T.);
#1051=ORIENTED_EDGE('',*,*,#813,.T.);
#1052=ORIENTED_EDGE('',*,*,#814,.T.);
#1053=ORIENTED_EDGE('',*,*,#810,.F.);
#1054=ORIENTED_EDGE('',*,*,#815,.T.);
#1055=ORIENTED_EDGE('',*,*,#807,.F.);
#1056=ORIENTED_EDGE('',*,*,#816,.T.);
#1057=ORIENTED_EDGE('',*,*,#801,.F.);
#1058=ORIENTED_EDGE('',*,*,#774,.T.);
#1059=ORIENTED_EDGE('',*,*,#783,.F.);
#1060=ORIENTED_EDGE('',*,*,#817,.T.);
#1061=ORIENTED_EDGE('',*,*,#813,.F.);
#1062=ORIENTED_EDGE('',*,*,#818,.T.);
#1063=ORIENTED_EDGE('',*,*,#791,.F.);
#1064=ORIENTED_EDGE('',*,*,#819,.F.);
#1065=ORIENTED_EDGE('',*,*,#820,.F.);
#1066=ORIENTED_EDGE('',*,*,#821,.F.);
#1067=ORIENTED_EDGE('',*,*,#786,.F.);
#1068=ORIENTED_EDGE('',*,*,#822,.T.);
#1069=ORIENTED_EDGE('',*,*,#823,.F.);
#1070=ORIENTED_EDGE('',*,*,#819,.T.);
#1071=ORIENTED_EDGE('',*,*,#803,.F.);
#1072=ORIENTED_EDGE('',*,*,#798,.F.);
#1073=ORIENTED_EDGE('',*,*,#795,.F.);
#1074=ORIENTED_EDGE('',*,*,#802,.F.);
#1075=ORIENTED_EDGE('',*,*,#816,.F.);
#1076=ORIENTED_EDGE('',*,*,#824,.F.);
#1077=ORIENTED_EDGE('',*,*,#825,.F.);
#1078=ORIENTED_EDGE('',*,*,#822,.F.);
#1079=ORIENTED_EDGE('',*,*,#809,.F.);
#1080=ORIENTED_EDGE('',*,*,#826,.T.);
#1081=ORIENTED_EDGE('',*,*,#827,.F.);
#1082=ORIENTED_EDGE('',*,*,#824,.T.);
#1083=ORIENTED_EDGE('',*,*,#729,.T.);
#1084=ORIENTED_EDGE('',*,*,#757,.F.);
#1085=ORIENTED_EDGE('',*,*,#784,.F.);
#1086=ORIENTED_EDGE('',*,*,#818,.F.);
#1087=ORIENTED_EDGE('',*,*,#815,.F.);
#1088=ORIENTED_EDGE('',*,*,#812,.F.);
#1089=ORIENTED_EDGE('',*,*,#720,.T.);
#1090=ORIENTED_EDGE('',*,*,#828,.T.);
#1091=ORIENTED_EDGE('',*,*,#825,.T.);
#1092=ORIENTED_EDGE('',*,*,#829,.T.);
#1093=ORIENTED_EDGE('',*,*,#830,.T.);
#1094=ORIENTED_EDGE('',*,*,#831,.T.);
#1095=ORIENTED_EDGE('',*,*,#823,.T.);
#1096=ORIENTED_EDGE('',*,*,#828,.F.);
#1097=ORIENTED_EDGE('',*,*,#832,.T.);
#1098=ORIENTED_EDGE('',*,*,#833,.T.);
#1099=ORIENTED_EDGE('',*,*,#820,.T.);
#1100=ORIENTED_EDGE('',*,*,#831,.F.);
#1101=ORIENTED_EDGE('',*,*,#834,.T.);
#1102=ORIENTED_EDGE('',*,*,#835,.T.);
#1103=ORIENTED_EDGE('',*,*,#836,.T.);
#1104=ORIENTED_EDGE('',*,*,#833,.F.);
#1105=ORIENTED_EDGE('',*,*,#837,.T.);
#1106=ORIENTED_EDGE('',*,*,#835,.F.);
#1107=ORIENTED_EDGE('',*,*,#838,.T.);
#1108=ORIENTED_EDGE('',*,*,#839,.T.);
#1109=ORIENTED_EDGE('',*,*,#840,.T.);
#1110=ORIENTED_EDGE('',*,*,#841,.T.);
#1111=ORIENTED_EDGE('',*,*,#842,.T.);
#1112=ORIENTED_EDGE('',*,*,#839,.F.);
#1113=ORIENTED_EDGE('',*,*,#843,.T.);
#1114=ORIENTED_EDGE('',*,*,#841,.F.);
#1115=ORIENTED_EDGE('',*,*,#844,.T.);
#1116=ORIENTED_EDGE('',*,*,#845,.T.);
#1117=ORIENTED_EDGE('',*,*,#846,.T.);
#1118=ORIENTED_EDGE('',*,*,#829,.F.);
#1119=ORIENTED_EDGE('',*,*,#827,.T.);
#1120=ORIENTED_EDGE('',*,*,#845,.F.);
#1121=ORIENTED_EDGE('',*,*,#847,.T.);
#1122=ORIENTED_EDGE('',*,*,#814,.F.);
#1123=ORIENTED_EDGE('',*,*,#848,.T.);
#1124=ORIENTED_EDGE('',*,*,#842,.F.);
#1125=ORIENTED_EDGE('',*,*,#849,.T.);
#1126=ORIENTED_EDGE('',*,*,#811,.F.);
#1127=ORIENTED_EDGE('',*,*,#849,.F.);
#1128=ORIENTED_EDGE('',*,*,#846,.F.);
#1129=ORIENTED_EDGE('',*,*,#826,.F.);
#1130=ORIENTED_EDGE('',*,*,#830,.F.);
#1131=ORIENTED_EDGE('',*,*,#847,.F.);
#1132=ORIENTED_EDGE('',*,*,#844,.F.);
#1133=ORIENTED_EDGE('',*,*,#843,.F.);
#1134=ORIENTED_EDGE('',*,*,#838,.F.);
#1135=ORIENTED_EDGE('',*,*,#837,.F.);
#1136=ORIENTED_EDGE('',*,*,#834,.F.);
#1137=ORIENTED_EDGE('',*,*,#832,.F.);
#1138=ORIENTED_EDGE('',*,*,#850,.F.);
#1139=ORIENTED_EDGE('',*,*,#851,.T.);
#1140=ORIENTED_EDGE('',*,*,#852,.F.);
#1141=ORIENTED_EDGE('',*,*,#853,.T.);
#1142=ORIENTED_EDGE('',*,*,#854,.F.);
#1143=ORIENTED_EDGE('',*,*,#855,.T.);
#1144=ORIENTED_EDGE('',*,*,#856,.F.);
#1145=ORIENTED_EDGE('',*,*,#857,.T.);
#1146=ORIENTED_EDGE('',*,*,#858,.F.);
#1147=ORIENTED_EDGE('',*,*,#859,.T.);
#1148=ORIENTED_EDGE('',*,*,#860,.F.);
#1149=ORIENTED_EDGE('',*,*,#861,.T.);
#1150=ORIENTED_EDGE('',*,*,#862,.F.);
#1151=ORIENTED_EDGE('',*,*,#770,.T.);
#1152=ORIENTED_EDGE('',*,*,#863,.F.);
#1153=ORIENTED_EDGE('',*,*,#864,.T.);
#1154=ORIENTED_EDGE('',*,*,#865,.F.);
#1155=ORIENTED_EDGE('',*,*,#866,.T.);
#1156=ORIENTED_EDGE('',*,*,#867,.F.);
#1157=ORIENTED_EDGE('',*,*,#868,.T.);
#1158=ORIENTED_EDGE('',*,*,#869,.T.);
#1159=ORIENTED_EDGE('',*,*,#870,.T.);
#1160=ORIENTED_EDGE('',*,*,#871,.T.);
#1161=ORIENTED_EDGE('',*,*,#872,.T.);
#1162=ORIENTED_EDGE('',*,*,#873,.T.);
#1163=ORIENTED_EDGE('',*,*,#874,.T.);
#1164=ORIENTED_EDGE('',*,*,#875,.T.);
#1165=ORIENTED_EDGE('',*,*,#876,.T.);
#1166=ORIENTED_EDGE('',*,*,#743,.T.);
#1167=ORIENTED_EDGE('',*,*,#877,.T.);
#1168=ORIENTED_EDGE('',*,*,#850,.T.);
#1169=ORIENTED_EDGE('',*,*,#878,.T.);
#1170=ORIENTED_EDGE('',*,*,#878,.F.);
#1171=ORIENTED_EDGE('',*,*,#868,.F.);
#1172=ORIENTED_EDGE('',*,*,#879,.F.);
#1173=ORIENTED_EDGE('',*,*,#744,.F.);
#1174=ORIENTED_EDGE('',*,*,#737,.T.);
#1175=ORIENTED_EDGE('',*,*,#880,.T.);
#1176=ORIENTED_EDGE('',*,*,#856,.T.);
#1177=ORIENTED_EDGE('',*,*,#881,.T.);
#1178=ORIENTED_EDGE('',*,*,#880,.F.);
#1179=ORIENTED_EDGE('',*,*,#736,.F.);
#1180=ORIENTED_EDGE('',*,*,#882,.F.);
#1181=ORIENTED_EDGE('',*,*,#857,.F.);
#1182=ORIENTED_EDGE('',*,*,#862,.T.);
#1183=ORIENTED_EDGE('',*,*,#883,.T.);
#1184=ORIENTED_EDGE('',*,*,#731,.T.);
#1185=ORIENTED_EDGE('',*,*,#771,.T.);
#1186=ORIENTED_EDGE('',*,*,#883,.F.);
#1187=ORIENTED_EDGE('',*,*,#861,.F.);
#1188=ORIENTED_EDGE('',*,*,#884,.F.);
#1189=ORIENTED_EDGE('',*,*,#732,.F.);
#1190=ORIENTED_EDGE('',*,*,#863,.T.);
#1191=ORIENTED_EDGE('',*,*,#769,.T.);
#1192=ORIENTED_EDGE('',*,*,#749,.T.);
#1193=ORIENTED_EDGE('',*,*,#885,.T.);
#1194=ORIENTED_EDGE('',*,*,#860,.T.);
#1195=ORIENTED_EDGE('',*,*,#886,.T.);
#1196=ORIENTED_EDGE('',*,*,#733,.T.);
#1197=ORIENTED_EDGE('',*,*,#884,.T.);
#1198=ORIENTED_EDGE('',*,*,#886,.F.);
#1199=ORIENTED_EDGE('',*,*,#859,.F.);
#1200=ORIENTED_EDGE('',*,*,#887,.F.);
#1201=ORIENTED_EDGE('',*,*,#734,.F.);
#1202=ORIENTED_EDGE('',*,*,#858,.T.);
#1203=ORIENTED_EDGE('',*,*,#882,.T.);
#1204=ORIENTED_EDGE('',*,*,#735,.T.);
#1205=ORIENTED_EDGE('',*,*,#887,.T.);
#1206=ORIENTED_EDGE('',*,*,#854,.T.);
#1207=ORIENTED_EDGE('',*,*,#888,.T.);
#1208=ORIENTED_EDGE('',*,*,#739,.T.);
#1209=ORIENTED_EDGE('',*,*,#889,.T.);
#1210=ORIENTED_EDGE('',*,*,#888,.F.);
#1211=ORIENTED_EDGE('',*,*,#853,.F.);
#1212=ORIENTED_EDGE('',*,*,#890,.F.);
#1213=ORIENTED_EDGE('',*,*,#740,.T.);
#1214=ORIENTED_EDGE('',*,*,#852,.T.);
#1215=ORIENTED_EDGE('',*,*,#891,.T.);
#1216=ORIENTED_EDGE('',*,*,#741,.T.);
#1217=ORIENTED_EDGE('',*,*,#890,.T.);
#1218=ORIENTED_EDGE('',*,*,#877,.F.);
#1219=ORIENTED_EDGE('',*,*,#742,.T.);
#1220=ORIENTED_EDGE('',*,*,#891,.F.);
#1221=ORIENTED_EDGE('',*,*,#851,.F.);
#1222=ORIENTED_EDGE('',*,*,#867,.T.);
#1223=ORIENTED_EDGE('',*,*,#892,.T.);
#1224=ORIENTED_EDGE('',*,*,#745,.T.);
#1225=ORIENTED_EDGE('',*,*,#879,.T.);
#1226=ORIENTED_EDGE('',*,*,#892,.F.);
#1227=ORIENTED_EDGE('',*,*,#866,.F.);
#1228=ORIENTED_EDGE('',*,*,#893,.F.);
#1229=ORIENTED_EDGE('',*,*,#746,.F.);
#1230=ORIENTED_EDGE('',*,*,#865,.T.);
#1231=ORIENTED_EDGE('',*,*,#894,.T.);
#1232=ORIENTED_EDGE('',*,*,#747,.T.);
#1233=ORIENTED_EDGE('',*,*,#893,.T.);
#1234=ORIENTED_EDGE('',*,*,#885,.F.);
#1235=ORIENTED_EDGE('',*,*,#748,.F.);
#1236=ORIENTED_EDGE('',*,*,#894,.F.);
#1237=ORIENTED_EDGE('',*,*,#864,.F.);
#1238=ORIENTED_EDGE('',*,*,#805,.F.);
#1239=ORIENTED_EDGE('',*,*,#895,.F.);
#1240=ORIENTED_EDGE('',*,*,#840,.F.);
#1241=ORIENTED_EDGE('',*,*,#848,.F.);
#1242=ORIENTED_EDGE('',*,*,#817,.F.);
#1243=ORIENTED_EDGE('',*,*,#782,.F.);
#1244=ORIENTED_EDGE('',*,*,#777,.F.);
#1245=ORIENTED_EDGE('',*,*,#781,.F.);
#1246=ORIENTED_EDGE('',*,*,#794,.F.);
#1247=ORIENTED_EDGE('',*,*,#821,.T.);
#1248=ORIENTED_EDGE('',*,*,#836,.F.);
#1249=ORIENTED_EDGE('',*,*,#895,.T.);
#1250=ORIENTED_EDGE('',*,*,#881,.F.);
#1251=ORIENTED_EDGE('',*,*,#855,.F.);
#1252=ORIENTED_EDGE('',*,*,#889,.F.);
#1253=ORIENTED_EDGE('',*,*,#738,.F.);
#1254=ORIENTED_EDGE('',*,*,#779,.F.);
#1255=ORIENTED_EDGE('',*,*,#755,.F.);
#1256=ORIENTED_EDGE('',*,*,#800,.F.);
#1257=ORIENTED_EDGE('',*,*,#804,.F.);
#1258=ORIENTED_EDGE('',*,*,#788,.F.);
#1259=ORIENTED_EDGE('',*,*,#790,.F.);
#1260=ORIENTED_EDGE('',*,*,#793,.F.);
#1261=ORIENTED_EDGE('',*,*,#806,.F.);
#1262=ORIENTED_EDGE('',*,*,#869,.F.);
#1263=ORIENTED_EDGE('',*,*,#896,.T.);
#1264=ORIENTED_EDGE('',*,*,#765,.F.);
#1265=ORIENTED_EDGE('',*,*,#896,.F.);
#1266=ORIENTED_EDGE('',*,*,#870,.F.);
#1267=ORIENTED_EDGE('',*,*,#897,.T.);
#1268=ORIENTED_EDGE('',*,*,#764,.F.);
#1269=ORIENTED_EDGE('',*,*,#897,.F.);
#1270=ORIENTED_EDGE('',*,*,#871,.F.);
#1271=ORIENTED_EDGE('',*,*,#898,.T.);
#1272=ORIENTED_EDGE('',*,*,#763,.F.);
#1273=ORIENTED_EDGE('',*,*,#898,.F.);
#1274=ORIENTED_EDGE('',*,*,#872,.F.);
#1275=ORIENTED_EDGE('',*,*,#899,.T.);
#1276=ORIENTED_EDGE('',*,*,#762,.F.);
#1277=ORIENTED_EDGE('',*,*,#899,.F.);
#1278=ORIENTED_EDGE('',*,*,#873,.F.);
#1279=ORIENTED_EDGE('',*,*,#900,.T.);
#1280=ORIENTED_EDGE('',*,*,#761,.F.);
#1281=ORIENTED_EDGE('',*,*,#900,.F.);
#1282=ORIENTED_EDGE('',*,*,#874,.F.);
#1283=ORIENTED_EDGE('',*,*,#901,.T.);
#1284=ORIENTED_EDGE('',*,*,#760,.F.);
#1285=ORIENTED_EDGE('',*,*,#901,.F.);
#1286=ORIENTED_EDGE('',*,*,#875,.F.);
#1287=ORIENTED_EDGE('',*,*,#902,.T.);
#1288=ORIENTED_EDGE('',*,*,#759,.F.);
#1289=ORIENTED_EDGE('',*,*,#902,.F.);
#1290=ORIENTED_EDGE('',*,*,#876,.F.);
#1291=ORIENTED_EDGE('',*,*,#903,.T.);
#1292=ORIENTED_EDGE('',*,*,#758,.F.);
#1293=ORIENTED_EDGE('',*,*,#903,.F.);
#1294=TOROIDAL_SURFACE('',#1372,5.,2.);
#1295=TOROIDAL_SURFACE('',#1383,5.,2.);
#1296=ADVANCED_FACE('',(#352),#1294,.F.);
#1297=ADVANCED_FACE('',(#353),#326,.F.);
#1298=ADVANCED_FACE('',(#354),#44,.F.);
#1299=ADVANCED_FACE('',(#355),#327,.F.);
#1300=ADVANCED_FACE('',(#356),#1295,.F.);
#1301=ADVANCED_FACE('',(#357),#328,.T.);
#1302=ADVANCED_FACE('',(#358),#45,.F.);
#1303=ADVANCED_FACE('',(#359,#27,#28,#29,#30,#31,#32,#33,#34),#46,.F.);
#1304=ADVANCED_FACE('',(#360),#329,.T.);
#1305=ADVANCED_FACE('',(#361),#47,.F.);
#1306=ADVANCED_FACE('',(#362),#48,.T.);
#1307=ADVANCED_FACE('',(#363),#49,.T.);
#1308=ADVANCED_FACE('',(#364),#50,.T.);
#1309=ADVANCED_FACE('',(#365),#51,.T.);
#1310=ADVANCED_FACE('',(#366),#52,.T.);
#1311=ADVANCED_FACE('',(#367),#19,.T.);
#1312=ADVANCED_FACE('',(#368),#53,.T.);
#1313=ADVANCED_FACE('',(#369),#20,.T.);
#1314=ADVANCED_FACE('',(#370),#54,.T.);
#1315=ADVANCED_FACE('',(#371),#55,.T.);
#1316=ADVANCED_FACE('',(#372),#56,.T.);
#1317=ADVANCED_FACE('',(#373),#21,.T.);
#1318=ADVANCED_FACE('',(#374),#22,.T.);
#1319=ADVANCED_FACE('',(#375),#23,.T.);
#1320=ADVANCED_FACE('',(#376),#57,.T.);
#1321=ADVANCED_FACE('',(#377),#24,.T.);
#1322=ADVANCED_FACE('',(#378),#25,.T.);
#1323=ADVANCED_FACE('',(#379),#26,.T.);
#1324=ADVANCED_FACE('',(#380),#58,.T.);
#1325=ADVANCED_FACE('',(#381),#330,.T.);
#1326=ADVANCED_FACE('',(#382),#59,.T.);
#1327=ADVANCED_FACE('',(#383),#331,.T.);
#1328=ADVANCED_FACE('',(#384),#60,.T.);
#1329=ADVANCED_FACE('',(#385),#61,.T.);
#1330=ADVANCED_FACE('',(#386),#15,.T.);
#1331=ADVANCED_FACE('',(#387),#62,.T.);
#1332=ADVANCED_FACE('',(#388),#16,.T.);
#1333=ADVANCED_FACE('',(#389),#63,.T.);
#1334=ADVANCED_FACE('',(#390),#17,.T.);
#1335=ADVANCED_FACE('',(#391),#64,.T.);
#1336=ADVANCED_FACE('',(#392),#18,.T.);
#1337=ADVANCED_FACE('',(#393),#332,.T.);
#1338=ADVANCED_FACE('',(#394),#65,.T.);
#1339=ADVANCED_FACE('',(#395,#35,#36,#37,#38,#39,#40,#41,#42,#43),#66,.T.);
#1340=ADVANCED_FACE('',(#396),#333,.T.);
#1341=ADVANCED_FACE('',(#397),#67,.T.);
#1342=ADVANCED_FACE('',(#398),#334,.T.);
#1343=ADVANCED_FACE('',(#399),#68,.T.);
#1344=ADVANCED_FACE('',(#400),#335,.F.);
#1345=ADVANCED_FACE('',(#401),#69,.T.);
#1346=ADVANCED_FACE('',(#402),#336,.F.);
#1347=ADVANCED_FACE('',(#403),#337,.F.);
#1348=ADVANCED_FACE('',(#404),#70,.T.);
#1349=ADVANCED_FACE('',(#405),#338,.F.);
#1350=ADVANCED_FACE('',(#406),#339,.F.);
#1351=ADVANCED_FACE('',(#407),#71,.T.);
#1352=ADVANCED_FACE('',(#408),#340,.F.);
#1353=ADVANCED_FACE('',(#409),#72,.T.);
#1354=ADVANCED_FACE('',(#410),#341,.F.);
#1355=ADVANCED_FACE('',(#411),#73,.T.);
#1356=ADVANCED_FACE('',(#412),#342,.F.);
#1357=ADVANCED_FACE('',(#413),#74,.T.);
#1358=ADVANCED_FACE('',(#414),#75,.T.);
#1359=ADVANCED_FACE('',(#415),#343,.T.);
#1360=ADVANCED_FACE('',(#416),#76,.T.);
#1361=ADVANCED_FACE('',(#417),#77,.T.);
#1362=ADVANCED_FACE('',(#418),#344,.F.);
#1363=ADVANCED_FACE('',(#419),#345,.F.);
#1364=ADVANCED_FACE('',(#420),#346,.F.);
#1365=ADVANCED_FACE('',(#421),#347,.F.);
#1366=ADVANCED_FACE('',(#422),#348,.F.);
#1367=ADVANCED_FACE('',(#423),#349,.F.);
#1368=ADVANCED_FACE('',(#424),#350,.F.);
#1369=ADVANCED_FACE('',(#425),#351,.F.);
#1370=CLOSED_SHELL('',(#1296,#1297,#1298,#1299,#1300,#1301,#1302,#1303,
#1304,#1305,#1306,#1307,#1308,#1309,#1310,#1311,#1312,#1313,#1314,#1315,
#1316,#1317,#1318,#1319,#1320,#1321,#1322,#1323,#1324,#1325,#1326,#1327,
#1328,#1329,#1330,#1331,#1332,#1333,#1334,#1335,#1336,#1337,#1338,#1339,
#1340,#1341,#1342,#1343,#1344,#1345,#1346,#1347,#1348,#1349,#1350,#1351,
#1352,#1353,#1354,#1355,#1356,#1357,#1358,#1359,#1360,#1361,#1362,#1363,
#1364,#1365,#1366,#1367,#1368,#1369));
#1371=AXIS2_PLACEMENT_3D('',#1857,#1492,#1493);
#1372=AXIS2_PLACEMENT_3D('',#1858,#1494,#1495);
#1373=AXIS2_PLACEMENT_3D('',#1861,#1496,#1497);
#1374=AXIS2_PLACEMENT_3D('',#1863,#1498,#1499);
#1375=AXIS2_PLACEMENT_3D('',#1875,#1500,#1501);
#1376=AXIS2_PLACEMENT_3D('',#1876,#1502,#1503);
#1377=AXIS2_PLACEMENT_3D('',#1879,#1504,#1505);
#1378=AXIS2_PLACEMENT_3D('',#1882,#1508,#1509);
#1379=AXIS2_PLACEMENT_3D('',#1886,#1511,#1512);
#1380=AXIS2_PLACEMENT_3D('',#1890,#1515,#1516);
#1381=AXIS2_PLACEMENT_3D('',#1892,#1517,#1518);
#1382=AXIS2_PLACEMENT_3D('',#1894,#1519,#1520);
#1383=AXIS2_PLACEMENT_3D('',#1896,#1522,#1523);
#1384=AXIS2_PLACEMENT_3D('',#1908,#1524,#1525);
#1385=AXIS2_PLACEMENT_3D('',#1909,#1526,#1527);
#1386=AXIS2_PLACEMENT_3D('',#1913,#1529,#1530);
#1387=AXIS2_PLACEMENT_3D('',#1915,#1532,#1533);
#1388=AXIS2_PLACEMENT_3D('',#1919,#1536,#1537);
#1389=AXIS2_PLACEMENT_3D('',#1923,#1539,#1540);
#1390=AXIS2_PLACEMENT_3D('',#1927,#1542,#1543);
#1391=AXIS2_PLACEMENT_3D('',#1931,#1545,#1546);
#1392=AXIS2_PLACEMENT_3D('',#1935,#1548,#1549);
#1393=AXIS2_PLACEMENT_3D('',#1939,#1551,#1552);
#1394=AXIS2_PLACEMENT_3D('',#1943,#1554,#1555);
#1395=AXIS2_PLACEMENT_3D('',#1947,#1557,#1558);
#1396=AXIS2_PLACEMENT_3D('',#1951,#1560,#1561);
#1397=AXIS2_PLACEMENT_3D('',#1955,#1563,#1564);
#1398=AXIS2_PLACEMENT_3D('',#1959,#1566,#1567);
#1399=AXIS2_PLACEMENT_3D('',#1963,#1569,#1570);
#1400=AXIS2_PLACEMENT_3D('',#1976,#1577,#1578);
#1401=AXIS2_PLACEMENT_3D('',#1978,#1579,#1580);
#1402=AXIS2_PLACEMENT_3D('',#1980,#1581,#1582);
#1403=AXIS2_PLACEMENT_3D('',#1982,#1583,#1584);
#1404=AXIS2_PLACEMENT_3D('',#1984,#1585,#1586);
#1405=AXIS2_PLACEMENT_3D('',#1986,#1587,#1588);
#1406=AXIS2_PLACEMENT_3D('',#1988,#1589,#1590);
#1407=AXIS2_PLACEMENT_3D('',#1990,#1591,#1592);
#1408=AXIS2_PLACEMENT_3D('',#1991,#1593,#1594);
#1409=AXIS2_PLACEMENT_3D('',#1994,#1597,#1598);
#1410=AXIS2_PLACEMENT_3D('',#1996,#1600,#1601);
#1411=AXIS2_PLACEMENT_3D('',#2002,#1605,#1606);
#1412=AXIS2_PLACEMENT_3D('',#2017,#1609,#1610);
#1413=AXIS2_PLACEMENT_3D('',#2023,#1614,#1615);
#1414=AXIS2_PLACEMENT_3D('',#2029,#1619,#1620);
#1415=AXIS2_PLACEMENT_3D('',#2071,#1626,#1627);
#1416=AXIS2_PLACEMENT_3D('',#2110,#1632,#1633);
#1417=AXIS2_PLACEMENT_3D('',#2116,#1637,#1638);
#1418=AXIS2_PLACEMENT_3D('',#2122,#1642,#1643);
#1419=AXIS2_PLACEMENT_3D('',#2203,#1648,#1649);
#1420=AXIS2_PLACEMENT_3D('',#2286,#1654,#1655);
#1421=AXIS2_PLACEMENT_3D('',#2292,#1659,#1660);
#1422=AXIS2_PLACEMENT_3D('',#2295,#1662,#1663);
#1423=AXIS2_PLACEMENT_3D('',#2296,#1664,#1665);
#1424=AXIS2_PLACEMENT_3D('',#2300,#1668,#1669);
#1425=AXIS2_PLACEMENT_3D('',#2303,#1671,#1672);
#1426=AXIS2_PLACEMENT_3D('',#2304,#1673,#1674);
#1427=AXIS2_PLACEMENT_3D('',#2305,#1675,#1676);
#1428=AXIS2_PLACEMENT_3D('',#2311,#1680,#1681);
#1429=AXIS2_PLACEMENT_3D('',#2314,#1683,#1684);
#1430=AXIS2_PLACEMENT_3D('',#2315,#1685,#1686);
#1431=AXIS2_PLACEMENT_3D('',#2319,#1689,#1690);
#1432=AXIS2_PLACEMENT_3D('',#2323,#1692,#1693);
#1433=AXIS2_PLACEMENT_3D('',#2324,#1694,#1695);
#1434=AXIS2_PLACEMENT_3D('',#2325,#1696,#1697);
#1435=AXIS2_PLACEMENT_3D('',#2331,#1701,#1702);
#1436=AXIS2_PLACEMENT_3D('',#2335,#1704,#1705);
#1437=AXIS2_PLACEMENT_3D('',#2336,#1706,#1707);
#1438=AXIS2_PLACEMENT_3D('',#2337,#1708,#1709);
#1439=AXIS2_PLACEMENT_3D('',#2342,#1713,#1714);
#1440=AXIS2_PLACEMENT_3D('',#2343,#1715,#1716);
#1441=AXIS2_PLACEMENT_3D('',#2344,#1717,#1718);
#1442=AXIS2_PLACEMENT_3D('',#2347,#1721,#1722);
#1443=AXIS2_PLACEMENT_3D('',#2348,#1723,#1724);
#1444=AXIS2_PLACEMENT_3D('',#2351,#1725,#1726);
#1445=AXIS2_PLACEMENT_3D('',#2355,#1728,#1729);
#1446=AXIS2_PLACEMENT_3D('',#2359,#1731,#1732);
#1447=AXIS2_PLACEMENT_3D('',#2363,#1734,#1735);
#1448=AXIS2_PLACEMENT_3D('',#2367,#1737,#1738);
#1449=AXIS2_PLACEMENT_3D('',#2371,#1740,#1741);
#1450=AXIS2_PLACEMENT_3D('',#2374,#1743,#1744);
#1451=AXIS2_PLACEMENT_3D('',#2376,#1745,#1746);
#1452=AXIS2_PLACEMENT_3D('',#2380,#1748,#1749);
#1453=AXIS2_PLACEMENT_3D('',#2384,#1751,#1752);
#1454=AXIS2_PLACEMENT_3D('',#2387,#1754,#1755);
#1455=AXIS2_PLACEMENT_3D('',#2389,#1756,#1757);
#1456=AXIS2_PLACEMENT_3D('',#2391,#1758,#1759);
#1457=AXIS2_PLACEMENT_3D('',#2393,#1760,#1761);
#1458=AXIS2_PLACEMENT_3D('',#2395,#1762,#1763);
#1459=AXIS2_PLACEMENT_3D('',#2397,#1764,#1765);
#1460=AXIS2_PLACEMENT_3D('',#2399,#1766,#1767);
#1461=AXIS2_PLACEMENT_3D('',#2401,#1768,#1769);
#1462=AXIS2_PLACEMENT_3D('',#2402,#1770,#1771);
#1463=AXIS2_PLACEMENT_3D('',#2405,#1774,#1775);
#1464=AXIS2_PLACEMENT_3D('',#2407,#1777,#1778);
#1465=AXIS2_PLACEMENT_3D('',#2410,#1781,#1782);
#1466=AXIS2_PLACEMENT_3D('',#2412,#1784,#1785);
#1467=AXIS2_PLACEMENT_3D('',#2414,#1787,#1788);
#1468=AXIS2_PLACEMENT_3D('',#2416,#1790,#1791);
#1469=AXIS2_PLACEMENT_3D('',#2418,#1793,#1794);
#1470=AXIS2_PLACEMENT_3D('',#2420,#1796,#1797);
#1471=AXIS2_PLACEMENT_3D('',#2422,#1799,#1800);
#1472=AXIS2_PLACEMENT_3D('',#2423,#1801,#1802);
#1473=AXIS2_PLACEMENT_3D('',#2426,#1805,#1806);
#1474=AXIS2_PLACEMENT_3D('',#2428,#1808,#1809);
#1475=AXIS2_PLACEMENT_3D('',#2430,#1811,#1812);
#1476=AXIS2_PLACEMENT_3D('',#2431,#1813,#1814);
#1477=AXIS2_PLACEMENT_3D('',#2433,#1816,#1817);
#1478=AXIS2_PLACEMENT_3D('',#2435,#1819,#1820);
#1479=AXIS2_PLACEMENT_3D('',#2437,#1822,#1823);
#1480=AXIS2_PLACEMENT_3D('',#2438,#1824,#1825);
#1481=AXIS2_PLACEMENT_3D('',#2440,#1827,#1828);
#1482=AXIS2_PLACEMENT_3D('',#2441,#1829,#1830);
#1483=AXIS2_PLACEMENT_3D('',#2442,#1831,#1832);
#1484=AXIS2_PLACEMENT_3D('',#2443,#1833,#1834);
#1485=AXIS2_PLACEMENT_3D('',#2445,#1836,#1837);
#1486=AXIS2_PLACEMENT_3D('',#2447,#1839,#1840);
#1487=AXIS2_PLACEMENT_3D('',#2449,#1842,#1843);
#1488=AXIS2_PLACEMENT_3D('',#2451,#1845,#1846);
#1489=AXIS2_PLACEMENT_3D('',#2453,#1848,#1849);
#1490=AXIS2_PLACEMENT_3D('',#2455,#1851,#1852);
#1491=AXIS2_PLACEMENT_3D('',#2457,#1854,#1855);
#1492=DIRECTION('axis',(0.,0.,1.));
#1493=DIRECTION('refdir',(1.,0.,0.));
#1494=DIRECTION('center_axis',(6.79022426606161E-18,1.96785542128755E-22,
-1.));
#1495=DIRECTION('ref_axis',(-1.,0.,0.));
#1496=DIRECTION('center_axis',(-2.89807132036747E-5,0.999999999580059,0.));
#1497=DIRECTION('ref_axis',(0.,0.,1.));
#1498=DIRECTION('center_axis',(-6.79022426606161E-18,-1.96785542128755E-22,
1.));
#1499=DIRECTION('ref_axis',(-0.707086288430771,-0.707127273348438,0.));
#1500=DIRECTION('center_axis',(6.79022426606161E-18,1.96785542128755E-22,
-1.));
#1501=DIRECTION('ref_axis',(-0.707086288430771,-0.707127273348438,-4.8014136263259E-18));
#1502=DIRECTION('center_axis',(-2.898071320408E-5,0.999999999580059,0.));
#1503=DIRECTION('ref_axis',(0.707106780889605,2.04924588299408E-5,0.707106781186547));
#1504=DIRECTION('center_axis',(-0.000180895018883713,0.121869209150587,
-0.992546151641324));
#1505=DIRECTION('ref_axis',(-6.98726124946479E-6,0.992546167702606,0.121869212396115));
#1506=DIRECTION('',(2.898071320408E-5,-0.999999999580059,0.));
#1507=DIRECTION('',(-2.898071320408E-5,0.999999999580059,0.));
#1508=DIRECTION('center_axis',(-6.79022426606161E-18,-1.96785542128755E-22,
1.));
#1509=DIRECTION('ref_axis',(0.999999999580059,2.89807132132308E-5,6.7902242689131E-18));
#1510=DIRECTION('',(0.999999999580059,2.89807132132308E-5,6.7902242689131E-18));
#1511=DIRECTION('center_axis',(6.79022426606161E-18,1.96785542128755E-22,
-1.));
#1512=DIRECTION('ref_axis',(0.707127273348438,-0.707086288430771,4.80141362632594E-18));
#1513=DIRECTION('',(2.898071320408E-5,-0.999999999580059,0.));
#1514=DIRECTION('',(-0.999998898373137,-0.00148433571421129,0.));
#1515=DIRECTION('center_axis',(-2.898071320408E-5,0.999999999580059,0.));
#1516=DIRECTION('ref_axis',(-0.707106780889604,-2.04924588303333E-5,0.707106781186548));
#1517=DIRECTION('center_axis',(-0.000180895018883713,0.121869209150587,
-0.992546151641324));
#1518=DIRECTION('ref_axis',(-6.98726124946479E-6,0.992546167702606,0.121869212396115));
#1519=DIRECTION('center_axis',(2.89807132036746E-5,-0.999999999580059,0.));
#1520=DIRECTION('ref_axis',(0.,0.,1.));
#1521=DIRECTION('',(-2.898071320408E-5,0.999999999580059,0.));
#1522=DIRECTION('center_axis',(6.79022426606161E-18,1.96785542128755E-22,
-1.));
#1523=DIRECTION('ref_axis',(0.707127273348438,-0.707086288430771,0.));
#1524=DIRECTION('center_axis',(-6.79022426606161E-18,-1.96785542128755E-22,
1.));
#1525=DIRECTION('ref_axis',(0.707127273348438,-0.707086288430771,0.));
#1526=DIRECTION('center_axis',(1.56312133487721E-28,4.53003711425822E-33,
1.));
#1527=DIRECTION('ref_axis',(0.707127273348438,-0.707086288430771,0.));
#1528=DIRECTION('',(-1.56312133487721E-28,-4.53003711425822E-33,-1.));
#1529=DIRECTION('center_axis',(2.87749557015516E-20,-1.9385725026212E-17,
1.));
#1530=DIRECTION('ref_axis',(0.707127273348438,-0.707086288430771,0.));
#1531=DIRECTION('',(1.56312133487721E-28,4.53003711425822E-33,1.));
#1532=DIRECTION('center_axis',(-0.999999999580059,-2.898071320408E-5,1.56312133553362E-28));
#1533=DIRECTION('ref_axis',(4.9504627507518E-19,-1.70819217327365E-14,1.));
#1534=DIRECTION('',(2.898071320408E-5,-0.999999999580059,-1.93857258519899E-17));
#1535=DIRECTION('',(2.8764695814966E-5,-0.992546166836119,-0.121869216258738));
#1536=DIRECTION('center_axis',(2.87749557015516E-20,-1.9385725026212E-17,
1.));
#1537=DIRECTION('ref_axis',(0.00148433571421144,-0.999998898373137,-1.9385746382071E-17));
#1538=DIRECTION('',(-0.999999999580059,-2.89807132132308E-5,2.82131435520526E-20));
#1539=DIRECTION('center_axis',(-2.87749557015516E-20,1.9385725026212E-17,
-1.));
#1540=DIRECTION('ref_axis',(-0.0408389530308492,0.999165741964437,0.));
#1541=DIRECTION('',(-0.996666724521361,-0.0815808815339834,-1.55282549596647E-18));
#1542=DIRECTION('center_axis',(-2.87749557015516E-20,1.9385725026212E-17,
-1.));
#1543=DIRECTION('ref_axis',(-0.692643368085675,0.721280226158275,0.));
#1544=DIRECTION('',(-0.121869343401918,-0.992546151641718,-1.92377199865935E-17));
#1545=DIRECTION('center_axis',(-2.87749557015516E-20,1.9385725026212E-17,
-1.));
#1546=DIRECTION('ref_axis',(-0.788010740345477,-0.615661492299277,0.));
#1547=DIRECTION('',(0.992546156891015,-0.121869300649824,-2.39108522323054E-18));
#1548=DIRECTION('center_axis',(2.87749557015516E-20,-1.9385725026212E-17,
1.));
#1549=DIRECTION('ref_axis',(0.748463724801228,0.663175732861714,0.));
#1550=DIRECTION('',(0.00148433571420969,-0.999998898373137,-1.9385746382071E-17));
#1551=DIRECTION('center_axis',(-2.87749557015516E-20,1.9385725026212E-17,
-1.));
#1552=DIRECTION('ref_axis',(-0.706548983275782,-0.707664139427708,0.));
#1553=DIRECTION('',(-0.999999995700309,-9.273285825391E-5,0.));
#1554=DIRECTION('center_axis',(-2.87749557015516E-20,1.9385725026212E-17,
-1.));
#1555=DIRECTION('ref_axis',(0.707664139427708,-0.706548983275782,0.));
#1556=DIRECTION('',(0.00148433571420546,-0.999998898373137,0.));
#1557=DIRECTION('center_axis',(2.87749557015516E-20,-1.9385725026212E-17,
1.));
#1558=DIRECTION('ref_axis',(-0.749447275698565,0.662064030852,0.));
#1559=DIRECTION('',(0.992546156891015,0.121869300649826,2.333964279838E-18));
#1560=DIRECTION('center_axis',(-2.87749557015516E-20,1.9385725026212E-17,
-1.));
#1561=DIRECTION('ref_axis',(0.788010740345477,-0.615661492299277,0.));
#1562=DIRECTION('',(-0.121869343401917,0.992546151641719,1.92447335565091E-17));
#1563=DIRECTION('center_axis',(-2.87749557015516E-20,1.9385725026212E-17,
-1.));
#1564=DIRECTION('ref_axis',(0.692643426519954,0.721280170043997,0.));
#1565=DIRECTION('',(-0.996666711302851,0.0815810430232377,1.61018670786701E-18));
#1566=DIRECTION('center_axis',(-2.87749557015516E-20,1.9385725026212E-17,
-1.));
#1567=DIRECTION('ref_axis',(0.0408100774250583,0.999166921780621,0.));
#1568=DIRECTION('',(-0.999999999580059,-2.89807132132308E-5,2.82131435520526E-20));
#1569=DIRECTION('center_axis',(2.87749557015516E-20,-1.9385725026212E-17,
1.));
#1570=DIRECTION('ref_axis',(-0.707086288430772,-0.707127273348437,0.));
#1571=DIRECTION('',(-2.898071320408E-5,0.999999999580059,1.93857258519899E-17));
#1572=DIRECTION('',(0.999998898373137,0.00148433571421136,8.9299149922773E-18));
#1573=DIRECTION('',(-0.00148433571421152,0.999998898373137,1.9385746382071E-17));
#1574=DIRECTION('',(-0.999998898373141,-0.00148433571113911,-3.77220281890457E-13));
#1575=DIRECTION('',(0.00148433571421144,-0.999998898373137,-1.9385746382071E-17));
#1576=DIRECTION('',(0.999998898373137,0.00148433571421136,8.9299149922773E-18));
#1577=DIRECTION('center_axis',(2.87749557015516E-20,-1.9385725026212E-17,
1.));
#1578=DIRECTION('ref_axis',(-1.,0.,0.));
#1579=DIRECTION('center_axis',(2.87749557015516E-20,-1.9385725026212E-17,
1.));
#1580=DIRECTION('ref_axis',(-1.,0.,0.));
#1581=DIRECTION('center_axis',(2.87749557015516E-20,-1.9385725026212E-17,
1.));
#1582=DIRECTION('ref_axis',(-1.,0.,0.));
#1583=DIRECTION('center_axis',(2.87749557015516E-20,-1.9385725026212E-17,
1.));
#1584=DIRECTION('ref_axis',(-1.,0.,0.));
#1585=DIRECTION('center_axis',(2.87749557015516E-20,-1.9385725026212E-17,
1.));
#1586=DIRECTION('ref_axis',(-1.,0.,0.));
#1587=DIRECTION('center_axis',(2.87749557015516E-20,-1.9385725026212E-17,
1.));
#1588=DIRECTION('ref_axis',(-1.,0.,0.));
#1589=DIRECTION('center_axis',(2.87749557015516E-20,-1.9385725026212E-17,
1.));
#1590=DIRECTION('ref_axis',(-1.,0.,0.));
#1591=DIRECTION('center_axis',(2.87749557015516E-20,-1.9385725026212E-17,
1.));
#1592=DIRECTION('ref_axis',(-1.,0.,0.));
#1593=DIRECTION('center_axis',(0.,0.,-1.));
#1594=DIRECTION('ref_axis',(-0.707086288430772,-0.707127273348437,0.));
#1595=DIRECTION('',(0.,0.,-1.));
#1596=DIRECTION('',(0.,0.,1.));
#1597=DIRECTION('center_axis',(0.999999999580059,2.898071320408E-5,0.));
#1598=DIRECTION('ref_axis',(0.,0.,-1.));
#1599=DIRECTION('',(-2.8764695814966E-5,0.992546166836119,0.121869216258738));
#1600=DIRECTION('center_axis',(2.89807132132308E-5,-0.999999999580059,0.));
#1601=DIRECTION('ref_axis',(-0.999999999580059,-2.89807132132308E-5,0.));
#1602=DIRECTION('',(0.,0.,-1.));
#1603=DIRECTION('',(0.999999999580059,2.89807132132308E-5,0.));
#1604=DIRECTION('',(0.,0.,1.));
#1605=DIRECTION('center_axis',(-0.000180895018883713,0.121869209150587,
-0.992546151641324));
#1606=DIRECTION('ref_axis',(0.00147327170088491,-0.992545058225821,-0.121869343405129));
#1607=DIRECTION('',(-0.999998898373137,-0.00148433571421129,0.));
#1608=DIRECTION('',(-0.00147327170088442,0.992545058225821,0.121869343405129));
#1609=DIRECTION('center_axis',(-0.707106002218723,-0.00104958384907628,
-0.707106781186547));
#1610=DIRECTION('ref_axis',(-0.707107170670567,0.,0.707106391702314));
#1611=DIRECTION('',(-0.706509766568735,0.0421594616205827,0.706446409530726));
#1612=DIRECTION('',(-0.00148433571421144,0.999998898373137,1.9385746382071E-17));
#1613=DIRECTION('',(0.706381495894535,0.0442566694362748,-0.706446409480725));
#1614=DIRECTION('center_axis',(-0.706978090124182,-0.087224128057296,-0.701836114466197));
#1615=DIRECTION('ref_axis',(-0.704521247287119,0.,0.709682895468816));
#1616=DIRECTION('',(0.00147327170088435,-0.992545058225821,0.121869343405126));
#1617=DIRECTION('',(-0.707233914313263,0.0851249603591351,0.701836114466188));
#1618=DIRECTION('',(-0.00147327170088435,0.992545058225821,-0.121869343405126));
#1619=DIRECTION('center_axis',(-0.707233914313248,0.0851249603591466,-0.701836114466202));
#1620=DIRECTION('ref_axis',(-0.704392861110461,0.,0.709810324816862));
#1621=DIRECTION('',(-0.00147327170088434,0.992545058225821,0.121869343405129));
#1622=DIRECTION('',(0.706978090124197,0.0872241280572978,-0.701836114466181));
#1623=DIRECTION('',(0.00147327170088434,-0.992545058225821,-0.121869343405129));
#1624=DIRECTION('',(0.707319744845808,0.0588074373046113,0.704443371655185));
#1625=DIRECTION('',(-0.000983550602519401,0.662619318255701,-0.748955720788995));
#1626=DIRECTION('center_axis',(0.00111170172472999,-0.748954895719253,-0.662620048215746));
#1627=DIRECTION('ref_axis',(-0.999998592603383,0.,-0.00167773396400885));
#1628=DIRECTION('',(-0.00098355060256683,0.662619318255708,-0.748955720788988));
#1629=DIRECTION('',(0.999998898373137,0.00148433571421132,2.73086085390743E-20));
#1630=DIRECTION('',(-0.999998898373137,-0.00148433571421132,-2.73086085390743E-20));
#1631=DIRECTION('',(0.707491207804384,-0.0567073805652709,-0.704443371655181));
#1632=DIRECTION('center_axis',(0.707106002218729,0.00104958384907637,-0.707106781186541));
#1633=DIRECTION('ref_axis',(-0.707107170670561,0.,-0.70710639170232));
#1634=DIRECTION('',(0.00148433571421152,-0.999998898373137,-1.9385746382071E-17));
#1635=DIRECTION('',(-0.70638149589445,-0.044256669434071,-0.706446409480948));
#1636=DIRECTION('',(0.706509766586257,-0.0421594621647659,0.706446409480726));
#1637=DIRECTION('center_axis',(0.707233914313248,-0.085124960359144,-0.701836114466202));
#1638=DIRECTION('ref_axis',(-0.70439286111046,0.,-0.709810324816862));
#1639=DIRECTION('',(0.00147327170088442,-0.992545058225821,0.121869343405126));
#1640=DIRECTION('',(-0.706978090124196,-0.0872241280572945,-0.701836114466182));
#1641=DIRECTION('',(-0.00147327170088442,0.992545058225821,-0.121869343405126));
#1642=DIRECTION('center_axis',(0.706978090124184,0.0872241280572983,-0.701836114466194));
#1643=DIRECTION('ref_axis',(-0.704521247287117,0.,-0.709682895468818));
#1644=DIRECTION('',(0.707233914313261,-0.0851249603591442,0.701836114466189));
#1645=DIRECTION('',(0.00147327170088442,-0.992545058225821,-0.121869343405129));
#1646=DIRECTION('',(-0.707491207804385,0.0567073805652646,-0.70444337165518));
#1647=DIRECTION('',(-0.000983550602519398,0.662619318255701,0.748955720788994));
#1648=DIRECTION('center_axis',(-0.00111170172472996,0.748954895719253,-0.662620048215747));
#1649=DIRECTION('ref_axis',(-0.999998592603383,0.,0.00167773396400881));
#1650=DIRECTION('',(-0.000983550602471962,0.662619318255701,0.748955720788994));
#1651=DIRECTION('',(0.999998898373137,0.00148433571421129,0.));
#1652=DIRECTION('',(-0.999998898373137,-0.00148433571421129,0.));
#1653=DIRECTION('',(-0.707319744845808,-0.0588074373046176,0.704443371655184));
#1654=DIRECTION('center_axis',(0.00148433571421132,-0.999998898373137,0.));
#1655=DIRECTION('ref_axis',(0.,0.,1.));
#1656=DIRECTION('',(0.,0.,-1.));
#1657=DIRECTION('',(0.999998898373137,0.00148433571421132,0.));
#1658=DIRECTION('',(0.,0.,1.));
#1659=DIRECTION('center_axis',(0.,0.,-1.));
#1660=DIRECTION('ref_axis',(0.708155586067803,-0.706056418369642,0.));
#1661=DIRECTION('',(0.,0.,1.));
#1662=DIRECTION('center_axis',(0.,0.,1.));
#1663=DIRECTION('ref_axis',(0.708155586067802,-0.706056418369642,0.));
#1664=DIRECTION('center_axis',(0.999998898373137,0.00148433571421152,0.));
#1665=DIRECTION('ref_axis',(0.00148433571421152,-0.999998898373137,0.));
#1666=DIRECTION('',(0.,0.,-1.));
#1667=DIRECTION('',(-0.00148433571421152,0.999998898373137,0.));
#1668=DIRECTION('center_axis',(0.,0.,1.));
#1669=DIRECTION('ref_axis',(0.706056418369647,0.708155586067797,0.));
#1670=DIRECTION('',(0.,0.,1.));
#1671=DIRECTION('center_axis',(0.,0.,1.));
#1672=DIRECTION('ref_axis',(0.706056418369647,0.708155586067797,0.));
#1673=DIRECTION('center_axis',(-0.000180895018883713,0.121869209150587,
-0.992546151641324));
#1674=DIRECTION('ref_axis',(0.00147327170088491,-0.992545058225821,-0.121869343405129));
#1675=DIRECTION('center_axis',(0.707106002218725,0.00104958384907635,0.707106781186545));
#1676=DIRECTION('ref_axis',(0.707107170670565,0.,-0.707106391702315));
#1677=DIRECTION('',(0.70710600221872,0.00104958384910528,-0.70710678118655));
#1678=DIRECTION('',(-0.70710600221872,-0.00104958384907911,0.70710678118655));
#1679=DIRECTION('',(0.00148433571421152,-0.999998898373137,0.));
#1680=DIRECTION('center_axis',(0.,0.,-1.));
#1681=DIRECTION('ref_axis',(0.708155586067802,-0.706056418369642,0.));
#1682=DIRECTION('',(0.00104958384908435,-0.70710600221872,-0.70710678118655));
#1683=DIRECTION('center_axis',(0.,0.,-1.));
#1684=DIRECTION('ref_axis',(0.708155586067803,-0.706056418369642,0.));
#1685=DIRECTION('center_axis',(0.00104958384907619,-0.707106002218714,0.707106781186556));
#1686=DIRECTION('ref_axis',(0.999998898375564,0.,-0.00148433407903079));
#1687=DIRECTION('',(0.0010495838491262,-0.707106002218731,-0.707106781186539));
#1688=DIRECTION('',(-0.999998898373137,-0.00148433571421132,0.));
#1689=DIRECTION('center_axis',(0.,0.,-1.));
#1690=DIRECTION('ref_axis',(-0.706056418369642,-0.708155586067802,0.));
#1691=DIRECTION('',(-0.70710600221871,-0.00104958384906343,-0.70710678118656));
#1692=DIRECTION('center_axis',(0.,0.,1.));
#1693=DIRECTION('ref_axis',(-0.706056418369642,-0.708155586067802,0.));
#1694=DIRECTION('center_axis',(0.,0.,-1.));
#1695=DIRECTION('ref_axis',(-0.706056418369642,-0.708155586067802,0.));
#1696=DIRECTION('center_axis',(-0.707106002218693,-0.00104958384907625,
0.707106781186577));
#1697=DIRECTION('ref_axis',(0.707107170670596,0.,0.707106391702284));
#1698=DIRECTION('',(-0.00148433571421144,0.999998898373137,0.));
#1699=DIRECTION('',(-0.707106002218752,-0.0010495838490843,-0.707106781186518));
#1700=DIRECTION('',(0.00148433571421144,-0.999998898373137,0.));
#1701=DIRECTION('center_axis',(0.,0.,-1.));
#1702=DIRECTION('ref_axis',(-0.708155586067802,0.706056418369642,0.));
#1703=DIRECTION('',(-0.00104958384906342,0.707106002218715,-0.707106781186555));
#1704=DIRECTION('center_axis',(0.,0.,1.));
#1705=DIRECTION('ref_axis',(-0.708155586067802,0.706056418369642,0.));
#1706=DIRECTION('center_axis',(0.,0.,-1.));
#1707=DIRECTION('ref_axis',(-0.708155586067803,0.706056418369642,0.));
#1708=DIRECTION('center_axis',(-0.00104958384907616,0.707106002218712,0.707106781186558));
#1709=DIRECTION('ref_axis',(0.999998898375564,0.,0.00148433407903075));
#1710=DIRECTION('',(0.999998898373137,0.00148433571421129,0.));
#1711=DIRECTION('',(-0.00104958384908433,0.707106002218733,-0.707106781186537));
#1712=DIRECTION('',(-0.999998898373137,-0.00148433571421129,0.));
#1713=DIRECTION('center_axis',(0.,0.,-1.));
#1714=DIRECTION('ref_axis',(0.706056418369647,0.708155586067797,0.));
#1715=DIRECTION('center_axis',(0.,0.,-1.));
#1716=DIRECTION('ref_axis',(0.706056418369647,0.708155586067797,0.));
#1717=DIRECTION('center_axis',(0.,0.,1.));
#1718=DIRECTION('ref_axis',(-0.708155586067803,0.706056418369642,0.));
#1719=DIRECTION('',(0.,0.,1.));
#1720=DIRECTION('',(0.,0.,-1.));
#1721=DIRECTION('center_axis',(-0.00148433571421129,0.999998898373137,0.));
#1722=DIRECTION('ref_axis',(0.,0.,-1.));
#1723=DIRECTION('center_axis',(0.,0.,1.));
#1724=DIRECTION('ref_axis',(1.,0.,0.));
#1725=DIRECTION('center_axis',(0.,0.,-1.));
#1726=DIRECTION('ref_axis',(-0.749447275698565,0.662064030852,0.));
#1727=DIRECTION('',(0.00148433571420546,-0.999998898373137,0.));
#1728=DIRECTION('center_axis',(0.,0.,1.));
#1729=DIRECTION('ref_axis',(0.707664139427708,-0.706548983275782,0.));
#1730=DIRECTION('',(-0.999999995700309,-9.273285825391E-5,0.));
#1731=DIRECTION('center_axis',(0.,0.,1.));
#1732=DIRECTION('ref_axis',(-0.706548983275782,-0.707664139427708,0.));
#1733=DIRECTION('',(-0.00148433571420969,0.999998898373137,0.));
#1734=DIRECTION('center_axis',(0.,0.,-1.));
#1735=DIRECTION('ref_axis',(0.748463724801228,0.663175732861714,0.));
#1736=DIRECTION('',(-0.992546156891015,0.121869300649824,0.));
#1737=DIRECTION('center_axis',(0.,0.,1.));
#1738=DIRECTION('ref_axis',(-0.788010740345477,-0.615661492299277,0.));
#1739=DIRECTION('',(0.121869343401918,0.992546151641718,0.));
#1740=DIRECTION('center_axis',(0.,0.,1.));
#1741=DIRECTION('ref_axis',(-0.692643368085675,0.721280226158275,0.));
#1742=DIRECTION('',(0.996666724521361,0.0815808815339834,0.));
#1743=DIRECTION('center_axis',(0.,0.,1.));
#1744=DIRECTION('ref_axis',(-0.0408389530308492,0.999165741964437,0.));
#1745=DIRECTION('center_axis',(0.,0.,1.));
#1746=DIRECTION('ref_axis',(0.0408100774250583,0.999166921780621,0.));
#1747=DIRECTION('',(0.996666711302851,-0.0815810430232377,0.));
#1748=DIRECTION('center_axis',(0.,0.,1.));
#1749=DIRECTION('ref_axis',(0.692643426519954,0.721280170043997,0.));
#1750=DIRECTION('',(0.121869343401917,-0.992546151641719,0.));
#1751=DIRECTION('center_axis',(0.,0.,1.));
#1752=DIRECTION('ref_axis',(0.788010740345477,-0.615661492299277,0.));
#1753=DIRECTION('',(-0.992546156891015,-0.121869300649826,0.));
#1754=DIRECTION('center_axis',(0.,0.,-1.));
#1755=DIRECTION('ref_axis',(-1.,0.,0.));
#1756=DIRECTION('center_axis',(0.,0.,-1.));
#1757=DIRECTION('ref_axis',(-1.,0.,0.));
#1758=DIRECTION('center_axis',(0.,0.,-1.));
#1759=DIRECTION('ref_axis',(-1.,0.,0.));
#1760=DIRECTION('center_axis',(0.,0.,-1.));
#1761=DIRECTION('ref_axis',(-1.,0.,0.));
#1762=DIRECTION('center_axis',(0.,0.,-1.));
#1763=DIRECTION('ref_axis',(-1.,0.,0.));
#1764=DIRECTION('center_axis',(0.,0.,-1.));
#1765=DIRECTION('ref_axis',(-1.,0.,0.));
#1766=DIRECTION('center_axis',(0.,0.,-1.));
#1767=DIRECTION('ref_axis',(-1.,0.,0.));
#1768=DIRECTION('center_axis',(0.,0.,-1.));
#1769=DIRECTION('ref_axis',(-1.,0.,0.));
#1770=DIRECTION('center_axis',(0.,0.,-1.));
#1771=DIRECTION('ref_axis',(-0.749447275698565,0.662064030852,0.));
#1772=DIRECTION('',(0.,0.,1.));
#1773=DIRECTION('',(0.,0.,-1.));
#1774=DIRECTION('center_axis',(-0.121869300649826,0.992546156891015,0.));
#1775=DIRECTION('ref_axis',(0.992546156891015,0.121869300649826,0.));
#1776=DIRECTION('',(0.,0.,1.));
#1777=DIRECTION('center_axis',(0.,0.,-1.));
#1778=DIRECTION('ref_axis',(0.748463724801228,0.663175732861714,0.));
#1779=DIRECTION('',(0.,0.,1.));
#1780=DIRECTION('',(0.,0.,-1.));
#1781=DIRECTION('center_axis',(0.121869300649824,0.992546156891015,0.));
#1782=DIRECTION('ref_axis',(0.992546156891015,-0.121869300649824,0.));
#1783=DIRECTION('',(0.,0.,-1.));
#1784=DIRECTION('center_axis',(0.,0.,-1.));
#1785=DIRECTION('ref_axis',(-0.0408389530308492,0.999165741964437,0.));
#1786=DIRECTION('',(0.,0.,-1.));
#1787=DIRECTION('center_axis',(0.0815808815339834,-0.996666724521361,0.));
#1788=DIRECTION('ref_axis',(-0.996666724521361,-0.0815808815339834,0.));
#1789=DIRECTION('',(0.,0.,1.));
#1790=DIRECTION('center_axis',(0.,0.,-1.));
#1791=DIRECTION('ref_axis',(0.0408100774250583,0.999166921780621,0.));
#1792=DIRECTION('',(0.,0.,1.));
#1793=DIRECTION('center_axis',(0.,0.,-1.));
#1794=DIRECTION('ref_axis',(-0.692643368085675,0.721280226158275,0.));
#1795=DIRECTION('',(0.,0.,-1.));
#1796=DIRECTION('center_axis',(0.992546151641719,-0.121869343401918,0.));
#1797=DIRECTION('ref_axis',(-0.121869343401918,-0.992546151641718,0.));
#1798=DIRECTION('',(0.,0.,1.));
#1799=DIRECTION('center_axis',(0.,0.,-1.));
#1800=DIRECTION('ref_axis',(-0.788010740345477,-0.615661492299277,0.));
#1801=DIRECTION('center_axis',(0.,0.,-1.));
#1802=DIRECTION('ref_axis',(-0.706548983275782,-0.707664139427708,0.));
#1803=DIRECTION('',(0.,0.,-1.));
#1804=DIRECTION('',(0.,0.,1.));
#1805=DIRECTION('center_axis',(-9.273285825391E-5,0.999999995700309,0.));
#1806=DIRECTION('ref_axis',(0.999999995700309,9.273285825391E-5,0.));
#1807=DIRECTION('',(0.,0.,1.));
#1808=DIRECTION('center_axis',(0.,0.,-1.));
#1809=DIRECTION('ref_axis',(0.707664139427708,-0.706548983275782,0.));
#1810=DIRECTION('',(0.,0.,-1.));
#1811=DIRECTION('center_axis',(-0.999998898373137,-0.00148433571420546,
0.));
#1812=DIRECTION('ref_axis',(-0.00148433571420546,0.999998898373137,0.));
#1813=DIRECTION('center_axis',(0.,0.,-1.));
#1814=DIRECTION('ref_axis',(0.788010740345477,-0.615661492299277,0.));
#1815=DIRECTION('',(0.,0.,-1.));
#1816=DIRECTION('center_axis',(-0.992546151641719,-0.121869343401917,0.));
#1817=DIRECTION('ref_axis',(-0.121869343401917,0.992546151641719,0.));
#1818=DIRECTION('',(0.,0.,1.));
#1819=DIRECTION('center_axis',(0.,0.,-1.));
#1820=DIRECTION('ref_axis',(0.692643426519954,0.721280170043997,0.));
#1821=DIRECTION('',(0.,0.,-1.));
#1822=DIRECTION('center_axis',(-0.0815810430232377,-0.996666711302851,0.));
#1823=DIRECTION('ref_axis',(-0.996666711302851,0.0815810430232377,0.));
#1824=DIRECTION('center_axis',(-0.999998898373137,-0.00148433571421144,
0.));
#1825=DIRECTION('ref_axis',(-0.00148433571421144,0.999998898373137,0.));
#1826=DIRECTION('',(0.,0.,-1.));
#1827=DIRECTION('center_axis',(0.,0.,-1.));
#1828=DIRECTION('ref_axis',(-0.706056418369642,-0.708155586067803,0.));
#1829=DIRECTION('center_axis',(0.999998898373137,0.00148433571420969,0.));
#1830=DIRECTION('ref_axis',(0.00148433571420969,-0.999998898373137,0.));
#1831=DIRECTION('center_axis',(0.000180895018883712,-0.121869209150583,
-0.992546151641325));
#1832=DIRECTION('ref_axis',(0.00147327170088419,-0.992545058225821,0.121869343405126));
#1833=DIRECTION('center_axis',(0.,0.,-1.));
#1834=DIRECTION('ref_axis',(-1.,0.,0.));
#1835=DIRECTION('',(0.,0.,-1.));
#1836=DIRECTION('center_axis',(0.,0.,-1.));
#1837=DIRECTION('ref_axis',(-1.,0.,0.));
#1838=DIRECTION('',(0.,0.,-1.));
#1839=DIRECTION('center_axis',(0.,0.,-1.));
#1840=DIRECTION('ref_axis',(-1.,0.,0.));
#1841=DIRECTION('',(0.,0.,-1.));
#1842=DIRECTION('center_axis',(0.,0.,-1.));
#1843=DIRECTION('ref_axis',(-1.,0.,0.));
#1844=DIRECTION('',(0.,0.,-1.));
#1845=DIRECTION('center_axis',(0.,0.,-1.));
#1846=DIRECTION('ref_axis',(-1.,0.,0.));
#1847=DIRECTION('',(0.,0.,-1.));
#1848=DIRECTION('center_axis',(0.,0.,-1.));
#1849=DIRECTION('ref_axis',(-1.,0.,0.));
#1850=DIRECTION('',(0.,0.,-1.));
#1851=DIRECTION('center_axis',(0.,0.,-1.));
#1852=DIRECTION('ref_axis',(-1.,0.,0.));
#1853=DIRECTION('',(0.,0.,-1.));
#1854=DIRECTION('center_axis',(0.,0.,-1.));
#1855=DIRECTION('ref_axis',(-1.,0.,0.));
#1856=DIRECTION('',(0.,0.,-1.));
#1857=CARTESIAN_POINT('',(0.,0.,0.));
#1858=CARTESIAN_POINT('Origin',(10.7391910872307,6.07759695463501,1.07813065659487));
#1859=CARTESIAN_POINT('',(5.73919108933038,6.07745205106899,3.07813065659487));
#1860=CARTESIAN_POINT('',(7.73919108849049,6.0775100124954,1.07813065659487));
#1861=CARTESIAN_POINT('Origin',(5.73919108933038,6.07745205106899,1.07813065659487));
#1862=CARTESIAN_POINT('',(10.7392780293703,3.07759695589483,1.07813065659487));
#1863=CARTESIAN_POINT('Origin',(10.7391910872307,6.07759695463501,1.07813065659487));
#1864=CARTESIAN_POINT('',(6.73927803105008,3.07748103304198,3.07813065659487));
#1865=CARTESIAN_POINT('Ctrl Pts',(10.7392780293703,3.07759695589483,1.07813065659487));
#1866=CARTESIAN_POINT('Ctrl Pts',(10.3973872436002,3.07758704765602,1.35728331434406));
#1867=CARTESIAN_POINT('Ctrl Pts',(10.0216948644462,3.07757615982291,1.66516197910041));
#1868=CARTESIAN_POINT('Ctrl Pts',(9.23735748275635,3.07755342916618,2.22919448645616));
#1869=CARTESIAN_POINT('Ctrl Pts',(8.82688861661544,3.07754153348569,2.48280774913632));
#1870=CARTESIAN_POINT('Ctrl Pts',(8.17693816345082,3.07752269745799,2.78515047398088));
#1871=CARTESIAN_POINT('Ctrl Pts',(7.89410260755893,3.07751450068186,2.89254195958137));
#1872=CARTESIAN_POINT('Ctrl Pts',(7.31308970097555,3.07749766251343,3.03939336007908));
#1873=CARTESIAN_POINT('Ctrl Pts',(7.01472994700526,3.07748901583496,3.07813065659487));
#1874=CARTESIAN_POINT('Ctrl Pts',(6.73927803105008,3.07748103304198,3.07813065659487));
#1875=CARTESIAN_POINT('Origin',(10.7391910872307,6.07759695463501,3.07813065659487));
#1876=CARTESIAN_POINT('Origin',(5.73927803146999,3.07745205232872,1.07813065659487));
#1877=CARTESIAN_POINT('',(5.73831161387938,36.4243743106288,3.07813065659487));
#1878=CARTESIAN_POINT('',(7.738783587121,20.1386328858621,1.07813065659487));
#1879=CARTESIAN_POINT('Origin',(5.73878367231543,20.1356642112898,1.07813065659487));
#1880=CARTESIAN_POINT('',(7.7392780306301,3.07751001375512,1.07813065659487));
#1881=CARTESIAN_POINT('',(5.73927803146999,3.07745205232872,3.07813065659487));
#1882=CARTESIAN_POINT('Origin',(-7.7307222786709,3.07706168211263,3.07813065659487));
#1883=CARTESIAN_POINT('',(-6.73072227909079,3.07709066282584,3.07813065659487));
#1884=CARTESIAN_POINT('',(31.1635013120717,3.07818886445264,3.07813065659487));
#1885=CARTESIAN_POINT('',(-5.73080922165037,6.07711964227919,3.07813065659487));
#1886=CARTESIAN_POINT('Origin',(-10.7308092195507,6.07697473871317,3.07813065659487));
#1887=CARTESIAN_POINT('',(-5.73168821332807,36.4073489614877,3.07813065659487));
#1888=CARTESIAN_POINT('',(-5.73072227951076,3.07711964353911,3.07813065659487));
#1889=CARTESIAN_POINT('',(125.508126360008,36.6021531199869,3.07813065659487));
#1890=CARTESIAN_POINT('Origin',(-5.73072227951076,3.07711964353911,1.07813065659487));
#1891=CARTESIAN_POINT('',(-7.73121606969758,20.1156701875763,1.07813065659487));
#1892=CARTESIAN_POINT('Origin',(-5.731216154892,20.1186388621487,1.07813065659487));
#1893=CARTESIAN_POINT('',(-7.73080922081049,6.07706168085278,1.07813065659487));
#1894=CARTESIAN_POINT('Origin',(-5.73080922165037,6.07711964227919,1.07813065659487));
#1895=CARTESIAN_POINT('',(-7.73072227867088,3.0770616821127,1.07813065659487));
#1896=CARTESIAN_POINT('Origin',(-10.7308092195507,6.07697473871317,1.07813065659487));
#1897=CARTESIAN_POINT('',(-10.730722277411,3.07697473997299,1.07813065659487));
#1898=CARTESIAN_POINT('Ctrl Pts',(-6.7307222790908,3.07709066282584,3.07813065659487));
#1899=CARTESIAN_POINT('Ctrl Pts',(-7.00617419504598,3.07708268003286,3.07813065659487));
#1900=CARTESIAN_POINT('Ctrl Pts',(-7.30453394901626,3.07707403335439,3.03939336007908));
#1901=CARTESIAN_POINT('Ctrl Pts',(-7.88554685559965,3.07705719518597,2.89254195958137));
#1902=CARTESIAN_POINT('Ctrl Pts',(-8.16838241149153,3.07704899840983,2.78515047398088));
#1903=CARTESIAN_POINT('Ctrl Pts',(-8.81833286465616,3.07703016238214,2.48280774913632));
#1904=CARTESIAN_POINT('Ctrl Pts',(-9.22880173079707,3.07701826670164,2.22919448645617));
#1905=CARTESIAN_POINT('Ctrl Pts',(-10.0131391124869,3.07699553604491,1.66516197910041));
#1906=CARTESIAN_POINT('Ctrl Pts',(-10.388831491641,3.07698464821181,1.35728331434406));
#1907=CARTESIAN_POINT('Ctrl Pts',(-10.730722277411,3.07697473997299,1.07813065659487));
#1908=CARTESIAN_POINT('Origin',(-10.7308092195507,6.07697473871317,1.07813065659487));
#1909=CARTESIAN_POINT('Origin',(-10.7308092195507,6.07697473871317,1.0569));
#1910=CARTESIAN_POINT('',(-10.730722277411,3.07697473997299,0.2));
#1911=CARTESIAN_POINT('',(-10.730722277411,3.07697473997299,1.0569));
#1912=CARTESIAN_POINT('',(-7.73080922081049,6.07706168085278,0.2));
#1913=CARTESIAN_POINT('Origin',(-10.7308092195507,6.07697473871317,0.2));
#1914=CARTESIAN_POINT('',(-7.73080922081049,6.07706168085278,1.0569));
#1915=CARTESIAN_POINT('Origin',(-7.73072227867088,3.07706168211277,-4.0862));
#1916=CARTESIAN_POINT('',(-7.73100880520538,12.9638623402683,0.200000000000002));
#1917=CARTESIAN_POINT('',(-7.7308630538845,7.9346099615073,0.2));
#1918=CARTESIAN_POINT('',(-7.73121696890692,20.1466980418307,1.08194039402222));
#1919=CARTESIAN_POINT('Origin',(-125.711780831777,12.7887390738385,0.2));
#1920=CARTESIAN_POINT('',(-69.8812125943662,3.07526051657597,0.2));
#1921=CARTESIAN_POINT('',(35.0284647894978,3.07830087385081,0.2));
#1922=CARTESIAN_POINT('',(-70.1258682968285,3.06526069139988,0.2));
#1923=CARTESIAN_POINT('Origin',(-69.8811256522265,0.0752605178357965,0.2));
#1924=CARTESIAN_POINT('',(-107.56573200387,0.000668475582223937,0.2));
#1925=CARTESIAN_POINT('',(-37.1603428591693,5.76361166396469,0.2));
#1926=CARTESIAN_POINT('',(-110.298627814193,-2.62372366777611,0.2));
#1927=CARTESIAN_POINT('Origin',(-107.320989359268,-2.98933169798186,0.2));
#1928=CARTESIAN_POINT('',(-117.23501318991,-59.116049127067,0.199999999999999));
#1929=CARTESIAN_POINT('',(-111.850943980233,-15.2663242900878,0.2));
#1930=CARTESIAN_POINT('',(-114.622982636934,-62.4592956279458,0.199999999999999));
#1931=CARTESIAN_POINT('Origin',(-114.257374734985,-59.4816571572728,0.2));
#1932=CARTESIAN_POINT('',(-88.7563586817882,-65.6353165612794,0.199999999999999));
#1933=CARTESIAN_POINT('',(-60.7498209911203,-69.0740857694296,0.199999999999999));
#1934=CARTESIAN_POINT('',(-86.1219698886183,-68.6085020248098,0.199999999999999));
#1935=CARTESIAN_POINT('Origin',(-89.1219665837377,-68.6129550319524,0.2));
#1936=CARTESIAN_POINT('',(-86.092374844176,-88.5467219007136,0.199999999999998));
#1937=CARTESIAN_POINT('',(-86.1418867472858,-55.1904884744029,0.199999999999999));
#1938=CARTESIAN_POINT('',(-83.0920999504819,-91.5422688806719,0.199999999999999));
#1939=CARTESIAN_POINT('Origin',(-83.0923781490566,-88.5422688935709,0.2));
#1940=CARTESIAN_POINT('',(83.1817039870939,-91.5268498355137,0.199999999999999));
#1941=CARTESIAN_POINT('',(-43.0215630056197,-91.5385530252332,0.199999999999999));
#1942=CARTESIAN_POINT('',(86.1814224836385,-88.5223968412701,0.199999999999999));
#1943=CARTESIAN_POINT('Origin',(83.1814257885191,-88.5268498484128,0.2));
#1944=CARTESIAN_POINT('',(86.1518752300559,-68.6163737295001,0.199999999999999));
#1945=CARTESIAN_POINT('',(86.1835662237371,-89.9666373297864,0.199999999999999));
#1946=CARTESIAN_POINT('',(88.7862640232258,-65.6342822516844,0.199999999999999));
#1947=CARTESIAN_POINT('Origin',(89.1518719251753,-68.6119207223575,0.2));
#1948=CARTESIAN_POINT('',(114.676970946356,-62.4553043027548,0.199999999999999));
#1949=CARTESIAN_POINT('',(45.0242036947309,-71.0075856997928,0.199999999999999));
#1950=CARTESIAN_POINT('',(117.289001499331,-59.1120578018759,0.199999999999999));
#1951=CARTESIAN_POINT('Origin',(114.311363044406,-59.4776658320817,0.2));
#1952=CARTESIAN_POINT('',(110.352608561597,-2.61967075489215,0.2));
#1953=CARTESIAN_POINT('',(115.704658465281,-46.2086192714714,0.199999999999999));
#1954=CARTESIAN_POINT('',(107.619713235742,0.00472134881064123,0.2));
#1955=CARTESIAN_POINT('Origin',(107.374970106672,-2.98527878509791,0.2));
#1956=CARTESIAN_POINT('',(70.179935575517,3.0693126283634,0.2));
#1957=CARTESIAN_POINT('',(57.1868174927601,4.13284983021272,0.2));
#1958=CARTESIAN_POINT('',(69.9351055043077,3.07931249319502,0.2));
#1959=CARTESIAN_POINT('Origin',(69.9351924464473,0.0793124944548454,0.2));
#1960=CARTESIAN_POINT('',(10.7392780293703,3.07759695589483,0.2));
#1961=CARTESIAN_POINT('',(35.0284647894978,3.07830087385081,0.2));
#1962=CARTESIAN_POINT('',(7.73919108849049,6.0775100124954,0.2));
#1963=CARTESIAN_POINT('Origin',(10.7391910872307,6.07759695463501,0.2));
#1964=CARTESIAN_POINT('',(7.7389908516132,12.986825038554,0.200000000000002));
#1965=CARTESIAN_POINT('',(7.73913725541648,7.93505829314972,0.2));
#1966=CARTESIAN_POINT('',(124.54292102275,13.1602014746635,0.200000000000003));
#1967=CARTESIAN_POINT('',(-0.084430455326975,12.9752124421081,0.200000000000002));
#1968=CARTESIAN_POINT('',(124.712937039024,-101.379809489311,0.199999999999619));
#1969=CARTESIAN_POINT('',(124.54292102275,13.1602014746635,0.2));
#1970=CARTESIAN_POINT('',(-124.541765917131,-101.749787553656,0.199999999905595));
#1971=CARTESIAN_POINT('',(125.712935937399,-101.3783251536,0.199999999999996));
#1972=CARTESIAN_POINT('',(-124.711781933404,12.7902234095527,0.2));
#1973=CARTESIAN_POINT('',(-124.626773925267,-44.47978207205,0.199999999999999));
#1974=CARTESIAN_POINT('',(-0.084430455326975,12.9752124421081,0.200000000000002));
#1975=CARTESIAN_POINT('',(42.7519184818761,7.03700161038392,0.199999999999999));
#1976=CARTESIAN_POINT('Origin',(41.5519184818761,7.03700161038392,0.199999999999999));
#1977=CARTESIAN_POINT('',(-40.3507633762569,-95.6265876893732,0.199999999999999));
#1978=CARTESIAN_POINT('Origin',(-41.5507633762569,-95.6265876893732,0.199999999999999));
#1979=CARTESIAN_POINT('',(42.9041224499564,-95.5030093528215,0.199999999999999));
#1980=CARTESIAN_POINT('Origin',(41.7041224499564,-95.5030093528215,0.199999999999999));
#1981=CARTESIAN_POINT('',(-40.5029673443372,6.91342327383224,0.199999999999999));
#1982=CARTESIAN_POINT('Origin',(-41.7029673443372,6.91342327383224,0.199999999999999));
#1983=CARTESIAN_POINT('',(112.751841367996,7.14090511037869,0.199999999999999));
#1984=CARTESIAN_POINT('Origin',(111.551841367996,7.14090511037869,0.199999999999999));
#1985=CARTESIAN_POINT('',(-110.350686262376,-95.730491189368,0.199999999999999));
#1986=CARTESIAN_POINT('Origin',(-111.550686262376,-95.730491189368,0.199999999999999));
#1987=CARTESIAN_POINT('',(112.904045336076,-95.3991058528267,0.199999999999999));
#1988=CARTESIAN_POINT('Origin',(111.704045336076,-95.3991058528267,0.199999999999999));
#1989=CARTESIAN_POINT('',(-110.502890230457,6.80951977383746,0.199999999999999));
#1990=CARTESIAN_POINT('Origin',(-111.702890230457,6.80951977383746,0.199999999999999));
#1991=CARTESIAN_POINT('Origin',(10.7391910872307,6.07759695463501,4.63906532829744));
#1992=CARTESIAN_POINT('',(7.73919108849049,6.0775100124954,4.63906532829744));
#1993=CARTESIAN_POINT('',(10.7392780293703,3.07759695589483,4.63906532829744));
#1994=CARTESIAN_POINT('Origin',(7.7392780306301,3.07751001375519,3.07813065659488));
#1995=CARTESIAN_POINT('',(7.73877077331195,20.5807824270855,1.13241973639639));
#1996=CARTESIAN_POINT('Origin',(70.0577249028142,3.07931604679265,6.2));
#1997=CARTESIAN_POINT('',(69.9351055043077,3.07931249319502,6.2));
#1998=CARTESIAN_POINT('',(69.9351055043077,3.07931249319502,6.2));
#1999=CARTESIAN_POINT('',(-69.8812125943662,3.07526051657597,6.2));
#2000=CARTESIAN_POINT('',(-70.0037446621401,3.07525696550926,6.2));
#2001=CARTESIAN_POINT('',(-69.8812125943662,3.07526051657597,6.2));
#2002=CARTESIAN_POINT('Origin',(125.506653088307,37.5946981782127,3.2));
#2003=CARTESIAN_POINT('',(122.508129664889,36.5977001128443,3.07813065659488));
#2004=CARTESIAN_POINT('',(125.508126360008,36.6021531199869,3.07813065659487));
#2005=CARTESIAN_POINT('',(124.509325354843,34.6749969368047,2.84168792651194));
#2006=CARTESIAN_POINT('Ctrl Pts',(124.509325354843,34.6749969368047,2.84168792651194));
#2007=CARTESIAN_POINT('Ctrl Pts',(124.490794806139,35.1150443308743,2.89572227030473));
#2008=CARTESIAN_POINT('Ctrl Pts',(124.097827708648,36.1273340782512,3.02008730515017));
#2009=CARTESIAN_POINT('Ctrl Pts',(123.088871665452,36.5985621298861,3.07813065659488));
#2010=CARTESIAN_POINT('Ctrl Pts',(122.508129664889,36.5977001128443,3.07813065659488));
#2011=CARTESIAN_POINT('',(124.511107197077,34.5932171473791,2.83164631729135));
#2012=CARTESIAN_POINT('Ctrl Pts',(124.511107197077,34.5932171473791,2.83164631729135));
#2013=CARTESIAN_POINT('Ctrl Pts',(124.511066721564,34.6204855529884,2.83499446018901));
#2014=CARTESIAN_POINT('Ctrl Pts',(124.510472600793,34.6477531353036,2.83834260290278));
#2015=CARTESIAN_POINT('Ctrl Pts',(124.509325354843,34.6749969368047,2.84168792651194));
#2016=CARTESIAN_POINT('',(124.524248966378,25.7395901022189,1.744556410586));
#2017=CARTESIAN_POINT('Origin',(-125.126773374454,-44.4805242399071,0.699999999999999));
#2018=CARTESIAN_POINT('',(-125.541855601364,-101.690109337367,1.2));
#2019=CARTESIAN_POINT('',(-124.541765917131,-101.749787553656,0.199999999905595));
#2020=CARTESIAN_POINT('',(-125.711690045916,12.7275765210664,1.2));
#2021=CARTESIAN_POINT('',(-125.626772823641,-44.4812664077642,1.2));
#2022=CARTESIAN_POINT('',(-125.711690045916,12.7275765210664,1.2));
#2023=CARTESIAN_POINT('Origin',(-125.041317173862,-102.052477560964,0.740829486359963));
#2024=CARTESIAN_POINT('',(-124.509952091457,-123.182803227141,2.83164631729135));
#2025=CARTESIAN_POINT('',(-124.541227277166,-102.112669997682,0.244556410539303));
#2026=CARTESIAN_POINT('',(-125.510131884849,-123.062418353705,3.82419246893267));
#2027=CARTESIAN_POINT('',(-124.509952091457,-123.182803227141,2.83164631729135));
#2028=CARTESIAN_POINT('',(-125.541407070558,-101.992285124246,1.23710256218062));
#2029=CARTESIAN_POINT('Origin',(-125.146617533888,-31.1114882574268,-4.68661228860463));
#2030=CARTESIAN_POINT('',(-125.743413762431,34.0998855374036,3.82419246893267));
#2031=CARTESIAN_POINT('',(-125.646526535565,-31.1731650298592,-4.19033921278397));
#2032=CARTESIAN_POINT('',(-124.743595759077,34.2232390822684,2.83164631729135));
#2033=CARTESIAN_POINT('',(-125.743413762431,34.0998855374036,3.82419246893267));
#2034=CARTESIAN_POINT('',(-124.646708532211,-31.0498114849944,-5.18288536442529));
#2035=CARTESIAN_POINT('Ctrl Pts',(122.749206075094,-125.815790528578,4.2));
#2036=CARTESIAN_POINT('Ctrl Pts',(123.43184387793,-125.814777263791,4.2));
#2037=CARTESIAN_POINT('Ctrl Pts',(125.024027532461,-125.242241730764,4.13316315141389));
#2038=CARTESIAN_POINT('Ctrl Pts',(125.746049786465,-123.687158633185,3.94660145917112));
#2039=CARTESIAN_POINT('Ctrl Pts',(125.744749762998,-122.811340777292,3.83915305253579));
#2040=CARTESIAN_POINT('Ctrl Pts',(122.748714984527,-125.484942175836,3.8260435521983));
#2041=CARTESIAN_POINT('Ctrl Pts',(123.348992353225,-125.484051161718,3.8260435521983));
#2042=CARTESIAN_POINT('Ctrl Pts',(124.749779793716,-124.98716993236,3.76740385222465));
#2043=CARTESIAN_POINT('Ctrl Pts',(125.40411529905,-123.618575922853,3.60231221219263));
#2044=CARTESIAN_POINT('Ctrl Pts',(125.410903777789,-122.839097145125,3.50666467719451));
#2045=CARTESIAN_POINT('Ctrl Pts',(122.74822389396,-125.154093823094,3.45208710439659));
#2046=CARTESIAN_POINT('Ctrl Pts',(123.26614082852,-125.153325059644,3.45208710439659));
#2047=CARTESIAN_POINT('Ctrl Pts',(124.475532054971,-124.732098133955,3.4016445530354));
#2048=CARTESIAN_POINT('Ctrl Pts',(125.062180811636,-123.549993212521,3.25802296521415));
#2049=CARTESIAN_POINT('Ctrl Pts',(125.077057792581,-122.866853512958,3.17417630185323));
#2050=CARTESIAN_POINT('Ctrl Pts',(122.747732803393,-124.823245470352,3.07813065659488));
#2051=CARTESIAN_POINT('Ctrl Pts',(123.183289303816,-124.822598957571,3.07813065659488));
#2052=CARTESIAN_POINT('Ctrl Pts',(124.201284316225,-124.47702633555,3.03588525384615));
#2053=CARTESIAN_POINT('Ctrl Pts',(124.720246324222,-123.481410502189,2.91373371823567));
#2054=CARTESIAN_POINT('Ctrl Pts',(124.743211807373,-122.894609880791,2.84168792651194));
#2055=CARTESIAN_POINT('',(124.743211807373,-122.894609880791,2.84168792651195));
#2056=CARTESIAN_POINT('',(125.744749762999,-122.811340778009,3.83915304669716));
#2057=CARTESIAN_POINT('',(124.743211807373,-122.894609880791,2.84168792651195));
#2058=CARTESIAN_POINT('',(122.749206075094,-125.815790528578,4.2));
#2059=CARTESIAN_POINT('Ctrl Pts',(125.744749762998,-122.811340777292,3.83915305253579));
#2060=CARTESIAN_POINT('Ctrl Pts',(125.746049786465,-123.687158633185,3.94660145917112));
#2061=CARTESIAN_POINT('Ctrl Pts',(125.024027532461,-125.242241730764,4.13316315141389));
#2062=CARTESIAN_POINT('Ctrl Pts',(123.43184387793,-125.814777263791,4.2));
#2063=CARTESIAN_POINT('Ctrl Pts',(122.749206075094,-125.815790528578,4.2));
#2064=CARTESIAN_POINT('',(122.747732803393,-124.823245470352,3.07813065659488));
#2065=CARTESIAN_POINT('',(122.749206075094,-125.815790528578,4.2));
#2066=CARTESIAN_POINT('Ctrl Pts',(122.747732803393,-124.823245470352,3.07813065659488));
#2067=CARTESIAN_POINT('Ctrl Pts',(123.183289303816,-124.822598957571,3.07813065659488));
#2068=CARTESIAN_POINT('Ctrl Pts',(124.201284316225,-124.47702633555,3.03588525384615));
#2069=CARTESIAN_POINT('Ctrl Pts',(124.720246324222,-123.481410502189,2.91373371823567));
#2070=CARTESIAN_POINT('Ctrl Pts',(124.743211807373,-122.894609880791,2.84168792651194));
#2071=CARTESIAN_POINT('Origin',(125.748466134363,-125.315064992323,3.63906532829744));
#2072=CARTESIAN_POINT('',(-122.505501287568,-126.179831250832,4.2));
#2073=CARTESIAN_POINT('',(-122.506974559269,-125.187286192606,3.07813065659488));
#2074=CARTESIAN_POINT('',(-122.505501287568,-126.179831250832,4.2));
#2075=CARTESIAN_POINT('',(125.747729498512,-124.81879246321,3.07813065659488));
#2076=CARTESIAN_POINT('',(125.749202770213,-125.811337521436,4.2));
#2077=CARTESIAN_POINT('Ctrl Pts',(-125.509950989902,-123.184287513831,3.83915305253579));
#2078=CARTESIAN_POINT('Ctrl Pts',(-125.50865099506,-124.060105369767,3.94660145917111));
#2079=CARTESIAN_POINT('Ctrl Pts',(-124.782015249981,-125.613038027332,4.13316313448247));
#2080=CARTESIAN_POINT('Ctrl Pts',(-123.188139090403,-126.180844515619,4.2));
#2081=CARTESIAN_POINT('Ctrl Pts',(-122.505501287568,-126.179831250832,4.2));
#2082=CARTESIAN_POINT('Ctrl Pts',(-125.176024076343,-123.21105268141,3.50666467719451));
#2083=CARTESIAN_POINT('Ctrl Pts',(-125.16692161369,-123.99050787162,3.60231221219263));
#2084=CARTESIAN_POINT('Ctrl Pts',(-124.508525969664,-125.35715322021,3.76740383727616));
#2085=CARTESIAN_POINT('Ctrl Pts',(-123.106269746833,-125.849873912208,3.82604355219829));
#2086=CARTESIAN_POINT('Ctrl Pts',(-122.505992378135,-125.84898289809,3.82604355219829));
#2087=CARTESIAN_POINT('Ctrl Pts',(-124.842097162783,-123.237817848988,3.17417630185322));
#2088=CARTESIAN_POINT('Ctrl Pts',(-124.82519223232,-123.920910373473,3.25802296521415));
#2089=CARTESIAN_POINT('Ctrl Pts',(-124.235036689347,-125.101268413088,3.40164454006984));
#2090=CARTESIAN_POINT('Ctrl Pts',(-123.024400403262,-125.518903308798,3.45208710439658));
#2091=CARTESIAN_POINT('Ctrl Pts',(-122.506483468702,-125.518134545348,3.45208710439658));
#2092=CARTESIAN_POINT('Ctrl Pts',(-124.508170249223,-123.264583016567,2.84168792651194));
#2093=CARTESIAN_POINT('Ctrl Pts',(-124.48346285095,-123.851312875326,2.91373371823566));
#2094=CARTESIAN_POINT('Ctrl Pts',(-123.961547409031,-124.845383605966,3.03588524286352));
#2095=CARTESIAN_POINT('Ctrl Pts',(-122.942531059691,-125.187932705388,3.07813065659487));
#2096=CARTESIAN_POINT('Ctrl Pts',(-122.506974559269,-125.187286192606,3.07813065659487));
#2097=CARTESIAN_POINT('',(-125.509950989901,-123.184287514548,3.83915304669715));
#2098=CARTESIAN_POINT('',(-124.508170249223,-123.264583016567,2.84168792651195));
#2099=CARTESIAN_POINT('',(-125.509950989901,-123.184287514548,3.83915304669715));
#2100=CARTESIAN_POINT('Ctrl Pts',(-124.508170249223,-123.264583016567,2.84168792651194));
#2101=CARTESIAN_POINT('Ctrl Pts',(-124.48346285095,-123.851312875326,2.91373371823566));
#2102=CARTESIAN_POINT('Ctrl Pts',(-123.961547409031,-124.845383605966,3.03588524286352));
#2103=CARTESIAN_POINT('Ctrl Pts',(-122.942531059691,-125.187932705388,3.07813065659487));
#2104=CARTESIAN_POINT('Ctrl Pts',(-122.506974559269,-125.187286192606,3.07813065659487));
#2105=CARTESIAN_POINT('Ctrl Pts',(-122.505501287568,-126.179831250832,4.2));
#2106=CARTESIAN_POINT('Ctrl Pts',(-123.188139090403,-126.180844515619,4.2));
#2107=CARTESIAN_POINT('Ctrl Pts',(-124.782015249981,-125.613038027332,4.13316313448247));
#2108=CARTESIAN_POINT('Ctrl Pts',(-125.50865099506,-124.060105369767,3.94660145917111));
#2109=CARTESIAN_POINT('Ctrl Pts',(-125.509950989902,-123.184287513831,3.83915305253579));
#2110=CARTESIAN_POINT('Origin',(125.042920471937,13.1609436425206,0.7));
#2111=CARTESIAN_POINT('',(125.543010706985,13.1005232576056,1.2));
#2112=CARTESIAN_POINT('',(125.712845151536,-101.317162600828,1.2));
#2113=CARTESIAN_POINT('',(125.542919921123,13.1616858103777,1.2));
#2114=CARTESIAN_POINT('',(125.712845151536,-101.317162600828,1.2));
#2115=CARTESIAN_POINT('',(124.54292102275,13.1602014746635,0.200000000000003));
#2116=CARTESIAN_POINT('Origin',(125.1296392231,-45.2615916380366,-6.18661228865112));
#2117=CARTESIAN_POINT('',(125.744568868052,-122.689471617166,3.82419246893268));
#2118=CARTESIAN_POINT('',(125.629548224777,-45.1999148656042,-5.69033921283046));
#2119=CARTESIAN_POINT('',(124.744750864697,-122.81282516203,2.83164631729136));
#2120=CARTESIAN_POINT('',(125.744568868052,-122.689471617166,3.82419246893268));
#2121=CARTESIAN_POINT('',(124.629730221423,-45.323268410469,-6.68288536447178));
#2122=CARTESIAN_POINT('Origin',(125.024338863074,25.6793976655008,2.24082948640666));
#2123=CARTESIAN_POINT('',(125.511286990469,34.4728322739427,3.82419246893267));
#2124=CARTESIAN_POINT('',(124.511107197077,34.5932171473791,2.83164631729135));
#2125=CARTESIAN_POINT('',(125.52442875977,25.6192052287826,2.73710256222732));
#2126=CARTESIAN_POINT('Ctrl Pts',(125.744749762998,-122.811340777292,3.8391530525358));
#2127=CARTESIAN_POINT('Ctrl Pts',(125.744689399287,-122.77067366713,3.83416386881297));
#2128=CARTESIAN_POINT('Ctrl Pts',(125.744629133784,-122.730072719019,3.82917766288773));
#2129=CARTESIAN_POINT('Ctrl Pts',(125.744568868052,-122.689471617166,3.82419246893268));
#2130=CARTESIAN_POINT('Ctrl Pts',(125.410903777789,-122.839097145125,3.50666467719452));
#2131=CARTESIAN_POINT('Ctrl Pts',(125.411218989679,-122.802903375936,3.50222344684291));
#2132=CARTESIAN_POINT('Ctrl Pts',(125.411349869259,-122.766746335226,3.49778326198816));
#2133=CARTESIAN_POINT('Ctrl Pts',(125.411296200267,-122.730589465454,3.49334375171891));
#2134=CARTESIAN_POINT('Ctrl Pts',(125.077057792581,-122.866853512958,3.17417630185323));
#2135=CARTESIAN_POINT('Ctrl Pts',(125.07774858007,-122.835133084742,3.17028302487284));
#2136=CARTESIAN_POINT('Ctrl Pts',(125.078070604735,-122.803419951433,3.16638886108859));
#2137=CARTESIAN_POINT('Ctrl Pts',(125.078023532482,-122.771707313742,3.16249503450513));
#2138=CARTESIAN_POINT('Ctrl Pts',(124.743211807373,-122.894609880791,2.84168792651195));
#2139=CARTESIAN_POINT('Ctrl Pts',(124.744278170461,-122.867362793548,2.83834260290278));
#2140=CARTESIAN_POINT('Ctrl Pts',(124.74479134021,-122.84009356764,2.83499446018902));
#2141=CARTESIAN_POINT('Ctrl Pts',(124.744750864698,-122.81282516203,2.83164631729135));
#2142=CARTESIAN_POINT('Ctrl Pts',(125.744568868052,-122.689471617166,3.82419246893268));
#2143=CARTESIAN_POINT('Ctrl Pts',(125.744629133784,-122.730072719019,3.82917766288773));
#2144=CARTESIAN_POINT('Ctrl Pts',(125.744689399287,-122.77067366713,3.83416386881297));
#2145=CARTESIAN_POINT('Ctrl Pts',(125.744749762998,-122.811340777292,3.8391530525358));
#2146=CARTESIAN_POINT('Ctrl Pts',(124.743211807373,-122.894609880791,2.84168792651195));
#2147=CARTESIAN_POINT('Ctrl Pts',(124.744278170461,-122.867362793548,2.83834260290278));
#2148=CARTESIAN_POINT('Ctrl Pts',(124.74479134021,-122.84009356764,2.83499446018902));
#2149=CARTESIAN_POINT('Ctrl Pts',(124.744750864698,-122.81282516203,2.83164631729135));
#2150=CARTESIAN_POINT('Ctrl Pts',(-125.510131884849,-123.062418353705,3.82419246893268));
#2151=CARTESIAN_POINT('Ctrl Pts',(-125.510071619117,-123.103019455558,3.82917766288772));
#2152=CARTESIAN_POINT('Ctrl Pts',(-125.510011353613,-123.143620403669,3.83416386881296));
#2153=CARTESIAN_POINT('Ctrl Pts',(-125.509950989902,-123.184287513831,3.8391530525358));
#2154=CARTESIAN_POINT('Ctrl Pts',(-125.176738620385,-123.10254664485,3.4933437517189));
#2155=CARTESIAN_POINT('Ctrl Pts',(-125.176684951392,-123.138703514622,3.49778326198816));
#2156=CARTESIAN_POINT('Ctrl Pts',(-125.176446734133,-123.174860007468,3.5022234468429));
#2157=CARTESIAN_POINT('Ctrl Pts',(-125.176024076343,-123.21105268141,3.50666467719451));
#2158=CARTESIAN_POINT('Ctrl Pts',(-124.843345355921,-123.142674935996,3.16249503450513));
#2159=CARTESIAN_POINT('Ctrl Pts',(-124.843298283668,-123.174387573686,3.16638886108859));
#2160=CARTESIAN_POINT('Ctrl Pts',(-124.842882114653,-123.206099611267,3.17028302487284));
#2161=CARTESIAN_POINT('Ctrl Pts',(-124.842097162783,-123.237817848988,3.17417630185323));
#2162=CARTESIAN_POINT('Ctrl Pts',(-124.509952091457,-123.182803227141,2.83164631729135));
#2163=CARTESIAN_POINT('Ctrl Pts',(-124.509911615944,-123.21007163275,2.83499446018902));
#2164=CARTESIAN_POINT('Ctrl Pts',(-124.509317495173,-123.237339215066,2.83834260290278));
#2165=CARTESIAN_POINT('Ctrl Pts',(-124.508170249223,-123.264583016567,2.84168792651195));
#2166=CARTESIAN_POINT('Ctrl Pts',(-125.509950989902,-123.184287513831,3.8391530525358));
#2167=CARTESIAN_POINT('Ctrl Pts',(-125.510011353613,-123.143620403669,3.83416386881296));
#2168=CARTESIAN_POINT('Ctrl Pts',(-125.510071619117,-123.103019455558,3.82917766288772));
#2169=CARTESIAN_POINT('Ctrl Pts',(-125.510131884849,-123.062418353705,3.82419246893268));
#2170=CARTESIAN_POINT('Ctrl Pts',(-124.509952091457,-123.182803227141,2.83164631729135));
#2171=CARTESIAN_POINT('Ctrl Pts',(-124.509911615944,-123.21007163275,2.83499446018902));
#2172=CARTESIAN_POINT('Ctrl Pts',(-124.509317495173,-123.237339215066,2.83834260290278));
#2173=CARTESIAN_POINT('Ctrl Pts',(-124.508170249223,-123.264583016567,2.84168792651195));
#2174=CARTESIAN_POINT('Ctrl Pts',(125.511106095523,34.5947014340695,3.83915305253578));
#2175=CARTESIAN_POINT('Ctrl Pts',(125.510131099391,35.251564826021,3.91973935751228));
#2176=CARTESIAN_POINT('Ctrl Pts',(124.985305699632,36.8130261473692,4.10837767896652));
#2177=CARTESIAN_POINT('Ctrl Pts',(123.416840130302,37.5915961907859,4.2));
#2178=CARTESIAN_POINT('Ctrl Pts',(122.506656393188,37.5902451710701,4.2));
#2179=CARTESIAN_POINT('Ctrl Pts',(125.177179181963,34.6214666016479,3.5066646771945));
#2180=CARTESIAN_POINT('Ctrl Pts',(125.170352334973,35.2060579943055,3.5784003284431));
#2181=CARTESIAN_POINT('Ctrl Pts',(124.689479702637,36.5844621243299,3.74561422102774));
#2182=CARTESIAN_POINT('Ctrl Pts',(123.307517308686,37.2605848371526,3.82604355219829));
#2183=CARTESIAN_POINT('Ctrl Pts',(122.507147483755,37.2593968183282,3.82604355219829));
#2184=CARTESIAN_POINT('Ctrl Pts',(124.843252268403,34.6482317692263,3.17417630185322));
#2185=CARTESIAN_POINT('Ctrl Pts',(124.830573570556,35.1605511625899,3.23706129937391));
#2186=CARTESIAN_POINT('Ctrl Pts',(124.393653705643,36.3558981012905,3.38285076308896));
#2187=CARTESIAN_POINT('Ctrl Pts',(123.198194487069,36.9295734835194,3.45208710439659));
#2188=CARTESIAN_POINT('Ctrl Pts',(122.507638574322,36.9285484655862,3.45208710439659));
#2189=CARTESIAN_POINT('Ctrl Pts',(124.509325354843,34.6749969368047,2.84168792651194));
#2190=CARTESIAN_POINT('Ctrl Pts',(124.490794806139,35.1150443308743,2.89572227030473));
#2191=CARTESIAN_POINT('Ctrl Pts',(124.097827708648,36.1273340782512,3.02008730515017));
#2192=CARTESIAN_POINT('Ctrl Pts',(123.088871665452,36.5985621298861,3.07813065659488));
#2193=CARTESIAN_POINT('Ctrl Pts',(122.508129664889,36.5977001128443,3.07813065659488));
#2194=CARTESIAN_POINT('',(125.511106095522,34.5947014347859,3.83915304669714));
#2195=CARTESIAN_POINT('',(125.511106095522,34.5947014347859,3.83915304669714));
#2196=CARTESIAN_POINT('',(122.506656393188,37.5902451710701,4.2));
#2197=CARTESIAN_POINT('',(122.508129664889,36.5977001128443,3.07813065659488));
#2198=CARTESIAN_POINT('Ctrl Pts',(122.506656393188,37.5902451710701,4.2));
#2199=CARTESIAN_POINT('Ctrl Pts',(123.416840130302,37.5915961907859,4.2));
#2200=CARTESIAN_POINT('Ctrl Pts',(124.985305699632,36.8130261473692,4.10837767896652));
#2201=CARTESIAN_POINT('Ctrl Pts',(125.510131099391,35.251564826021,3.91973935751228));
#2202=CARTESIAN_POINT('Ctrl Pts',(125.511106095523,34.5947014340695,3.83915305253578));
#2203=CARTESIAN_POINT('Origin',(125.507389724158,37.0984256490998,3.63906532829744));
#2204=CARTESIAN_POINT('',(-122.746577697773,36.2336593905904,3.07813065659487));
#2205=CARTESIAN_POINT('',(-122.748050969474,37.2262044488162,4.2));
#2206=CARTESIAN_POINT('',(-122.746577697773,36.2336593905904,3.07813065659487));
#2207=CARTESIAN_POINT('',(125.506653088307,37.5946981782127,4.2));
#2208=CARTESIAN_POINT('',(125.508126360008,36.6021531199869,3.07813065659487));
#2209=CARTESIAN_POINT('Ctrl Pts',(-122.748050969474,37.2262044488162,4.20000000000001));
#2210=CARTESIAN_POINT('Ctrl Pts',(-123.430688772309,37.2251911840294,4.20000000000001));
#2211=CARTESIAN_POINT('Ctrl Pts',(-125.023021870303,36.652800229945,4.13318031526865));
#2212=CARTESIAN_POINT('Ctrl Pts',(-125.744894680844,35.0975725534233,3.94660145917111));
#2213=CARTESIAN_POINT('Ctrl Pts',(-125.743594657378,34.2217546975304,3.83915305253579));
#2214=CARTESIAN_POINT('Ctrl Pts',(-122.747559878907,36.8953560960743,3.8260435521983));
#2215=CARTESIAN_POINT('Ctrl Pts',(-123.347837247605,36.8944650819559,3.8260435521983));
#2216=CARTESIAN_POINT('Ctrl Pts',(-124.748747286358,36.3977104292402,3.76741900592611));
#2217=CARTESIAN_POINT('Ctrl Pts',(-125.40296019343,35.0289898430913,3.60231221219263));
#2218=CARTESIAN_POINT('Ctrl Pts',(-125.409748672169,34.2495110653633,3.5066646771945));
#2219=CARTESIAN_POINT('Ctrl Pts',(-122.74706878834,36.5645077433324,3.45208710439659));
#2220=CARTESIAN_POINT('Ctrl Pts',(-123.2649857229,36.5637389798825,3.45208710439659));
#2221=CARTESIAN_POINT('Ctrl Pts',(-124.474472702412,36.1426206285353,3.40165769658357));
#2222=CARTESIAN_POINT('Ctrl Pts',(-125.061025706016,34.9604071327593,3.25802296521415));
#2223=CARTESIAN_POINT('Ctrl Pts',(-125.075902686961,34.2772674331963,3.17417630185322));
#2224=CARTESIAN_POINT('Ctrl Pts',(-122.746577697773,36.2336593905904,3.07813065659488));
#2225=CARTESIAN_POINT('Ctrl Pts',(-123.182134198195,36.2330128778091,3.07813065659488));
#2226=CARTESIAN_POINT('Ctrl Pts',(-124.200198118467,35.8875308278304,3.03589638724104));
#2227=CARTESIAN_POINT('Ctrl Pts',(-124.719091218602,34.8918244224272,2.91373371823566));
#2228=CARTESIAN_POINT('Ctrl Pts',(-124.742056701752,34.3050238010292,2.84168792651194));
#2229=CARTESIAN_POINT('',(-124.742056701752,34.3050238010293,2.84168792651194));
#2230=CARTESIAN_POINT('',(-125.743594657379,34.2217546982468,3.83915304669715));
#2231=CARTESIAN_POINT('',(-124.742056701752,34.3050238010293,2.84168792651194));
#2232=CARTESIAN_POINT('Ctrl Pts',(-125.743594657378,34.2217546975304,3.83915305253579));
#2233=CARTESIAN_POINT('Ctrl Pts',(-125.744894680844,35.0975725534233,3.94660145917111));
#2234=CARTESIAN_POINT('Ctrl Pts',(-125.023021870303,36.652800229945,4.13318031526865));
#2235=CARTESIAN_POINT('Ctrl Pts',(-123.430688772309,37.2251911840294,4.20000000000001));
#2236=CARTESIAN_POINT('Ctrl Pts',(-122.748050969474,37.2262044488162,4.20000000000001));
#2237=CARTESIAN_POINT('Ctrl Pts',(-122.746577697773,36.2336593905904,3.07813065659488));
#2238=CARTESIAN_POINT('Ctrl Pts',(-123.182134198195,36.2330128778091,3.07813065659488));
#2239=CARTESIAN_POINT('Ctrl Pts',(-124.200198118467,35.8875308278304,3.03589638724104));
#2240=CARTESIAN_POINT('Ctrl Pts',(-124.719091218602,34.8918244224272,2.91373371823566));
#2241=CARTESIAN_POINT('Ctrl Pts',(-124.742056701752,34.3050238010292,2.84168792651194));
#2242=CARTESIAN_POINT('Ctrl Pts',(125.511286990469,34.4728322739427,3.82419246893267));
#2243=CARTESIAN_POINT('Ctrl Pts',(125.511226724737,34.513433375796,3.82917766288772));
#2244=CARTESIAN_POINT('Ctrl Pts',(125.511166459233,34.5540343239069,3.83416386881296));
#2245=CARTESIAN_POINT('Ctrl Pts',(125.511106095523,34.5947014340696,3.83915305253579));
#2246=CARTESIAN_POINT('Ctrl Pts',(125.177893726005,34.5129605650882,3.4933437517189));
#2247=CARTESIAN_POINT('Ctrl Pts',(125.177840057013,34.5491174348601,3.49778326198815));
#2248=CARTESIAN_POINT('Ctrl Pts',(125.177601839753,34.5852739277058,3.5022234468429));
#2249=CARTESIAN_POINT('Ctrl Pts',(125.177179181963,34.621466601648,3.50666467719451));
#2250=CARTESIAN_POINT('Ctrl Pts',(124.844500461541,34.5530888562337,3.16249503450512));
#2251=CARTESIAN_POINT('Ctrl Pts',(124.844453389288,34.5848014939243,3.16638886108858));
#2252=CARTESIAN_POINT('Ctrl Pts',(124.844037220273,34.6165135315047,3.17028302487284));
#2253=CARTESIAN_POINT('Ctrl Pts',(124.843252268403,34.6482317692263,3.17417630185323));
#2254=CARTESIAN_POINT('Ctrl Pts',(124.511107197077,34.5932171473791,2.83164631729135));
#2255=CARTESIAN_POINT('Ctrl Pts',(124.511066721564,34.6204855529884,2.83499446018901));
#2256=CARTESIAN_POINT('Ctrl Pts',(124.510472600793,34.6477531353036,2.83834260290278));
#2257=CARTESIAN_POINT('Ctrl Pts',(124.509325354843,34.6749969368047,2.84168792651194));
#2258=CARTESIAN_POINT('Ctrl Pts',(125.511106095523,34.5947014340696,3.83915305253579));
#2259=CARTESIAN_POINT('Ctrl Pts',(125.511166459233,34.5540343239069,3.83416386881296));
#2260=CARTESIAN_POINT('Ctrl Pts',(125.511226724737,34.513433375796,3.82917766288772));
#2261=CARTESIAN_POINT('Ctrl Pts',(125.511286990469,34.4728322739427,3.82419246893267));
#2262=CARTESIAN_POINT('Ctrl Pts',(-125.743594657378,34.2217546975304,3.83915305253579));
#2263=CARTESIAN_POINT('Ctrl Pts',(-125.743534293667,34.1810875873677,3.83416386881296));
#2264=CARTESIAN_POINT('Ctrl Pts',(-125.743474028163,34.1404866392569,3.82917766288772));
#2265=CARTESIAN_POINT('Ctrl Pts',(-125.743413762431,34.0998855374036,3.82419246893267));
#2266=CARTESIAN_POINT('Ctrl Pts',(-125.409748672169,34.2495110653634,3.50666467719451));
#2267=CARTESIAN_POINT('Ctrl Pts',(-125.410063884058,34.2133172961737,3.5022234468429));
#2268=CARTESIAN_POINT('Ctrl Pts',(-125.410194763639,34.1771602554638,3.49778326198815));
#2269=CARTESIAN_POINT('Ctrl Pts',(-125.410141094647,34.1410033856919,3.4933437517189));
#2270=CARTESIAN_POINT('Ctrl Pts',(-125.075902686961,34.2772674331963,3.17417630185323));
#2271=CARTESIAN_POINT('Ctrl Pts',(-125.07659347445,34.2455470049797,3.17028302487284));
#2272=CARTESIAN_POINT('Ctrl Pts',(-125.076915499115,34.2138338716708,3.16638886108858));
#2273=CARTESIAN_POINT('Ctrl Pts',(-125.076868426862,34.1821212339801,3.16249503450512));
#2274=CARTESIAN_POINT('Ctrl Pts',(-124.742056701752,34.3050238010293,2.84168792651194));
#2275=CARTESIAN_POINT('Ctrl Pts',(-124.743123064841,34.2777767137856,2.83834260290278));
#2276=CARTESIAN_POINT('Ctrl Pts',(-124.74363623459,34.2505074878777,2.83499446018902));
#2277=CARTESIAN_POINT('Ctrl Pts',(-124.743595759077,34.2232390822684,2.83164631729135));
#2278=CARTESIAN_POINT('Ctrl Pts',(-125.743413762431,34.0998855374036,3.82419246893267));
#2279=CARTESIAN_POINT('Ctrl Pts',(-125.743474028163,34.1404866392569,3.82917766288772));
#2280=CARTESIAN_POINT('Ctrl Pts',(-125.743534293667,34.1810875873677,3.83416386881296));
#2281=CARTESIAN_POINT('Ctrl Pts',(-125.743594657378,34.2217546975304,3.83915305253579));
#2282=CARTESIAN_POINT('Ctrl Pts',(-124.742056701752,34.3050238010293,2.84168792651194));
#2283=CARTESIAN_POINT('Ctrl Pts',(-124.743123064841,34.2777767137856,2.83834260290278));
#2284=CARTESIAN_POINT('Ctrl Pts',(-124.74363623459,34.2505074878777,2.83499446018902));
#2285=CARTESIAN_POINT('Ctrl Pts',(-124.743595759077,34.2232390822684,2.83164631729135));
#2286=CARTESIAN_POINT('Origin',(125.749202770213,-125.811337521436,3.2));
#2287=CARTESIAN_POINT('',(122.749206075094,-125.815790528578,5.6));
#2288=CARTESIAN_POINT('',(122.749206075094,-125.815790528578,4.7));
#2289=CARTESIAN_POINT('',(-122.505501287568,-126.179831250832,5.6));
#2290=CARTESIAN_POINT('',(62.9355275819885,-125.90457420557,5.6));
#2291=CARTESIAN_POINT('',(-122.505501287568,-126.179831250832,4.7));
#2292=CARTESIAN_POINT('Origin',(122.744753067951,-122.815793833459,4.7));
#2293=CARTESIAN_POINT('',(125.744749763071,-122.811340826316,5.6));
#2294=CARTESIAN_POINT('',(125.744749763071,-122.811340826316,4.7));
#2295=CARTESIAN_POINT('Origin',(122.744753067951,-122.815793833459,5.6));
#2296=CARTESIAN_POINT('Origin',(125.542919921123,13.1616858103777,6.2));
#2297=CARTESIAN_POINT('',(125.51110609545,34.5947014830933,5.6));
#2298=CARTESIAN_POINT('',(125.51110609545,34.5947014830933,6.2));
#2299=CARTESIAN_POINT('',(125.585423925191,-15.4733169304237,5.6));
#2300=CARTESIAN_POINT('Origin',(122.511109400331,34.5902484759507,6.2));
#2301=CARTESIAN_POINT('',(122.506656393188,37.5902451710701,5.6));
#2302=CARTESIAN_POINT('',(122.506656393188,37.5902451710701,6.2));
#2303=CARTESIAN_POINT('Origin',(122.511109400331,34.5902484759507,5.6));
#2304=CARTESIAN_POINT('Origin',(125.506653088307,37.5946981782127,3.2));
#2305=CARTESIAN_POINT('Origin',(125.28542425568,-15.473762231138,5.9));
#2306=CARTESIAN_POINT('',(125.144750424047,-122.812231427745,6.2));
#2307=CARTESIAN_POINT('',(125.144750424047,-122.812231427745,6.2));
#2308=CARTESIAN_POINT('',(124.911106756426,34.5938108816648,6.2));
#2309=CARTESIAN_POINT('',(125.51110609545,34.5947014830933,5.6));
#2310=CARTESIAN_POINT('',(124.985424586168,-15.4742075318522,6.2));
#2311=CARTESIAN_POINT('Origin',(122.744753067951,-122.815793833459,5.9));
#2312=CARTESIAN_POINT('',(122.748315473665,-125.215791189554,6.2));
#2313=CARTESIAN_POINT('',(122.748315473665,-125.215791189554,6.2));
#2314=CARTESIAN_POINT('Origin',(122.744753067951,-122.815793833459,6.2));
#2315=CARTESIAN_POINT('Origin',(62.9350822812742,-125.604574536058,5.9));
#2316=CARTESIAN_POINT('',(-122.506391888996,-125.579831911808,6.2));
#2317=CARTESIAN_POINT('',(-122.506391888996,-125.579831911808,6.2));
#2318=CARTESIAN_POINT('',(62.9346369805599,-125.304574866546,6.2));
#2319=CARTESIAN_POINT('Origin',(-122.50995429471,-123.179834555713,5.9));
#2320=CARTESIAN_POINT('',(-124.909951650806,-123.183396961427,6.2));
#2321=CARTESIAN_POINT('',(-125.50995098983,-123.184287562855,5.6));
#2322=CARTESIAN_POINT('',(-124.909951650806,-123.183396961427,6.2));
#2323=CARTESIAN_POINT('Origin',(-122.50995429471,-123.179834555713,5.6));
#2324=CARTESIAN_POINT('Origin',(-122.50995429471,-123.179834555713,6.2));
#2325=CARTESIAN_POINT('Origin',(-125.28426915006,-73.1158238478513,5.9));
#2326=CARTESIAN_POINT('',(-125.143595318426,34.2226453479827,6.2));
#2327=CARTESIAN_POINT('',(-124.984269480548,-73.1153785471371,6.2));
#2328=CARTESIAN_POINT('',(-125.74359465745,34.2217547465542,5.6));
#2329=CARTESIAN_POINT('',(-125.143595318426,34.2226453479827,6.2));
#2330=CARTESIAN_POINT('',(-125.584268819572,-73.1162691485656,5.6));
#2331=CARTESIAN_POINT('Origin',(-122.743597962331,34.2262077536968,5.9));
#2332=CARTESIAN_POINT('',(-122.747160368045,36.6262051097924,6.2));
#2333=CARTESIAN_POINT('',(-122.748050969474,37.2262044488162,5.6));
#2334=CARTESIAN_POINT('',(-122.747160368045,36.6262051097924,6.2));
#2335=CARTESIAN_POINT('Origin',(-122.743597962331,34.2262077536968,5.6));
#2336=CARTESIAN_POINT('Origin',(-122.743597962331,34.2262077536968,6.2));
#2337=CARTESIAN_POINT('Origin',(62.6934232007968,37.201461824566,5.9));
#2338=CARTESIAN_POINT('',(122.507546994616,36.9902458320462,6.2));
#2339=CARTESIAN_POINT('',(62.6938685015111,36.901462155054,6.2));
#2340=CARTESIAN_POINT('',(122.507546994616,36.9902458320462,6.2));
#2341=CARTESIAN_POINT('',(62.6929779000825,37.5014614940779,5.6));
#2342=CARTESIAN_POINT('Origin',(122.511109400331,34.5902484759507,5.9));
#2343=CARTESIAN_POINT('Origin',(122.511109400331,34.5902484759507,6.2));
#2344=CARTESIAN_POINT('Origin',(-122.743597962331,34.2262077536968,6.2));
#2345=CARTESIAN_POINT('',(-125.74359465745,34.2217547465542,6.2));
#2346=CARTESIAN_POINT('',(-122.748050969474,37.2262044488162,6.2));
#2347=CARTESIAN_POINT('Origin',(125.506653088307,37.5946981782127,6.2));
#2348=CARTESIAN_POINT('Origin',(0.000577552810145932,-44.2947930394946,
6.2));
#2349=CARTESIAN_POINT('',(86.1518752300559,-68.6163737295001,6.2));
#2350=CARTESIAN_POINT('',(88.7862640232258,-65.6342822516844,6.2));
#2351=CARTESIAN_POINT('Origin',(89.1518719251753,-68.6119207223575,6.2));
#2352=CARTESIAN_POINT('',(86.1814224836385,-88.5223968412701,6.2));
#2353=CARTESIAN_POINT('',(86.1635634756014,-76.4907599331309,6.2));
#2354=CARTESIAN_POINT('',(83.1817039870939,-91.5268498355137,6.2));
#2355=CARTESIAN_POINT('Origin',(83.1814257885191,-88.5268498484128,6.2));
#2356=CARTESIAN_POINT('',(-83.0920999504819,-91.5422688806719,6.2));
#2357=CARTESIAN_POINT('',(-86.0879280295453,-91.5425466923737,6.2));
#2358=CARTESIAN_POINT('',(-86.092374844176,-88.5467219007136,6.2));
#2359=CARTESIAN_POINT('Origin',(-83.0923781490566,-88.5422688935709,6.2));
#2360=CARTESIAN_POINT('',(-86.1219698886183,-68.6085020248098,6.2));
#2361=CARTESIAN_POINT('',(-86.1259036888386,-65.9582957075447,6.2));
#2362=CARTESIAN_POINT('',(-88.7563586817882,-65.6353165612794,6.2));
#2363=CARTESIAN_POINT('Origin',(-89.1219665837377,-68.6129550319524,6.2));
#2364=CARTESIAN_POINT('',(-114.622982636934,-62.4592956279458,6.2));
#2365=CARTESIAN_POINT('',(-117.600621235863,-62.0936877102485,6.2));
#2366=CARTESIAN_POINT('',(-117.23501318991,-59.116049127067,6.2));
#2367=CARTESIAN_POINT('Origin',(-114.257374734985,-59.4816571572728,6.2));
#2368=CARTESIAN_POINT('',(-110.298627814193,-2.62372366777611,6.2));
#2369=CARTESIAN_POINT('',(-110.000866993116,-0.198656388175313,6.2));
#2370=CARTESIAN_POINT('',(-107.56573200387,0.000668475582220607,6.2));
#2371=CARTESIAN_POINT('Origin',(-107.320989359268,-2.98933169798186,6.2));
#2372=CARTESIAN_POINT('',(-70.1258682968285,3.06526069139988,6.2));
#2373=CARTESIAN_POINT('',(-70.0037446621401,3.07525696550926,6.2));
#2374=CARTESIAN_POINT('Origin',(-69.8811256522265,0.0752605178357965,6.2));
#2375=CARTESIAN_POINT('',(70.179935575517,3.0693126283634,6.2));
#2376=CARTESIAN_POINT('Origin',(69.9351924464473,0.0793124944548454,6.2));
#2377=CARTESIAN_POINT('',(107.619713235742,0.00472134881063922,6.2));
#2378=CARTESIAN_POINT('',(110.054847789785,-0.194603876530859,6.2));
#2379=CARTESIAN_POINT('',(110.352608561597,-2.61967075489215,6.2));
#2380=CARTESIAN_POINT('Origin',(107.374970106672,-2.98527878509791,6.2));
#2381=CARTESIAN_POINT('',(117.289001499331,-59.1120578018759,6.2));
#2382=CARTESIAN_POINT('',(117.654609545285,-62.0896963850574,6.2));
#2383=CARTESIAN_POINT('',(114.676970946356,-62.4553043027547,6.2));
#2384=CARTESIAN_POINT('Origin',(114.311363044406,-59.4776658320817,6.2));
#2385=CARTESIAN_POINT('',(86.1479296463523,-65.9582288643005,6.2));
#2386=CARTESIAN_POINT('',(-110.502890230457,6.80951977383746,6.2));
#2387=CARTESIAN_POINT('Origin',(-111.702890230457,6.80951977383746,6.2));
#2388=CARTESIAN_POINT('',(112.904045336076,-95.3991058528267,6.2));
#2389=CARTESIAN_POINT('Origin',(111.704045336076,-95.3991058528267,6.2));
#2390=CARTESIAN_POINT('',(-110.350686262376,-95.730491189368,6.2));
#2391=CARTESIAN_POINT('Origin',(-111.550686262376,-95.730491189368,6.2));
#2392=CARTESIAN_POINT('',(112.751841367996,7.14090511037869,6.2));
#2393=CARTESIAN_POINT('Origin',(111.551841367996,7.14090511037869,6.2));
#2394=CARTESIAN_POINT('',(-40.5029673443372,6.91342327383224,6.2));
#2395=CARTESIAN_POINT('Origin',(-41.7029673443372,6.91342327383224,6.2));
#2396=CARTESIAN_POINT('',(42.9041224499564,-95.5030093528215,6.2));
#2397=CARTESIAN_POINT('Origin',(41.7041224499564,-95.5030093528215,6.2));
#2398=CARTESIAN_POINT('',(-40.3507633762569,-95.6265876893732,6.2));
#2399=CARTESIAN_POINT('Origin',(-41.5507633762569,-95.6265876893732,6.2));
#2400=CARTESIAN_POINT('',(42.7519184818761,7.03700161038392,6.2));
#2401=CARTESIAN_POINT('Origin',(41.5519184818761,7.03700161038392,6.2));
#2402=CARTESIAN_POINT('Origin',(89.1518719251753,-68.6119207223575,6.2));
#2403=CARTESIAN_POINT('',(86.1518752300559,-68.6163737295001,6.2));
#2404=CARTESIAN_POINT('',(88.7862640232258,-65.6342822516844,6.2));
#2405=CARTESIAN_POINT('Origin',(86.1479296463523,-65.9582288643005,6.2));
#2406=CARTESIAN_POINT('',(114.676970946356,-62.4553043027547,6.2));
#2407=CARTESIAN_POINT('Origin',(-89.1219665837377,-68.6129550319524,6.2));
#2408=CARTESIAN_POINT('',(-88.7563586817882,-65.6353165612794,6.2));
#2409=CARTESIAN_POINT('',(-86.1219698886183,-68.6085020248098,6.2));
#2410=CARTESIAN_POINT('Origin',(-117.600621235863,-62.0936877102485,6.2));
#2411=CARTESIAN_POINT('',(-114.622982636934,-62.4592956279458,6.2));
#2412=CARTESIAN_POINT('Origin',(-69.8811256522265,0.0752605178357965,6.2));
#2413=CARTESIAN_POINT('',(-70.1258682968285,3.06526069139988,6.2));
#2414=CARTESIAN_POINT('Origin',(-70.0037446621401,3.07525696550926,6.2));
#2415=CARTESIAN_POINT('',(-107.56573200387,0.000668475582220607,6.2));
#2416=CARTESIAN_POINT('Origin',(69.9351924464473,0.0793124944548454,6.2));
#2417=CARTESIAN_POINT('',(70.179935575517,3.0693126283634,6.2));
#2418=CARTESIAN_POINT('Origin',(-107.320989359268,-2.98933169798186,6.2));
#2419=CARTESIAN_POINT('',(-110.298627814193,-2.62372366777611,6.2));
#2420=CARTESIAN_POINT('Origin',(-110.000866993116,-0.198656388175313,6.2));
#2421=CARTESIAN_POINT('',(-117.23501318991,-59.116049127067,6.2));
#2422=CARTESIAN_POINT('Origin',(-114.257374734985,-59.4816571572728,6.2));
#2423=CARTESIAN_POINT('Origin',(-83.0923781490566,-88.5422688935709,6.2));
#2424=CARTESIAN_POINT('',(-83.0920999504819,-91.5422688806719,6.2));
#2425=CARTESIAN_POINT('',(-86.092374844176,-88.5467219007136,6.2));
#2426=CARTESIAN_POINT('Origin',(-86.0879280295453,-91.5425466923737,6.2));
#2427=CARTESIAN_POINT('',(83.1817039870939,-91.5268498355137,6.2));
#2428=CARTESIAN_POINT('Origin',(83.1814257885191,-88.5268498484128,6.2));
#2429=CARTESIAN_POINT('',(86.1814224836385,-88.5223968412701,6.2));
#2430=CARTESIAN_POINT('Origin',(86.1858816919168,-91.5265712495261,6.2));
#2431=CARTESIAN_POINT('Origin',(114.311363044406,-59.4776658320817,6.2));
#2432=CARTESIAN_POINT('',(117.289001499331,-59.1120578018759,6.2));
#2433=CARTESIAN_POINT('Origin',(117.654609545285,-62.0896963850574,6.2));
#2434=CARTESIAN_POINT('',(110.352608561597,-2.61967075489216,6.2));
#2435=CARTESIAN_POINT('Origin',(107.374970106672,-2.98527878509791,6.2));
#2436=CARTESIAN_POINT('',(107.619713235742,0.00472134881063957,6.2));
#2437=CARTESIAN_POINT('Origin',(110.054847789785,-0.194603876530859,6.2));
#2438=CARTESIAN_POINT('Origin',(-125.541764815504,-101.751271889367,6.2));
#2439=CARTESIAN_POINT('',(-125.50995098983,-123.184287562855,4.7));
#2440=CARTESIAN_POINT('Origin',(-122.50995429471,-123.179834555713,4.7));
#2441=CARTESIAN_POINT('Origin',(-86.1259036888386,-65.9582957075447,6.2));
#2442=CARTESIAN_POINT('Origin',(125.712935937397,-101.3783251536,0.199999999999998));
#2443=CARTESIAN_POINT('Origin',(-111.702890230457,6.80951977383746,6.2));
#2444=CARTESIAN_POINT('',(-110.502890230457,6.80951977383746,6.2));
#2445=CARTESIAN_POINT('Origin',(111.704045336076,-95.3991058528267,6.2));
#2446=CARTESIAN_POINT('',(112.904045336076,-95.3991058528267,6.2));
#2447=CARTESIAN_POINT('Origin',(-111.550686262376,-95.730491189368,6.2));
#2448=CARTESIAN_POINT('',(-110.350686262376,-95.730491189368,6.2));
#2449=CARTESIAN_POINT('Origin',(111.551841367996,7.14090511037869,6.2));
#2450=CARTESIAN_POINT('',(112.751841367996,7.14090511037869,6.2));
#2451=CARTESIAN_POINT('Origin',(-41.7029673443372,6.91342327383224,6.2));
#2452=CARTESIAN_POINT('',(-40.5029673443372,6.91342327383224,6.2));
#2453=CARTESIAN_POINT('Origin',(41.7041224499564,-95.5030093528215,6.2));
#2454=CARTESIAN_POINT('',(42.9041224499564,-95.5030093528215,6.2));
#2455=CARTESIAN_POINT('Origin',(-41.5507633762569,-95.6265876893732,6.2));
#2456=CARTESIAN_POINT('',(-40.3507633762569,-95.6265876893732,6.2));
#2457=CARTESIAN_POINT('Origin',(41.5519184818761,7.03700161038392,6.2));
#2458=CARTESIAN_POINT('',(42.7519184818761,7.03700161038392,6.2));
#2459=UNCERTAINTY_MEASURE_WITH_UNIT(LENGTH_MEASURE(0.01),#2463,
'DISTANCE_ACCURACY_VALUE',
'Maximum model space distance between geometric entities at asserted c
onnectivities');
#2460=UNCERTAINTY_MEASURE_WITH_UNIT(LENGTH_MEASURE(0.01),#2463,
'DISTANCE_ACCURACY_VALUE',
'Maximum model space distance between geometric entities at asserted c
onnectivities');
#2461=(
GEOMETRIC_REPRESENTATION_CONTEXT(3)
GLOBAL_UNCERTAINTY_ASSIGNED_CONTEXT((#2459))
GLOBAL_UNIT_ASSIGNED_CONTEXT((#2463,#2464,#2465))
REPRESENTATION_CONTEXT('','3D')
);
#2462=(
GEOMETRIC_REPRESENTATION_CONTEXT(3)
GLOBAL_UNCERTAINTY_ASSIGNED_CONTEXT((#2460))
GLOBAL_UNIT_ASSIGNED_CONTEXT((#2463,#2464,#2465))
REPRESENTATION_CONTEXT('','3D')
);
#2463=(
LENGTH_UNIT()
NAMED_UNIT(*)
SI_UNIT(.MILLI.,.METRE.)
);
#2464=(
NAMED_UNIT(*)
PLANE_ANGLE_UNIT()
SI_UNIT($,.RADIAN.)
);
#2465=(
NAMED_UNIT(*)
SI_UNIT($,.STERADIAN.)
SOLID_ANGLE_UNIT()
);
#2466=SHAPE_DEFINITION_REPRESENTATION(#2467,#2468);
#2467=PRODUCT_DEFINITION_SHAPE('',$,#2470);
#2468=SHAPE_REPRESENTATION('',(#1371),#2461);
#2469=PRODUCT_DEFINITION_CONTEXT('part definition',#2474,'design');
#2470=PRODUCT_DEFINITION('draft1','draft1 v18',#2471,#2469);
#2471=PRODUCT_DEFINITION_FORMATION('',$,#2476);
#2472=PRODUCT_RELATED_PRODUCT_CATEGORY('draft1 v18','draft1 v18',(#2476));
#2473=APPLICATION_PROTOCOL_DEFINITION('international standard',
'ap242_managed_model_based_3d_engineering',2011,#2474);
#2474=APPLICATION_CONTEXT('Managed model based 3d engineering');
#2475=PRODUCT_CONTEXT('part definition',#2474,'mechanical');
#2476=PRODUCT('draft1','draft1 v18',$,(#2475));
#2477=PRESENTATION_STYLE_ASSIGNMENT((#2480));
#2478=PRESENTATION_STYLE_ASSIGNMENT((#2481));
#2479=PRESENTATION_STYLE_ASSIGNMENT((#2482));
#2480=SURFACE_STYLE_USAGE(.BOTH.,#2483);
#2481=SURFACE_STYLE_USAGE(.BOTH.,#2484);
#2482=SURFACE_STYLE_USAGE(.BOTH.,#2485);
#2483=SURFACE_SIDE_STYLE('',(#2486));
#2484=SURFACE_SIDE_STYLE('',(#2487));
#2485=SURFACE_SIDE_STYLE('',(#2488));
#2486=SURFACE_STYLE_FILL_AREA(#2489);
#2487=SURFACE_STYLE_FILL_AREA(#2490);
#2488=SURFACE_STYLE_FILL_AREA(#2491);
#2489=FILL_AREA_STYLE('Steel - Satin',(#2492));
#2490=FILL_AREA_STYLE('Aluminum - Anodized Glossy (Green)',(#2493));
#2491=FILL_AREA_STYLE('Brass - Polished',(#2494));
#2492=FILL_AREA_STYLE_COLOUR('Steel - Satin',#2495);
#2493=FILL_AREA_STYLE_COLOUR('Aluminum - Anodized Glossy (Green)',#2496);
#2494=FILL_AREA_STYLE_COLOUR('Brass - Polished',#2497);
#2495=COLOUR_RGB('Steel - Satin',0.627450980392157,0.627450980392157,0.627450980392157);
#2496=COLOUR_RGB('Aluminum - Anodized Glossy (Green)',0.,0.533333333333333,
0.309803921568627);
#2497=COLOUR_RGB('Brass - Polished',0.952941176470588,0.796078431372549,
0.486274509803922);
ENDSEC;
END-ISO-10303-21;
